processor,campaign,rank_msa,band,MSA_percent_n,MSA_percent_median,MSA_percent_q25,MSA_percent_q75,MSA_percent_min,MSA_percent_max,SB_percent_n,SB_percent_median,SB_percent_q25,SB_percent_q75,SB_percent_min,SB_percent_max,MAE_n,MAE_median,MAE_q25,MAE_q75,MAE_min,MAE_max,RMSE_n,RMSE_median,RMSE_q25,RMSE_q75,RMSE_min,RMSE_max,SAM_deg_n,SAM_deg_median,SAM_deg_q25,SAM_deg_q75,SAM_deg_min,SAM_deg_max
Polymer+T-Mart,20230610_CST,1,443,690,25.19,17.31,32.917500000000004,1.01,62.28,690,25.19,17.31,32.917500000000004,-2.28,62.28,690,0.00098833283910115,0.000655439855865275,0.001246642939154725,3.500903717273138e-05,0.0021953300145281,690,0.00098833283910115,0.000655439855865275,0.001246642939154725,3.500903717273138e-05,0.0021953300145281,0,,,,,
C2RCC+RAdCor,20230610_CST,2,443,690,39.295,21.4325,65.8625,2.61,94.38,690,39.295,21.4325,65.8625,2.61,94.38,690,0.0015519991861113,0.000802682797039925,0.002510001444570475,0.000124904661841,0.0033042420569947,690,0.0015519991861113,0.000802682797039925,0.002510001444570475,0.000124904661841,0.0033042420569947,0,,,,,
C2RCC,20230610_CST,3,443,690,39.71,20.6925,67.20750000000001,0.32,102.05,690,39.71,20.6925,67.20750000000001,-0.36,102.05,690,0.0015638272161993,0.0007613865014937751,0.002579160941391525,1.5335858108733377e-05,0.0031708020445013,690,0.0015638272161993,0.0007613865014937751,0.002579160941391525,1.5335858108733377e-05,0.0031708020445013,0,,,,,
Polymer+Radcor,20230610_CST,4,443,690,42.14,30.7575,53.6,9.87,81.46,690,42.14,30.7575,53.6,9.87,81.46,690,0.0017235764234557,0.0011678883000549,0.0020357816212416002,0.0003458919958302,0.0028715833682812,690,0.0017235764234557,0.0011678883000549,0.0020357816212416002,0.0003458919958302,0.0028715833682812,0,,,,,
Polymer,20230610_CST,5,443,690,45.43,33.8375,56.9375,10.08,86.11,690,45.43,33.8375,56.9375,10.08,86.11,690,0.0018593676068344,0.00129091764288345,0.002157332768985475,0.0004321226152017,0.0029227106080391,690,0.0018593676068344,0.00129091764288345,0.002157332768985475,0.0004321226152017,0.0029227106080391,0,,,,,
C2RCC+T-Mart,20230610_CST,6,443,690,61.96,24.634999999999998,97.14,3.16,255.01,690,61.96,24.634999999999998,97.14,3.16,255.01,690,0.0023128608883744,0.0009388518122144,0.00353466778441925,0.0001584598598432,0.010385722785997,690,0.0023128608883744,0.0009388518122144,0.00353466778441925,0.0001584598598432,0.010385722785997,0,,,,,
GAAC,20230610_CST,7,443,690,62.41,29.895,115.7825,0.37,160.99,690,62.41,29.895,115.7825,-10.15,160.99,690,0.00262672402301015,0.001119754994841425,0.004311784210737975,1.757961651883619e-05,0.0054051987593168,690,0.00262672402301015,0.001119754994841425,0.004311784210737975,1.757961651883619e-05,0.0054051987593168,0,,,,,
ACOLITE,20230610_CST,8,443,690,91.86500000000001,63.3975,114.1075,1.55,179.61,690,91.86500000000001,63.3975,114.1075,-47.12,179.61,690,0.0032844831549044,0.00266915573832175,0.004325033070958325,6.759843851256338e-05,0.0054015898812022,690,0.0032844831549044,0.00266915573832175,0.004325033070958325,6.759843851256338e-05,0.0054015898812022,0,,,,,
RAdCor+ACOLITE,20230610_CST,9,443,690,96.805,68.0675,118.22999999999999,0.29,176.84,690,96.805,68.0675,118.22999999999999,-1.58,176.84,690,0.00335451214652605,0.0028483105010102747,0.0046295627337028245,1.3446424290180538e-05,0.0053939695967583,690,0.00335451214652605,0.0028483105010102747,0.0046295627337028245,1.3446424290180538e-05,0.0053939695967583,0,,,,,
ACOLITE+T-Mart,20230610_CST,10,443,690,121.6,99.58250000000001,141.74,47.11,204.2,690,121.6,99.58250000000001,141.74,47.11,204.2,690,0.0044152702467734,0.004010551011571225,0.005212106078133501,0.0023612831566345,0.0083164717094011,690,0.0044152702467734,0.004010551011571225,0.005212106078133501,0.0023612831566345,0.0083164717094011,0,,,,,
ACOLITE+RAdCor,20230610_CST,11,443,690,202.28,178.16,227.51,126.38,294.74,690,202.28,178.16,227.51,126.38,294.74,690,0.0077165640541007,0.007112406024596725,0.0084285425516245,0.0063519897817945,0.0091045191615643,690,0.0077165640541007,0.007112406024596725,0.0084285425516245,0.0063519897817945,0.0091045191615643,0,,,,,
Polymer+T-Mart,20230610_CST,1,490,690,6.9350000000000005,3.34,11.8675,0.02,30.79,690,6.720000000000001,1.8,11.8425,-12.13,30.79,690,0.00041667981903385,0.00020237927063260002,0.0006519018663205,1.0863278418239697e-06,0.0016591583622788,690,0.00041667981903385,0.00020237927063260002,0.0006519018663205,1.0863278418239697e-06,0.0016591583622788,0,,,,,
Polymer+Radcor,20230610_CST,2,490,690,18.835,9.53,30.035,0.14,51.33,690,18.835,9.53,30.035,-4.71,51.33,690,0.00118195906907785,0.00054567828375275,0.0016816019696529751,7.368541001462163e-06,0.0026095138612973,690,0.00118195906907785,0.00054567828375275,0.0016816019696529751,7.368541001462163e-06,0.0026095138612973,0,,,,,
Polymer,20230610_CST,3,490,690,20.675,10.62,32.935,0.06,54.25,690,20.675,10.62,32.935,-5.7,54.25,690,0.00127509371596495,0.000614809790464275,0.001855901187684175,3.414368295625962e-06,0.0025829681279494,690,0.00127509371596495,0.000614809790464275,0.001855901187684175,3.414368295625962e-06,0.0025829681279494,0,,,,,
ACOLITE,20230610_CST,4,490,690,27.759999999999998,15.545,67.38,0.04,110.58,690,27.759999999999998,15.545,67.38,-14.98,110.58,690,0.00150069945277935,0.0009735387256262,0.003768543819547525,2.9279191520216463e-06,0.0047802997519893,690,0.00150069945277935,0.0009735387256262,0.003768543819547525,2.9279191520216463e-06,0.0047802997519893,0,,,,,
C2RCC,20230610_CST,5,490,690,29.189999999999998,12.185,50.87,0.06,76.95,690,29.189999999999998,12.185,50.87,-5.54,76.95,690,0.0016438385186428,0.000734815119055825,0.0028216791440308503,4.365931066094113e-06,0.0035241047554521,690,0.0016438385186428,0.000734815119055825,0.0028216791440308503,4.365931066094113e-06,0.0035241047554521,0,,,,,
RAdCor+ACOLITE,20230610_CST,6,490,690,29.655,17.564999999999998,69.535,0.08,108.48,690,29.655,17.564999999999998,69.535,-6.31,108.48,690,0.0015543603243391999,0.00104198881839295,0.003947668676537575,5.579986999511982e-06,0.0047223033665928,690,0.0015543603243391999,0.00104198881839295,0.003947668676537575,5.579986999511982e-06,0.0047223033665928,0,,,,,
C2RCC+RAdCor,20230610_CST,7,490,690,29.785,12.155000000000001,48.495,0.06,72.82,690,29.785,12.155000000000001,48.495,-3.52,72.82,690,0.0017177913246641,0.000727680234784325,0.002702246043891925,4.085235603895794e-06,0.0036751509501364,690,0.0017177913246641,0.000727680234784325,0.002702246043891925,4.085235603895794e-06,0.0036751509501364,0,,,,,
GAAC,20230610_CST,8,490,690,34.675,6.1275,61.62,0.06,89.76,690,23.655,-5.7325,61.62,-34.5,89.76,690,0.00213857902693515,0.000328751950948375,0.00333923964347905,3.3033694699403926e-06,0.0044392344890525,690,0.00213857902693515,0.000328751950948375,0.00333923964347905,3.3033694699403926e-06,0.0044392344890525,0,,,,,
C2RCC+T-Mart,20230610_CST,9,490,690,41.81,10.504999999999999,83.8175,0.09,200.2,690,41.81,10.504999999999999,83.8175,-6.64,200.2,690,0.00259235315218,0.0006195715155079249,0.004237841771950875,6.566528188383172e-06,0.012403873250215,690,0.00259235315218,0.0006195715155079249,0.004237841771950875,6.566528188383172e-06,0.012403873250215,0,,,,,
ACOLITE+T-Mart,20230610_CST,10,490,690,50.915,32.3,84.70500000000001,9.8,119.76,690,50.915,32.3,84.70500000000001,9.8,119.76,690,0.0032083293750543498,0.0019039109701992,0.0045420396739531,0.000723968742712,0.0074197884264616,690,0.0032083293750543498,0.0019039109701992,0.0045420396739531,0.000723968742712,0.0074197884264616,0,,,,,
ACOLITE+RAdCor,20230610_CST,11,490,690,102.845,88.92,115.81,58.05,150.31,690,102.845,88.92,115.81,58.05,150.31,690,0.00582352514182615,0.0055299615847866,0.0061314994487408,0.0044088309193849,0.0073199629292354,690,0.00582352514182615,0.0055299615847866,0.0061314994487408,0.0044088309193849,0.0073199629292354,0,,,,,
Polymer,20230610_CST,1,560,690,3.915,1.8325,7.137499999999999,0.01,22.42,690,-1.91,-5.9975000000000005,1.6749999999999998,-22.42,15.79,690,0.00027372859343155,0.000122672190679125,0.0005142376961548249,4.520461734762449e-07,0.0017870766407273,690,0.00027372859343155,0.000122672190679125,0.0005142376961548249,4.520461734762449e-07,0.0017870766407273,0,,,,,
Polymer+Radcor,20230610_CST,2,560,690,4.405,2.05,7.73,0.01,23.32,690,-3.2350000000000003,-6.985,-0.1925,-23.32,14.63,690,0.00029357879713804997,0.0001389126161343,0.00052737956787985,4.977804515093193e-07,0.0018450982676688,690,0.00029357879713804997,0.0001389126161343,0.00052737956787985,4.977804515093193e-07,0.0018450982676688,0,,,,,
RAdCor+ACOLITE,20230610_CST,3,560,690,9.5,3.5324999999999998,28.355,0.01,48.09,690,8.375,1.5925,28.355,-16.54,48.09,690,0.0007489760406553,0.000250861441554225,0.001949936031088275,4.598409850597661e-07,0.003008664233778,690,0.0007489760406553,0.000250861441554225,0.001949936031088275,4.598409850597661e-07,0.003008664233778,0,,,,,
ACOLITE,20230610_CST,4,560,690,9.844999999999999,3.5,32.254999999999995,0.0,54.5,690,8.420000000000002,1.04,32.254999999999995,-17.51,54.5,690,0.00076820539676185,0.00025205531763740005,0.002181863014941875,3.478845190998253e-07,0.0032314440442066,690,0.00076820539676185,0.00025205531763740005,0.002181863014941875,3.478845190998253e-07,0.0032314440442066,0,,,,,
Polymer+T-Mart,20230610_CST,5,560,690,15.635,8.51,25.095,0.02,48.04,690,-15.635,-25.095,-8.51,-48.04,6.87,690,0.0009948691949556,0.0005473226854512,0.001434636887362,1.360188481406427e-06,0.0028878586124412,690,0.0009948691949556,0.0005473226854512,0.001434636887362,1.360188481406427e-06,0.0028878586124412,0,,,,,
C2RCC+RAdCor,20230610_CST,6,560,690,15.735,6.574999999999999,32.644999999999996,0.0,55.29,690,-15.735,-32.644999999999996,-6.055,-55.29,11.74,690,0.0010434546106788,0.00041961337943725,0.0017568564667701,1.473236095062003e-07,0.003474260838869,690,0.0010434546106788,0.00041961337943725,0.0017568564667701,1.473236095062003e-07,0.003474260838869,0,,,,,
C2RCC,20230610_CST,7,560,690,17.505000000000003,4.88,33.965,0.05,57.65,690,-17.505000000000003,-33.965,-4.1674999999999995,-57.65,11.71,690,0.0011134038196377,0.00032241999429875,0.0018061555739765,2.796524301490466e-06,0.003568082262015,690,0.0011134038196377,0.00032241999429875,0.0018061555739765,2.796524301490466e-06,0.003568082262015,0,,,,,
ACOLITE+T-Mart,20230610_CST,8,560,690,19.94,10.21,33.614999999999995,0.07,56.38,690,19.94,10.21,33.614999999999995,-8.08,56.38,690,0.0015179760635974,0.000718390931415575,0.002263888202400025,6.092442591190336e-06,0.0045204534364647,690,0.0015179760635974,0.000718390931415575,0.002263888202400025,6.092442591190336e-06,0.0045204534364647,0,,,,,
GAAC,20230610_CST,9,560,690,21.035,14.605,27.2425,0.37,49.01,690,4.505,-16.0625,26.3025,-42.55,49.01,690,0.0014080860315314999,0.0009554361937032,0.001878122721082175,2.6022137809886443e-05,0.0032057575327353,690,0.0014080860315314999,0.0009554361937032,0.001878122721082175,2.6022137809886443e-05,0.0032057575327353,0,,,,,
C2RCC+T-Mart,20230610_CST,10,560,690,40.3,28.09,73.465,3.41,193.58,690,8.235,-28.25,73.465,-52.21,193.58,690,0.0024687911870051498,0.001569907723761725,0.004473236617143875,0.0002440428399982,0.0155221777952251,690,0.0024687911870051498,0.001569907723761725,0.004473236617143875,0.0002440428399982,0.0155221777952251,0,,,,,
ACOLITE+RAdCor,20230610_CST,11,560,690,50.815,44.01,58.0575,19.48,78.03,690,50.815,44.01,58.0575,19.48,78.03,690,0.0035565174142599,0.00328867957727115,0.0038002303297326,0.0018847285915122,0.0051047016141753,690,0.0035565174142599,0.00328867957727115,0.0038002303297326,0.0018847285915122,0.0051047016141753,0,,,,,
Polymer+Radcor,20230610_CST,1,665,690,14.47,6.845,22.755000000000003,0.03,76.47,690,-14.15,-22.7125,-5.105,-76.47,25.33,690,0.0001957373511291,9.264984977211936e-05,0.000291031645280375,4.657764620949814e-07,0.0010537049112521,690,0.0001957373511291,9.264984977211936e-05,0.000291031645280375,4.657764620949814e-07,0.0010537049112521,0,,,,,
Polymer,20230610_CST,2,665,690,15.004999999999999,7.2749999999999995,21.2375,0.08,74.63,690,-14.850000000000001,-21.189999999999998,-6.737500000000001,-74.63,22.71,690,0.00019962841919765,0.000102135005443675,0.00027747699086815003,9.883421337674413e-07,0.0010662681311668,690,0.00019962841919765,0.000102135005443675,0.00027747699086815003,9.883421337674413e-07,0.0010662681311668,0,,,,,
Polymer+T-Mart,20230610_CST,3,665,690,20.58,6.4399999999999995,50.515,0.01,102.46,690,-18.42,-50.515,1.14,-102.46,35.13,690,0.0002766042395833,9.041073966324436e-05,0.00054448327280895,1.0402314005119285e-07,0.0013038785247793,690,0.0002766042395833,9.041073966324436e-05,0.00054448327280895,1.0402314005119285e-07,0.0013038785247793,0,,,,,
C2RCC+T-Mart,20230610_CST,4,665,690,48.775000000000006,23.44,222.76500000000001,0.24,465.83,690,10.865,-23.68,222.76500000000001,-116.82,465.83,690,0.0006243431760974501,0.000268451914344775,0.003266435323161275,3.947025979024075e-06,0.0087616722172624,690,0.0006243431760974501,0.000268451914344775,0.003266435323161275,3.947025979024075e-06,0.0087616722172624,0,,,,,
ACOLITE+T-Mart,20230610_CST,5,665,690,52.644999999999996,22.355,113.965,0.24,191.96,690,52.644999999999996,22.162499999999998,113.965,-52.14,191.96,690,0.0008027934677557499,0.000312869074237475,0.0017583358442646501,4.255328645289035e-06,0.003610472357028,690,0.0008027934677557499,0.000312869074237475,0.0017583358442646501,4.255328645289035e-06,0.003610472357028,0,,,,,
C2RCC+RAdCor,20230610_CST,6,665,690,54.650000000000006,44.4625,62.6625,13.3,150.74,690,-54.650000000000006,-62.6625,-44.4625,-150.74,-13.3,690,0.00052434721488855,0.000439432275911075,0.0006240366811306499,0.0001396756244126,0.0014613017123316,690,0.00052434721488855,0.000439432275911075,0.0006240366811306499,0.0001396756244126,0.0014613017123316,0,,,,,
RAdCor+ACOLITE,20230610_CST,7,665,690,54.775000000000006,21.002499999999998,84.745,0.06,206.78,690,-2.5949999999999998,-27.1175,79.935,-206.78,137.11,690,0.00064152149483395,0.0002532872275347,0.0013101459338575,8.893371077180537e-07,0.0017142777895841,690,0.00064152149483395,0.0002532872275347,0.0013101459338575,8.893371077180537e-07,0.0017142777895841,0,,,,,
C2RCC,20230610_CST,8,665,690,57.46,48.6875,65.87,14.52,164.37,690,-57.46,-65.87,-48.6875,-164.37,-14.52,690,0.00054392910693025,0.00046439542878665,0.000661919529220225,0.000172444023872,0.0015112812658441,690,0.00054392910693025,0.00046439542878665,0.000661919529220225,0.000172444023872,0.0015112812658441,0,,,,,
ACOLITE,20230610_CST,9,665,690,61.925,26.2575,92.8575,0.25,658.79,690,-5.154999999999999,-36.65,81.865,-658.79,146.76,690,0.0007526456411880999,0.0002806937031912,0.0013179808450901,3.1954976802467307e-06,0.0018138721992465,690,0.0007526456411880999,0.0002806937031912,0.0013179808450901,3.1954976802467307e-06,0.0018138721992465,0,,,,,
GAAC,20230610_CST,10,665,690,72.125,41.9975,96.57000000000001,0.41,337.81,690,17.580000000000002,-42.152499999999996,92.69500000000001,-337.81,160.39,690,0.0011637744300163001,0.000412924904906475,0.0014912316222003498,4.800658533769516e-06,0.0021818588170185,690,0.0011637744300163001,0.000412924904906475,0.0014912316222003498,4.800658533769516e-06,0.0021818588170185,0,,,,,
ACOLITE+RAdCor,20230610_CST,11,665,690,184.18,157.3925,209.9175,77.78,284.71,690,184.18,157.3925,209.9175,77.78,284.71,690,0.00276410612359995,0.002570506665271125,0.0029070583936838,0.0018906618466832,0.0033706230878539,690,0.00276410612359995,0.002570506665271125,0.0029070583936838,0.0018906618466832,0.0033706230878539,0,,,,,
C2RCC+T-Mart,20230610_CST,1,704,345,17.64,10.16,25.85,0.03,138.27,345,-17.64,-25.85,-8.99,-138.27,16.04,345,0.0001219670741045,7.307100441190418e-05,0.0001772580866612,2.4010226799841584e-07,0.0009452976693638,345,0.0001219670741045,7.307100441190418e-05,0.0001772580866612,2.4010226799841584e-07,0.0009452976693638,0,,,,,
RAdCor+ACOLITE,20230610_CST,2,704,345,26.33,12.87,51.45,0.02,1123.47,345,-26.16,-51.39,-8.89,-1123.47,51.85,345,0.0001698869014219,9.23289794967473e-05,0.0002988474250958,1.376892774105276e-07,0.0011934587326835,345,0.0001698869014219,9.23289794967473e-05,0.0002988474250958,1.376892774105276e-07,0.0011934587326835,0,,,,,
ACOLITE,20230610_CST,3,704,345,35.03,17.3,65.66,0.36,2193.13,345,-35.02,-65.66,-15.74,-2193.13,45.92,345,0.0002076000254711,0.0001161515716237,0.0003543341184578,2.389333493739345e-06,0.0012229784568775,345,0.0002076000254711,0.0001161515716237,0.0003543341184578,2.389333493739345e-06,0.0012229784568775,0,,,,,
ACOLITE+T-Mart,20230610_CST,4,704,345,35.94,24.23,47.88,0.28,103.02,345,35.72,23.69,47.14,-81.45,103.02,345,0.0002962479591739,0.0001992540201844,0.0003853219350255,2.854876559615092e-06,0.0007627788045742,345,0.0002962479591739,0.0001992540201844,0.0003853219350255,2.854876559615092e-06,0.0007627788045742,0,,,,,
C2RCC+RAdCor,20230610_CST,5,704,345,46.34,35.76,58.49,0.12,181.47,345,-46.34,-58.49,-35.76,-181.47,-0.12,345,0.0002592976174228,0.0002030481412577,0.0003292083001264,7.918151635580599e-07,0.0010502433480916,345,0.0002592976174228,0.0002030481412577,0.0003292083001264,7.918151635580599e-07,0.0010502433480916,0,,,,,
C2RCC,20230610_CST,6,704,345,53.5,41.98,67.36,7.59,196.59,345,-53.5,-67.36,-41.98,-196.59,-7.59,345,0.0002859577622958,0.0002295442161686,0.0003553660852957,4.166795997625279e-05,0.0010797490093606,345,0.0002859577622958,0.0002295442161686,0.0003553660852957,4.166795997625279e-05,0.0010797490093606,0,,,,,
GAAC,20230610_CST,7,704,343,69.63,42.79,100.79499999999999,0.28,5773.56,343,-69.63,-100.79499999999999,-42.79,-5773.56,9.4,343,0.0003249994544898,0.0002407754373276,0.00042103360033860003,2.0748548800915423e-06,0.0012257784315818,343,0.0003249994544898,0.0002407754373276,0.00042103360033860003,2.0748548800915423e-06,0.0012257784315818,0,,,,,
Polymer+T-Mart,20230610_CST,8,704,345,72.82,53.03,102.13,13.39,362.09,345,-72.82,-102.13,-53.03,-362.09,-13.39,345,0.0003538953124292,0.0002881253377334,0.0004193561027858,0.0001125696138707,0.001276454196,345,0.0003538953124292,0.0002881253377334,0.0004193561027858,0.0001125696138707,0.001276454196,0,,,,,
Polymer+Radcor,20230610_CST,9,704,345,135.7,102.33,187.08,34.82,741.8,345,-135.7,-187.08,-102.33,-741.8,-34.82,345,0.0004822037569486,0.0004128799049529,0.000556764652725,0.0002217609597914,0.0012847284261952,345,0.0004822037569486,0.0004128799049529,0.000556764652725,0.0002217609597914,0.0012847284261952,0,,,,,
Polymer,20230610_CST,10,704,345,156.85,127.55,219.53,48.8,830.65,345,-156.85,-219.53,-127.55,-830.65,-48.8,345,0.0005128530762206,0.0004456137068499,0.0005878917803408,0.0002715238473154,0.0014137139288012,345,0.0005128530762206,0.0004456137068499,0.0005878917803408,0.0002715238473154,0.0014137139288012,0,,,,,
ACOLITE+RAdCor,20230610_CST,11,704,345,320.21,261.4,355.68,102.17,459.88,345,320.21,261.4,355.68,102.17,459.88,345,0.002598834180907,0.0024758734103287,0.0026980026356101,0.001664383022347,0.0033711964983804,345,0.002598834180907,0.0024758734103287,0.0026980026356101,0.001664383022347,0.0033711964983804,0,,,,,
Polymer+T-Mart,20230610_CST,1,overall,690,19.48,10.575,28.0925,2.32,41.6,690,-4.140000000000001,-8.36,0.7,-26.04,19.13,690,0.0007,0.0004,0.00094,0.00024,0.00126,690,0.00081,0.0005,0.00104,0.00026,0.00158,690,8.062792964268658,5.632307652013292,11.831387302160639,3.15561732497459,16.294113568172055
Polymer+Radcor,20230610_CST,2,overall,690,20.365000000000002,13.27,26.145,4.7,41.65,690,5.485,-2.4725,12.8725,-23.32,30.28,690,0.00088,0.0005325,0.00106,0.00027,0.00158,690,0.001065,0.00067,0.0013375000000000001,0.00035,0.00196,690,8.809992891567573,7.27935896781371,10.611496240031013,4.588146002313001,13.451649316471904
Polymer,20230610_CST,3,overall,690,21.04,15.05,26.6025,4.73,47.71,690,5.97,-3.1025,15.5025,-22.42,30.43,690,0.00093,0.00058,0.00111,0.00033,0.00162,690,0.00111,0.00072,0.00142,0.0004,0.00198,690,8.991160589118039,7.650105496600599,10.568699877226777,4.692278089515201,13.76384046277004
RAdCor+ACOLITE,20230610_CST,4,overall,690,37.19,21.775,74.4875,3.27,122.34,690,13.01,2.51,74.4875,-16.54,122.34,690,0.00116,0.00094,0.00296,0.00032,0.00361,690,0.00168,0.0013925,0.0032775,0.00043,0.00391,690,12.071482567059839,10.208798960501417,13.397776024573076,4.24254985624511,15.906422468760123
C2RCC+RAdCor,20230610_CST,5,overall,690,40.965,32.14,48.9725,18.66,65.22,690,1.665,-31.9925,18.142500000000002,-55.29,37.23,690,0.00117,0.0008125,0.00156,0.00064,0.00196,690,0.00151,0.00098,0.00189,0.00076,0.00249,690,13.046368806316131,12.045587424762104,14.393220489991847,8.299129151156558,17.51269650123201
ACOLITE,20230610_CST,6,overall,690,41.885,23.1525,74.85000000000001,1.97,127.95,690,10.309999999999999,1.3875000000000002,74.85000000000001,-29.52,127.95,690,0.00113,0.00092,0.0028975,0.00029,0.00373,690,0.00163,0.00134,0.0031475,0.00038,0.004,690,11.148017668459474,9.405722793110638,12.725963194640581,3.457961409127498,15.740841669773296
C2RCC,20230610_CST,7,overall,690,43.21,33.95,51.6875,18.51,65.83,690,-2.3449999999999998,-33.5075,20.259999999999998,-57.65,35.95,690,0.00125,0.00083,0.00158,0.00067,0.00188,690,0.001595,0.00099,0.00195,0.00077,0.00239,690,13.11805134757859,12.280868642640744,14.591039952979894,9.327184696792925,17.833857708504958
C2RCC+T-Mart,20230610_CST,8,overall,690,44.41,21.48,90.09,5.11,226.46,690,25.53,-17.335,90.09,-52.21,226.46,690,0.00165,0.00071,0.0038375,0.00052,0.01177,690,0.001995,0.00091,0.00386,0.00066,0.01204,690,9.47625354496774,7.296583148742588,11.106420601125569,3.694660354565584,14.439267443800771
GAAC,20230610_CST,9,overall,690,46.155,26.314999999999998,77.185,3.37,114.95,690,19.145,-15.862499999999999,77.185,-39.08,114.95,690,0.0017528037087355501,0.00062,0.00273,0.00033,0.00379,690,0.0020192833959712,0.00075,0.0029675,0.00042,0.00399,690,10.531920296216668,9.00522555913059,11.808805541811882,3.6562274680665663,13.872066560825584
ACOLITE+T-Mart,20230610_CST,10,overall,690,52.655,29.42,99.315,5.28,153.3,690,52.655,29.2025,99.315,-8.08,153.3,690,0.002275,0.00145,0.0034575,0.00088,0.00597,690,0.002685,0.00202,0.00375,0.00122,0.00628,690,13.32739394327337,11.829027416717487,14.409621820703384,6.881422573183861,16.94076135767245
ACOLITE+RAdCor,20230610_CST,11,overall,690,160.875,134.345,202.565,77.78,284.71,690,160.875,134.345,202.565,77.78,284.71,690,0.00469,0.00452,0.00492,0.00359,0.006,690,0.00512,0.00495,0.0053,0.00417,0.00631,690,15.51931910969153,14.197223816153787,17.81050854194855,10.739908138687916,20.044972670105462
ACOLITE,20231008_ZRH,1,443,1926,5.67,2.7425,10.08,0.0,35.69,1926,2.005,-3.7975,6.97,-24.75,35.69,1926,0.00032644387533275,0.000160812827160825,0.000576177565236825,5.7359561917921806e-09,0.0019684013569481,1926,0.00032644387533275,0.000160812827160825,0.000576177565236825,5.7359561917921806e-09,0.0019684013569481,0,,,,,
GAAC,20231008_ZRH,2,443,1926,7.4,3.7849999999999997,12.5175,0.01,66.74,1926,5.59,-0.135,11.227500000000001,-31.2,66.74,1926,0.00042872814110815,0.000225583260688475,0.000708685215763775,4.000850988864976e-07,0.003681350202113,1926,0.00042872814110815,0.000225583260688475,0.000708685215763775,4.000850988864976e-07,0.003681350202113,0,,,,,
ACOLITE+T-Mart,20231008_ZRH,3,443,1926,8.855,3.69,16.487499999999997,0.02,44.29,1926,5.725,-1.01,15.78,-25.7,44.29,1926,0.00051783891100065,0.00021572091052812499,0.0009656737354089,1.3844864151478509e-06,0.0022875348645291,1926,0.00051783891100065,0.00021572091052812499,0.0009656737354089,1.3844864151478509e-06,0.0022875348645291,0,,,,,
ACOLITE+RAdCor,20231008_ZRH,4,443,1926,11.004999999999999,5.5425,18.615000000000002,0.01,59.42,1926,-10.795,-18.4725,-5.06,-59.42,31.97,1926,0.00057689992163595,0.00029944478691,0.000960466107470575,6.137685527804471e-07,0.0025375635988271,1926,0.00057689992163595,0.00029944478691,0.000960466107470575,6.137685527804471e-07,0.0025375635988271,0,,,,,
RAdCor+ACOLITE,20231008_ZRH,5,443,1926,14.45,8.425,20.15,0.04,53.07,1926,14.45,8.272499999999999,20.15,-12.37,53.07,1926,0.0008485060772106499,0.0005119956767204749,0.001144238927610625,2.327485363483664e-06,0.0029272589491434,1926,0.0008485060772106499,0.0005119956767204749,0.001144238927610625,2.327485363483664e-06,0.0029272589491434,0,,,,,
C2RCC+T-Mart,20231008_ZRH,6,443,1926,15.17,8.55,22.8175,0.0,55.1,1926,-15.17,-22.8175,-8.43,-55.1,13.97,1926,0.00077100090767645,0.000448096688728775,0.0011270074262435502,3.929501415662201e-08,0.0025011206070424,1926,0.00077100090767645,0.000448096688728775,0.0011270074262435502,3.929501415662201e-08,0.0025011206070424,0,,,,,
Polymer+T-Mart,20231008_ZRH,7,443,1924,20.265,9.975000000000001,32.8925,0.01,61.17,1924,20.15,9.18,32.8925,-25.08,61.17,1924,0.0012337175446144998,0.000586481557341375,0.0019125394125073,4.809360150317271e-07,0.0030307584723848,1924,0.0012337175446144998,0.000586481557341375,0.0019125394125073,4.809360150317271e-07,0.0030307584723848,0,,,,,
C2RCC+RAdCor,20231008_ZRH,8,443,1921,32.4,8.49,56.06,0.0,107.34,1921,-32.4,-56.06,-8.36,-107.34,11.77,1921,0.0014322745362815,0.0004534000324722,0.0020934970982959,2.7292996709026025e-08,0.0036445832088574,1921,0.0014322745362815,0.0004534000324722,0.0020934970982959,2.7292996709026025e-08,0.0036445832088574,0,,,,,
Polymer+Radcor,20231008_ZRH,9,443,1924,40.115,32.0175,47.39,0.92,96.52,1924,40.115,32.0175,47.39,0.92,96.52,1924,0.0023326031288613503,0.001954721297188525,0.00270040941385205,6.834321062110932e-05,0.0051175855516021,1924,0.0023326031288613503,0.001954721297188525,0.00270040941385205,6.834321062110932e-05,0.0051175855516021,0,,,,,
C2RCC,20231008_ZRH,10,443,1926,41.415,18.705,65.355,0.02,118.23,1926,-41.415,-65.355,-18.705,-118.23,10.49,1926,0.00169636780689955,0.000943842499721525,0.002308410472319225,1.318941247064817e-06,0.0040387452903935,1926,0.00169636780689955,0.000943842499721525,0.002308410472319225,1.318941247064817e-06,0.0040387452903935,0,,,,,
Polymer,20231008_ZRH,11,443,1924,53.08,43.5325,62.705,12.91,126.34,1924,53.08,43.5325,62.705,12.91,126.34,1924,0.00306823845678985,0.0026452132065078997,0.0035659624820026997,0.0009332920852586,0.0062567816567793,1924,0.00306823845678985,0.0026452132065078997,0.0035659624820026997,0.0009332920852586,0.0062567816567793,0,,,,,
GAAC,20231008_ZRH,1,490,1926,4.895,2.23,9.04,0.01,27.53,1926,-0.725,-5.887499999999999,3.9675000000000002,-27.53,26.16,1926,0.00045194384120414996,0.000202451260644475,0.000825050835037825,6.031114117479447e-07,0.0023678475223504,1926,0.00045194384120414996,0.000202451260644475,0.000825050835037825,6.031114117479447e-07,0.0023678475223504,0,,,,,
ACOLITE,20231008_ZRH,2,490,1926,6.76,3.15,10.8475,0.01,33.22,1926,-1.5750000000000002,-7.9,5.2875,-33.22,26.33,1926,0.0006092330947227,0.000293867579573725,0.0009594510377860999,4.895406198503205e-07,0.0029114171098299,1926,0.0006092330947227,0.000293867579573725,0.0009594510377860999,4.895406198503205e-07,0.0029114171098299,0,,,,,
Polymer+T-Mart,20231008_ZRH,3,490,1924,7.65,3.72,12.46,0.0,44.06,1924,-0.41500000000000004,-7.692500000000001,7.612500000000001,-44.06,32.34,1924,0.00069157359493535,0.000341282677601175,0.001100390004442025,1.85377886142285e-07,0.0037911332022134,1924,0.00069157359493535,0.000341282677601175,0.001100390004442025,1.85377886142285e-07,0.0037911332022134,0,,,,,
ACOLITE+RAdCor,20231008_ZRH,4,490,1926,7.74,3.54,14.1575,0.0,43.46,1926,-7.47,-14.137500000000001,-1.7425,-43.46,23.1,1926,0.0006726900172113999,0.000307861515353425,0.00121904470056005,1.6215523433726897e-07,0.003519437424848,1926,0.0006726900172113999,0.000307861515353425,0.00121904470056005,1.6215523433726897e-07,0.003519437424848,0,,,,,
RAdCor+ACOLITE,20231008_ZRH,5,490,1926,7.97,3.77,13.7475,0.0,35.02,1926,6.58,0.36,12.9525,-22.21,35.02,1926,0.00075046157530565,0.000360803057988575,0.0012381214579627,2.416119713778697e-07,0.0027528379549646,1926,0.00075046157530565,0.000360803057988575,0.0012381214579627,2.416119713778697e-07,0.0027528379549646,0,,,,,
ACOLITE+T-Mart,20231008_ZRH,6,490,1926,8.86,4.185,14.425,0.01,33.94,1926,1.8450000000000002,-5.8675,11.9375,-31.47,33.94,1926,0.0008160188789405501,0.0003931715621488,0.00128229268557045,1.094153997897862e-06,0.0027947382237143,1926,0.0008160188789405501,0.0003931715621488,0.00128229268557045,1.094153997897862e-06,0.0027947382237143,0,,,,,
Polymer+Radcor,20231008_ZRH,7,490,1924,10.274999999999999,5.0375,16.305,0.06,40.68,1924,9.465,2.475,15.9125,-31.45,40.68,1924,0.0009626787844307,0.0004926762827568749,0.0014596185991873501,6.380393475440005e-06,0.0033292423083256,1924,0.0009626787844307,0.0004926762827568749,0.0014596185991873501,6.380393475440005e-06,0.0033292423083256,0,,,,,
Polymer,20231008_ZRH,8,490,1924,16.325,9.1575,23.1575,0.01,52.57,1924,16.29,8.485,23.1575,-23.06,52.57,1924,0.0015280936205898,0.000900060512925925,0.002067745070437825,6.737171823201216e-07,0.0040783712578814,1924,0.0015280936205898,0.000900060512925925,0.002067745070437825,6.737171823201216e-07,0.0040783712578814,0,,,,,
C2RCC+T-Mart,20231008_ZRH,9,490,1926,20.61,12.434999999999999,29.63,0.08,66.21,1926,-20.61,-29.63,-12.434999999999999,-66.21,8.76,1926,0.00160552971140935,0.00099516121143385,0.002253050384111375,6.69343117541861e-06,0.0046502811742952,1926,0.00160552971140935,0.00099516121143385,0.002253050384111375,6.69343117541861e-06,0.0046502811742952,0,,,,,
C2RCC+RAdCor,20231008_ZRH,10,490,1921,34.31,11.32,53.57,0.04,98.51,1921,-34.31,-53.57,-11.32,-98.51,8.62,1921,0.0024101027231338,0.0009157286574532,0.0033724581548308,3.304420453143636e-06,0.0059051880782874,1921,0.0024101027231338,0.0009157286574532,0.0033724581548308,3.304420453143636e-06,0.0059051880782874,0,,,,,
C2RCC,20231008_ZRH,11,490,1926,38.815,21.625,59.4275,0.31,113.22,1926,-38.815,-59.4275,-21.625,-113.22,6.92,1926,0.00264091945011725,0.001618225742049325,0.0035839087997615498,2.432713794515984e-05,0.006582134074269,1926,0.00264091945011725,0.001618225742049325,0.0035839087997615498,2.432713794515984e-05,0.006582134074269,0,,,,,
GAAC,20231008_ZRH,1,560,1926,5.51,2.73,9.135,0.01,24.55,1926,3.6550000000000002,-1.4875,7.807499999999999,-20.98,24.55,1926,0.0005784558883927,0.0002957131261631,0.000932009680348075,5.812551888990242e-07,0.0023531042225322,1926,0.0005784558883927,0.0002957131261631,0.000932009680348075,5.812551888990242e-07,0.0023531042225322,0,,,,,
ACOLITE+RAdCor,20231008_ZRH,2,560,1926,5.855,2.7125,10.42,0.01,44.38,1926,-2.9800000000000004,-9.59,2.2075,-38.39,44.38,1926,0.0005914471127629,0.000277327320963075,0.0010273743993398999,1.50553976678916e-06,0.0044375310685358,1926,0.0005914471127629,0.000277327320963075,0.0010273743993398999,1.50553976678916e-06,0.0044375310685358,0,,,,,
Polymer,20231008_ZRH,3,560,1924,5.970000000000001,2.7625,12.0125,0.0,41.97,1924,-3.795,-10.6825,1.1324999999999998,-41.97,23.42,1924,0.00060396238739585,0.0002803197789331,0.0011892005268978,4.3213360719635e-09,0.0040126540008735,1924,0.00060396238739585,0.0002803197789331,0.0011892005268978,4.3213360719635e-09,0.0040126540008735,0,,,,,
ACOLITE,20231008_ZRH,4,560,1926,6.78,2.98,11.4175,0.01,29.75,1926,1.75,-4.5875,8.725000000000001,-29.75,28.65,1926,0.0007086147462920999,0.000315054671680075,0.001167750693884875,1.2882262873641775e-06,0.0030472726105523,1926,0.0007086147462920999,0.000315054671680075,0.001167750693884875,1.2882262873641775e-06,0.0030472726105523,0,,,,,
RAdCor+ACOLITE,20231008_ZRH,5,560,1926,7.375,3.6625,11.825,0.0,30.48,1926,5.92,0.56,11.0675,-20.98,30.48,1926,0.00077230329093425,0.00039879732594795,0.0012013792895613,4.995039982799016e-07,0.0027177985946955,1926,0.00077230329093425,0.00039879732594795,0.0012013792895613,4.995039982799016e-07,0.0027177985946955,0,,,,,
ACOLITE+T-Mart,20231008_ZRH,6,560,1926,8.15,3.9825,12.575,0.02,35.37,1926,-1.31,-8.54,7.595,-35.37,27.41,1926,0.00082351425666445,0.00041038153657672503,0.001253545324308575,1.8305089302065453e-06,0.003472949425764,1926,0.00082351425666445,0.00041038153657672503,0.001253545324308575,1.8305089302065453e-06,0.003472949425764,0,,,,,
Polymer+Radcor,20231008_ZRH,7,560,1924,9.575,5.005,16.025,0.04,46.57,1924,-9.44,-16.025,-4.4775,-46.57,11.69,1924,0.000918196941711,0.000490857488011475,0.0015354732897743,4.243633123089674e-06,0.0042406215805999,1924,0.000918196941711,0.000490857488011475,0.0015354732897743,4.243633123089674e-06,0.0042406215805999,0,,,,,
Polymer+T-Mart,20231008_ZRH,8,560,1924,16.175,10.805,23.0925,0.01,55.44,1924,-16.175,-23.0925,-10.805,-55.44,7.67,1924,0.0014698892702956498,0.000987964111833925,0.002085127856058975,6.920354195943945e-07,0.0048113017556855,1924,0.0014698892702956498,0.000987964111833925,0.002085127856058975,6.920354195943945e-07,0.0048113017556855,0,,,,,
C2RCC+T-Mart,20231008_ZRH,9,560,1926,19.345,13.505,26.5275,0.03,109.76,1926,-19.345,-26.5275,-13.505,-109.76,10.6,1926,0.0016968216663701,0.001203058266464475,0.002298402038816875,3.5972846111204104e-06,0.0053418331735309,1926,0.0016968216663701,0.001203058266464475,0.002298402038816875,3.5972846111204104e-06,0.0053418331735309,0,,,,,
C2RCC+RAdCor,20231008_ZRH,10,560,1921,36.77,20.46,53.62,0.17,105.66,1921,-36.77,-53.62,-20.46,-105.66,0.88,1921,0.0028602308013702,0.0017642247934788,0.0037722124673258,1.5307172249342388e-05,0.0068286722707993,1921,0.0028602308013702,0.0017642247934788,0.0037722124673258,1.5307172249342388e-05,0.0068286722707993,0,,,,,
C2RCC,20231008_ZRH,11,560,1926,53.605000000000004,30.17,70.295,4.09,116.63,1926,-53.605000000000004,-70.295,-30.17,-116.63,-4.09,1926,0.0036252857023756,0.002441730419975625,0.0044306457471267255,0.0003389008011211,0.0073045229810827,1926,0.0036252857023756,0.002441730419975625,0.0044306457471267255,0.0003389008011211,0.0073045229810827,0,,,,,
ACOLITE+RAdCor,20231008_ZRH,1,665,1926,9.235,4.445,17.3775,0.01,187.83,1926,-2.4699999999999998,-13.5475,6.4975000000000005,-84.28,187.83,1926,0.00024145246952845,0.00011812924088715,0.0004278620809599,3.192512146232493e-07,0.0055744872103071,1926,0.00024145246952845,0.00011812924088715,0.0004278620809599,3.192512146232493e-07,0.0055744872103071,0,,,,,
ACOLITE+T-Mart,20231008_ZRH,2,665,1926,17.54,7.575,27.0125,0.0,56.77,1926,6.265000000000001,-8.87,23.9525,-56.77,53.5,1926,0.0004646808208644,0.000198249302964375,0.00072783470936125,7.281942594056234e-08,0.0014096624644932,1926,0.0004646808208644,0.000198249302964375,0.00072783470936125,7.281942594056234e-08,0.0014096624644932,0,,,,,
GAAC,20231008_ZRH,3,665,1926,18.105,6.21,37.065,0.0,97.59,1926,12.88,-0.6275,36.847500000000004,-50.58,97.59,1926,0.00050001872229845,0.00017390197387455,0.000936853711643275,9.610422245205989e-08,0.0019047720109841,1926,0.00050001872229845,0.00017390197387455,0.000936853711643275,9.610422245205989e-08,0.0019047720109841,0,,,,,
ACOLITE,20231008_ZRH,4,665,1926,18.955,8.8225,29.88,0.01,57.21,1926,18.32,6.5175,29.865,-29.95,57.21,1926,0.00050530957283305,0.000238617940215025,0.000848303227826175,3.649032727479247e-07,0.001507247375184,1926,0.00050530957283305,0.000238617940215025,0.000848303227826175,3.649032727479247e-07,0.001507247375184,0,,,,,
RAdCor+ACOLITE,20231008_ZRH,5,665,1926,25.22,15.3875,34.435,0.0,61.45,1926,25.22,15.23,34.435,-21.85,61.45,1926,0.0006807987915534,0.0004199669886379,0.0009294058661686499,3.433353543309814e-09,0.0016188738363323,1926,0.0006807987915534,0.0004199669886379,0.0009294058661686499,3.433353543309814e-09,0.0016188738363323,0,,,,,
Polymer+T-Mart,20231008_ZRH,6,665,1924,43.835,21.9525,65.2125,0.04,156.78,1924,-43.835,-65.2125,-21.9525,-156.78,8.76,1924,0.0008217618463724999,0.00044927293419945,0.001151199958862625,8.610299073110068e-07,0.0024971409854649,1924,0.0008217618463724999,0.00044927293419945,0.001151199958862625,8.610299073110068e-07,0.0024971409854649,0,,,,,
Polymer+Radcor,20231008_ZRH,7,665,1924,53.72,43.0425,66.065,12.19,138.07,1924,-53.72,-66.065,-43.0425,-138.07,-12.19,1924,0.0009382492111227,0.000764038647541075,0.001157045679647975,0.0002407162634383,0.002398450980792,1924,0.0009382492111227,0.000764038647541075,0.001157045679647975,0.0002407162634383,0.002398450980792,0,,,,,
Polymer,20231008_ZRH,8,665,1924,63.71,44.2175,84.74249999999999,3.08,172.45,1924,-63.71,-84.74249999999999,-44.2175,-172.45,-3.08,1924,0.00102997767692655,0.00083303892935415,0.0012547720901435,6.617143138688483e-05,0.0022563762277246,1924,0.00102997767692655,0.00083303892935415,0.0012547720901435,6.617143138688483e-05,0.0022563762277246,0,,,,,
C2RCC+T-Mart,20231008_ZRH,9,665,1926,78.88,52.644999999999996,98.9725,0.46,184.54,1926,-78.88,-98.9725,-52.644999999999996,-184.54,-0.46,1926,0.0011767384875418,0.000866257757566125,0.001450445647797525,1.0662478704424884e-05,0.0026756094540065,1926,0.0011767384875418,0.000866257757566125,0.001450445647797525,1.0662478704424884e-05,0.0026756094540065,0,,,,,
C2RCC+RAdCor,20231008_ZRH,10,665,1921,121.37,101.88,144.64,60.57,272.61,1921,-121.37,-144.64,-101.88,-272.61,-60.57,1921,0.0014679463662041,0.0013108326347022,0.0016738517348131,0.0008772376552749,0.002677087401407,1921,0.0014679463662041,0.0013108326347022,0.0016738517348131,0.0008772376552749,0.002677087401407,0,,,,,
C2RCC,20231008_ZRH,11,665,1926,155.73,126.1425,187.7875,74.7,344.26,1926,-155.73,-187.7875,-126.1425,-344.26,-74.7,1926,0.00162181090398325,0.001467803441771975,0.0018261297479586,0.0009943361200239,0.0027491088410028,1926,0.00162181090398325,0.001467803441771975,0.0018261297479586,0.0009943361200239,0.0027491088410028,0,,,,,
ACOLITE+T-Mart,20231008_ZRH,1,704,963,13.84,6.529999999999999,23.665,0.02,74.75,963,8.19,-3.45,18.295,-50.92,74.75,963,0.0002032278266177,9.657477830016616e-05,0.0003225472181215,2.693988962769109e-07,0.0008898246911318,963,0.0002032278266177,9.657477830016616e-05,0.0003225472181215,2.693988962769109e-07,0.0008898246911318,0,,,,,
C2RCC+T-Mart,20231008_ZRH,2,704,963,45.79,31.59,63.739999999999995,0.37,193.08,963,-45.79,-63.739999999999995,-31.59,-193.08,10.46,963,0.000462223371058,0.000338929673148,0.0006038895848111999,5.648899147746951e-06,0.0013606095684692,963,0.000462223371058,0.000338929673148,0.0006038895848111999,5.648899147746951e-06,0.0013606095684692,0,,,,,
ACOLITE+RAdCor,20231008_ZRH,3,704,963,51.73,29.095,68.02000000000001,0.03,142.33,963,51.73,28.939999999999998,68.02000000000001,-31.54,142.33,963,0.0007812832003591,0.00046552348579775003,0.00098426323071885,4.552799433470492e-07,0.0017290285778639,963,0.0007812832003591,0.00046552348579775003,0.00098426323071885,4.552799433470492e-07,0.0017290285778639,0,,,,,
RAdCor+ACOLITE,20231008_ZRH,4,704,963,64.76,50.084999999999994,78.0,1.2,141.57,963,64.76,50.084999999999994,78.0,-1.2,141.57,963,0.0009496545731717,0.00078162150847845,0.0010988953621671,2.6091840157151103e-05,0.0016869781416804,963,0.0009496545731717,0.00078162150847845,0.0010988953621671,2.6091840157151103e-05,0.0016869781416804,0,,,,,
GAAC,20231008_ZRH,5,704,963,69.93,54.685,85.215,12.64,165.29,963,69.93,54.685,85.215,12.64,165.29,963,0.0010328341958191,0.0008670252000469,0.00119874442127995,0.0002805045525514,0.0018340937560651,963,0.0010328341958191,0.0008670252000469,0.00119874442127995,0.0002805045525514,0.0018340937560651,0,,,,,
ACOLITE,20231008_ZRH,6,704,963,77.12,61.224999999999994,91.82,4.6,154.32,963,77.12,61.224999999999994,91.82,4.6,154.32,963,0.0011305602272701,0.0009531806267965501,0.00129585411386605,0.0001009268220124,0.0018708631852117,963,0.0011305602272701,0.0009531806267965501,0.00129585411386605,0.0001009268220124,0.0018708631852117,0,,,,,
Polymer+T-Mart,20231008_ZRH,7,704,963,104.55,77.705,141.03,17.36,329.72,963,-104.55,-141.03,-77.705,-329.72,-17.36,963,0.0007583540446179,0.0006221142937452,0.0009047187884531501,0.0001841315417833,0.0015332095275076,963,0.0007583540446179,0.0006221142937452,0.0009047187884531501,0.0001841315417833,0.0015332095275076,0,,,,,
C2RCC+RAdCor,20231008_ZRH,8,704,958,135.76,117.3325,156.7275,62.02,293.56,958,-135.76,-156.7275,-117.3325,-293.56,-62.02,958,0.00084340619763535,0.0007483599507038499,0.00097426653115195,0.0004513724263033,0.0015765730763846,958,0.00084340619763535,0.0007483599507038499,0.00097426653115195,0.0004513724263033,0.0015765730763846,0,,,,,
C2RCC,20231008_ZRH,9,704,963,184.88,163.61,206.51999999999998,100.47,376.87,963,-184.88,-206.51999999999998,-163.61,-376.87,-100.47,963,0.0009574475245615,0.0008579628000982,0.00108773933495895,0.0005547417339304,0.0016930579654377,963,0.0009574475245615,0.0008579628000982,0.00108773933495895,0.0005547417339304,0.0016930579654377,0,,,,,
Polymer+Radcor,20231008_ZRH,10,704,946,461.815,309.5025,822.65,106.33,7649.92,946,-461.815,-822.65,-309.5025,-7649.92,-106.33,946,0.0012228650857849998,0.0010904571779208501,0.001379371033757025,0.0006076381646917,0.0019699324322335,946,0.0012228650857849998,0.0010904571779208501,0.001379371033757025,0.0006076381646917,0.0019699324322335,0,,,,,
Polymer,20231008_ZRH,11,704,545,1306.5,817.98,2461.07,293.82,14856.02,545,-1306.5,-2461.07,-817.98,-14856.02,-293.82,545,0.0013760351281992,0.001270486473342,0.0015438489596844,0.0009345405927249,0.0021544721044431,545,0.0013760351281992,0.001270486473342,0.0015438489596844,0.0009345405927249,0.0021544721044431,0,,,,,
GAAC,20231008_ZRH,1,overall,1926,7.445,4.67,12.1075,0.57,66.74,1926,4.45,-1.2,10.3175,-27.64,66.74,1926,0.00054,0.00035,0.0008,0.0001,0.0021,1926,0.00063,0.00042,0.00086,0.00011,0.00225,1926,3.0203246434420015,1.9438031420229624,4.627286588489075,0.404085988576256,9.02352809077274
ACOLITE,20231008_ZRH,2,overall,1926,7.82,5.3825,11.31,0.6,30.15,1926,3.675,-2.0725,8.88,-28.46,30.15,1926,0.0006,0.00046,0.00082,0.00015,0.00192,1926,0.0007,0.00058,0.00091,0.00021,0.002,1926,3.643798253027919,2.4556365434188696,4.829524772700446,1.0936505520051312,8.62071157782604
ACOLITE+RAdCor,20231008_ZRH,3,overall,1926,8.355,5.3125,14.125,0.76,43.46,1926,-4.859999999999999,-11.89,0.11249999999999999,-43.46,38.04,1926,0.00053,0.00036,0.00081,5e-05,0.0035,1926,0.00063,0.00044,0.0009,7e-05,0.00383,1926,3.034645711410499,2.034304079324224,4.076218199389699,0.1874660232183837,12.54819910604083
ACOLITE+T-Mart,20231008_ZRH,4,overall,1926,9.885000000000002,5.39,15.807500000000001,0.64,39.02,1926,3.385,-4.91,13.6875,-35.37,39.02,1926,0.00059,0.00034,0.00097,7e-05,0.00216,1926,0.00069,0.0004,0.00103,9e-05,0.00224,1926,2.113778559836086,1.746910774962319,2.490022377992003,0.2345693895748141,8.074794116025126
RAdCor+ACOLITE,20231008_ZRH,5,overall,1926,13.63,8.71,18.4375,0.78,38.63,1926,13.445,7.3975,18.4125,-20.43,38.63,1926,0.00077,0.00051,0.00108,0.0002,0.00228,1926,0.00081,0.0006,0.00111,0.00024,0.00234,1926,3.0032154146045555,2.485329461731345,3.929646547636765,0.6449859121495557,8.677684176115028
C2RCC+T-Mart,20231008_ZRH,6,overall,1926,21.525,14.2525,30.1375,2.42,109.76,1926,-21.525,-30.1375,-14.2525,-109.76,4.66,1926,0.00119,0.00088,0.0016,0.00026,0.00337,1926,0.0013,0.00097,0.00171,0.00032,0.00348,1926,3.980731975724256,2.957522110148228,4.681053188007542,1.387456994353854,9.09523194118546
Polymer+T-Mart,20231008_ZRH,7,overall,1924,22.97,17.6175,25.8325,4.57,54.95,1924,-9.87,-17.8425,-2.83,-54.95,19.37,1924,0.00117,0.00081,0.00132,0.00034,0.00257,1924,0.00131,0.00093,0.0014824999999999999,0.0004,0.00292,1924,8.39728218383029,5.670313175363696,9.98681683685481,2.066064541783229,12.602754185384406
Polymer+Radcor,20231008_ZRH,8,overall,1924,29.814999999999998,25.54,36.155,15.726385149979215,72.57,1924,-4.66,-12.105,2.985,-44.17,24.29,1924,0.00134,0.00121,0.00147,0.00081,0.00227,1924,0.00151,0.00137,0.00169,0.00094,0.00284,1924,10.228543646799071,9.599377500297111,10.969746485538712,7.179221754768011,14.316940644050463
Polymer,20231008_ZRH,9,overall,1924,32.48,28.592712656125062,46.34135976434844,19.5,81.08,1924,2.923426938037965,-4.743771776147632,11.18,-41.97,37.23,1924,0.00155,0.0014177947448046,0.00174,0.00111,0.0031186105303838,1924,0.00184,0.00166,0.00209,0.00126,0.003802476060647,1924,10.976746381446155,9.65606730098557,12.635757229704442,7.749647470663645,16.041883117461825
C2RCC+RAdCor,20231008_ZRH,10,overall,1921,37.93,16.09,58.1,4.33,107.34,1921,-37.93,-58.1,-16.09,-107.34,4.68,1921,0.00188,0.00115,0.00233,0.00038,0.00389,1921,0.00204,0.00127,0.00258,0.00049,0.00445,1921,4.661824192781688,3.971243780725762,5.376664298383631,2.739449469342562,7.829278787342567
C2RCC,20231008_ZRH,11,overall,1926,54.260000000000005,26.262500000000003,72.0125,4.62,118.23,1926,-54.260000000000005,-72.0125,-26.262500000000003,-118.23,1.35,1926,0.00219,0.00165,0.00264,0.00047,0.00439,1926,0.0024,0.00173,0.00291,0.00057,0.00487,1926,5.254994874721719,4.606988009047351,5.9653529195716715,2.951848830327836,10.73710119908406
ACOLITE,20240618_BIE,1,443,91,13.62,5.95,20.155,1.1,37.51,91,13.62,5.71,20.155,-9.46,37.51,91,0.0004434764641098,0.00018852360823379998,0.00062493941608415,3.563342717492583e-05,0.0011214213132712,91,0.0004434764641098,0.00018852360823379998,0.00062493941608415,3.563342717492583e-05,0.0011214213132712,0,,,,,
ACOLITE+T-Mart,20240618_BIE,2,443,91,25.25,17.424999999999997,33.14,2.56,52.18,91,25.25,17.424999999999997,33.14,2.56,52.18,91,0.0008147462723746,0.00055524026633945,0.00101401024825475,8.553885129404049e-05,0.0015599354788515,91,0.0008147462723746,0.00055524026633945,0.00101401024825475,8.553885129404049e-05,0.0015599354788515,0,,,,,
GAAC,20240618_BIE,3,443,91,26.0,15.46,35.825,7.31,78.82,91,26.0,15.46,35.825,-9.4,78.82,91,0.0008013470828668,0.000502311536015,0.0011129692110866001,0.0002372143661334,0.0023565053614613,91,0.0008013470828668,0.000502311536015,0.0011129692110866001,0.0002372143661334,0.0023565053614613,0,,,,,
ACOLITE+RAdCor,20240618_BIE,4,443,91,41.52,32.325,48.019999999999996,22.68,71.72,91,41.52,32.325,48.019999999999996,22.68,71.72,91,0.0013151553464624,0.0010296978489463,0.0015354051573096,0.0007588976455957,0.0021442481934878,91,0.0013151553464624,0.0010296978489463,0.0015354051573096,0.0007588976455957,0.0021442481934878,0,,,,,
RAdCor+ACOLITE,20240618_BIE,5,443,91,61.73,50.71,68.07,33.3,88.29,91,61.73,50.71,68.07,33.3,88.29,91,0.0019539176622431,0.0016339979750925999,0.0021315094635529002,0.0011144221222133,0.00267442521054,91,0.0019539176622431,0.0016339979750925999,0.0021315094635529002,0.0011144221222133,0.00267442521054,0,,,,,
C2RCC,20240618_BIE,6,443,91,99.3,90.935,109.62,77.44,139.56,91,-99.3,-109.62,-90.935,-139.56,-77.44,91,0.0015953970999413,0.0014732910973132502,0.0016953675099352001,0.001295283555049,0.0019898746082068,91,0.0015953970999413,0.0014732910973132502,0.0016953675099352001,0.001295283555049,0.0019898746082068,0,,,,,
C2RCC+T-Mart,20240618_BIE,7,443,91,107.07,97.32,114.73,80.48,139.63,91,-107.07,-114.73,-97.32,-139.63,-80.48,91,0.0016492981531976,0.001528838190512,0.0017204671222653001,0.0013331407427153,0.0019903143905694,91,0.0016492981531976,0.001528838190512,0.0017204671222653001,0.0013331407427153,0.0019903143905694,0,,,,,
C2RCC+RAdCor,20240618_BIE,8,443,91,114.1,104.67500000000001,123.7,90.52,143.72,91,-114.1,-123.7,-104.67500000000001,-143.72,-90.52,91,0.0016790970388208,0.00157855037281565,0.00180117933831555,0.0013766465530663,0.0019736066593575,91,0.0016790970388208,0.00157855037281565,0.00180117933831555,0.0013766465530663,0.0019736066593575,0,,,,,
Polymer+Radcor,20240618_BIE,9,443,91,172.53,149.76999999999998,188.94,122.48,220.97,91,172.53,149.76999999999998,188.94,122.48,220.97,91,0.0056005109892398,0.0047717110952086,0.0059130379412496,0.004099281284366,0.0066060682290418,91,0.0056005109892398,0.0047717110952086,0.0059130379412496,0.004099281284366,0.0066060682290418,0,,,,,
Polymer+T-Mart,20240618_BIE,10,443,91,217.53,205.905,228.385,171.65,266.05,91,217.53,205.905,228.385,171.65,266.05,91,0.0068869297663582,0.00648897546779785,0.00722494501430565,0.0057447052790354,0.0079538613945427,91,0.0068869297663582,0.00648897546779785,0.00722494501430565,0.0057447052790354,0.0079538613945427,0,,,,,
Polymer,20240618_BIE,11,443,91,238.24,223.66,248.79500000000002,191.41,282.66,91,238.24,223.66,248.79500000000002,191.41,282.66,91,0.007492487280579,0.0071644354781158995,0.007803675436137849,0.0064059707550083,0.0084503509283824,91,0.007492487280579,0.0071644354781158995,0.007803675436137849,0.0064059707550083,0.0084503509283824,0,,,,,
ACOLITE,20240618_BIE,1,490,91,8.43,5.54,13.045,0.75,20.6,91,4.49,-6.34,10.934999999999999,-20.6,19.03,91,0.0003743147731833,0.0002416385696407,0.0005917625698149,3.328459042954441e-05,0.0008619578301436,91,0.0003743147731833,0.0002416385696407,0.0005917625698149,3.328459042954441e-05,0.0008619578301436,0,,,,,
ACOLITE+T-Mart,20240618_BIE,2,490,91,12.07,4.775,18.83,0.07,27.89,91,12.07,1.26,18.83,-11.08,27.89,91,0.00056176973985,0.00021677939596425,0.0008834635426702,3.330833415984835e-06,0.0012632176957554,91,0.00056176973985,0.00021677939596425,0.0008834635426702,3.330833415984835e-06,0.0012632176957554,0,,,,,
ACOLITE+RAdCor,20240618_BIE,3,490,91,28.92,19.625,34.44,6.33,47.76,91,28.92,19.625,34.44,6.33,47.76,91,0.0013187519876711,0.0008994984655741,0.0015893176720334,0.0002984372221119,0.0021634131416208,91,0.0013187519876711,0.0008994984655741,0.0015893176720334,0.0002984372221119,0.0021634131416208,0,,,,,
RAdCor+ACOLITE,20240618_BIE,4,490,91,32.15,22.875,39.28,8.34,50.12,91,32.15,22.875,39.28,8.34,50.12,91,0.0014968044284393,0.00105644719891445,0.0018331997230756,0.0003932197831757,0.0022380608468401,91,0.0014968044284393,0.00105644719891445,0.0018331997230756,0.0003932197831757,0.0022380608468401,0,,,,,
GAAC,20240618_BIE,5,490,91,33.69,24.225,44.254999999999995,3.82,70.95,91,33.69,24.225,44.254999999999995,3.82,70.95,91,0.0015756631945368,0.0010919414496644501,0.00206549786248495,0.000178107397984,0.0032134379022479,91,0.0015756631945368,0.0010919414496644501,0.00206549786248495,0.000178107397984,0.0032134379022479,0,,,,,
C2RCC,20240618_BIE,6,490,91,66.66,62.39,75.03999999999999,53.7,91.88,91,-66.66,-75.03999999999999,-62.39,-91.88,-53.7,91,0.0018677440745251,0.0017726279739440501,0.0020044357622296003,0.0015601494263232,0.0022023806585615,91,0.0018677440745251,0.0017726279739440501,0.0020044357622296003,0.0015601494263232,0.0022023806585615,0,,,,,
C2RCC+RAdCor,20240618_BIE,7,490,91,68.19,65.205,75.715,57.95,89.76,91,-68.19,-75.715,-65.205,-89.76,-57.95,91,0.0018839841124625,0.0018096212696597,0.001989652437301,0.0016226930026146,0.0022161056625116,91,0.0018839841124625,0.0018096212696597,0.001989652437301,0.0016226930026146,0.0022161056625116,0,,,,,
C2RCC+T-Mart,20240618_BIE,8,490,91,69.42,65.345,77.66499999999999,56.84,88.84,91,-69.42,-77.66499999999999,-65.345,-88.84,-56.84,91,0.0018989604314624,0.00183928135276155,0.0020128723040932998,0.0016184257031127,0.0022176970020362,91,0.0018989604314624,0.00183928135276155,0.0020128723040932998,0.0016184257031127,0.0022176970020362,0,,,,,
Polymer+Radcor,20240618_BIE,9,490,91,131.53,113.805,142.77999999999997,97.02,160.35,91,131.53,113.805,142.77999999999997,97.02,160.35,91,0.0060960820084697,0.005258228588554251,0.00658267913267875,0.0045733588007123,0.0072626479612763,91,0.0060960820084697,0.005258228588554251,0.00658267913267875,0.0045733588007123,0.0072626479612763,0,,,,,
Polymer+T-Mart,20240618_BIE,10,490,91,168.57,157.66,174.165,139.56,195.56,91,168.57,157.66,174.165,139.56,195.56,91,0.0077220964190896,0.00730292697703055,0.008101695044227999,0.0065791659875498,0.0088572623447216,91,0.0077220964190896,0.00730292697703055,0.008101695044227999,0.0065791659875498,0.0088572623447216,0,,,,,
Polymer,20240618_BIE,11,490,91,184.8,175.155,191.85000000000002,156.58,211.33,91,184.8,175.155,191.85000000000002,156.58,211.33,91,0.0084572836597527,0.0081174625140328,0.00886454413686915,0.0073813337600724,0.0095719064605361,91,0.0084572836597527,0.0081174625140328,0.00886454413686915,0.0073813337600724,0.0095719064605361,0,,,,,
ACOLITE,20240618_BIE,1,560,91,5.89,2.805,9.2,0.01,15.19,91,0.01,-5.865,5.87,-15.19,13.48,91,0.0003493091921403,0.00017017160641965,0.0005692415663200001,4.81352458477427e-07,0.0008292005851702,91,0.0003493091921403,0.00017017160641965,0.0005692415663200001,4.81352458477427e-07,0.0008292005851702,0,,,,,
ACOLITE+T-Mart,20240618_BIE,2,560,91,6.05,3.29,10.934999999999999,0.01,15.45,91,1.48,-4.67,7.575,-13.84,15.45,91,0.0003652304989202,0.00019632522402115,0.00064911517468175,6.20922184944514e-07,0.0009469446930952,91,0.0003652304989202,0.00019632522402115,0.00064911517468175,6.20922184944514e-07,0.0009469446930952,0,,,,,
RAdCor+ACOLITE,20240618_BIE,3,560,91,8.02,5.18,13.655000000000001,0.12,22.09,91,8.02,1.9249999999999998,13.655000000000001,-6.88,22.09,91,0.0004760289661228,0.0003089640817618,0.0008491641605372999,7.554635869026598e-06,0.001353744531042,91,0.0004760289661228,0.0003089640817618,0.0008491641605372999,7.554635869026598e-06,0.001353744531042,0,,,,,
ACOLITE+RAdCor,20240618_BIE,4,560,91,13.33,6.4399999999999995,17.355,0.07,27.61,91,13.33,6.4399999999999995,17.355,-0.94,27.61,91,0.0008082280125558,0.0003929481327564,0.0010702780679322,4.313375788927466e-06,0.0016919505987234,91,0.0008082280125558,0.0003929481327564,0.0010702780679322,4.313375788927466e-06,0.0016919505987234,0,,,,,
GAAC,20240618_BIE,5,560,91,43.14,35.89,51.225,22.98,72.66,91,43.14,35.89,51.225,22.98,72.66,91,0.0027606336505365,0.0021993912696115,0.0031689405854473,0.0014254345374344,0.0044528720291602,91,0.0027606336505365,0.0021993912696115,0.0031689405854473,0.0014254345374344,0.0044528720291602,0,,,,,
Polymer+Radcor,20240618_BIE,6,560,91,53.72,49.825,62.735,40.79,74.57,91,53.72,49.825,62.735,40.79,74.57,91,0.0034082304000688,0.0030262391627495,0.0039104604093072,0.0025482931920931,0.0045431989093402,91,0.0034082304000688,0.0030262391627495,0.0039104604093072,0.0025482931920931,0.0045431989093402,0,,,,,
C2RCC+RAdCor,20240618_BIE,7,560,91,66.49,62.474999999999994,71.36,53.67,85.72,91,-66.49,-71.36,-62.474999999999994,-85.72,-53.67,91,0.0024970965007752,0.0023157731681011,0.00262290364504865,0.0020881903581098,0.0029254432776523,91,0.0024970965007752,0.0023157731681011,0.00262290364504865,0.0020881903581098,0.0029254432776523,0,,,,,
Polymer+T-Mart,20240618_BIE,8,560,91,76.87,72.35,85.275,65.93,94.87,91,76.87,72.35,85.275,65.93,94.87,91,0.0048113676719097,0.00451303188260315,0.0050603059996907,0.004122195856938,0.005813801450846,91,0.0048113676719097,0.00451303188260315,0.0050603059996907,0.004122195856938,0.005813801450846,0,,,,,
Polymer,20240618_BIE,9,560,91,87.91,84.095,97.325,78.03,106.25,91,87.91,84.095,97.325,78.03,106.25,91,0.0055519443911688,0.0052635473255988,0.005802246052909301,0.0048744866473653,0.006478798629131,91,0.0055519443911688,0.0052635473255988,0.005802246052909301,0.0048744866473653,0.006478798629131,0,,,,,
C2RCC+T-Mart,20240618_BIE,10,560,91,101.79,95.515,108.855,83.77,126.81,91,-101.79,-108.855,-95.515,-126.81,-83.77,91,0.0031537106867027,0.00298686470546275,0.00324554578889795,0.0027164734909109,0.0035147719796389,91,0.0031537106867027,0.00298686470546275,0.00324554578889795,0.0027164734909109,0.0035147719796389,0,,,,,
C2RCC,20240618_BIE,11,560,91,114.22,107.435,122.565,94.56,141.43,91,-114.22,-122.565,-107.435,-141.43,-94.56,91,0.003329630452432,0.00317346301305925,0.0034287395319378498,0.0028964537187276,0.0036825915655311,91,0.003329630452432,0.00317346301305925,0.0034287395319378498,0.0028964537187276,0.0036825915655311,0,,,,,
RAdCor+ACOLITE,20240618_BIE,1,665,91,8.79,3.155,20.705,0.02,50.16,91,-2.03,-16.795,4.525,-50.16,25.44,91,0.0001354981631174,4.91818914564252e-05,0.00029354027624855,3.648020618558269e-07,0.0006007667435278,91,0.0001354981631174,4.91818914564252e-05,0.00029354027624855,3.648020618558269e-07,0.0006007667435278,0,,,,,
Polymer+Radcor,20240618_BIE,2,665,91,10.68,6.67,14.850000000000001,0.18,30.14,91,10.68,6.67,14.850000000000001,-6.06,30.14,91,0.0001762071584237,0.00010331263037115,0.000241103945416,3.146928290389964e-06,0.0004642191329125,91,0.0001762071584237,0.00010331263037115,0.000241103945416,3.146928290389964e-06,0.0004642191329125,0,,,,,
ACOLITE+RAdCor,20240618_BIE,3,665,91,23.31,12.215,31.729999999999997,0.03,55.53,91,23.31,12.215,31.729999999999997,-6.15,55.53,91,0.000382983455602,0.00019981043601475,0.00050353366808645,5.639085652231392e-07,0.0008552414977577,91,0.000382983455602,0.00019981043601475,0.00050353366808645,5.639085652231392e-07,0.0008552414977577,0,,,,,
Polymer+T-Mart,20240618_BIE,4,665,91,23.89,20.16,28.43,9.74,43.35,91,23.89,20.16,28.43,9.74,43.35,91,0.0003920290486846,0.000332881687564,0.0004523169899517,0.0001751781817355,0.0006676781360012,91,0.0003920290486846,0.000332881687564,0.0004523169899517,0.0001751781817355,0.0006676781360012,0,,,,,
Polymer,20240618_BIE,5,665,91,31.46,27.42,36.745,17.05,51.06,91,31.46,27.42,36.745,17.05,51.06,91,0.0005265021213119,0.00046188773177315,0.00058530790924655,0.0003066891164011,0.000786375944091,91,0.0005265021213119,0.00046188773177315,0.00058530790924655,0.0003066891164011,0.000786375944091,0,,,,,
ACOLITE+T-Mart,20240618_BIE,6,665,91,59.78,46.62,130.735,14.59,212.84,91,-59.78,-130.735,-46.62,-212.84,-14.59,91,0.0006192759594688,0.0005131518750917999,0.00088883850480815,0.000196036821452,0.0011991565735025,91,0.0006192759594688,0.0005131518750917999,0.00088883850480815,0.000196036821452,0.0011991565735025,0,,,,,
ACOLITE,20240618_BIE,7,665,91,91.72,75.685,206.75,33.63,357.28,91,-91.72,-206.75,-75.685,-357.28,-33.63,91,0.0007994266327278,0.00069471647076845,0.0010671149059377,0.0003876201195987,0.0013750010149033,91,0.0007994266327278,0.00069471647076845,0.0010671149059377,0.0003876201195987,0.0013750010149033,0,,,,,
C2RCC+RAdCor,20240618_BIE,8,665,91,155.9,148.425,161.98,130.42,188.88,91,-155.9,-161.98,-148.425,-188.88,-130.42,91,0.0010138937119188,0.0009623482137959001,0.0010498823001055,0.0008662467805467,0.0011552494095368,91,0.0010138937119188,0.0009623482137959001,0.0010498823001055,0.0008662467805467,0.0011552494095368,0,,,,,
GAAC,20240618_BIE,9,665,91,193.37,175.14,212.94,131.3,294.27,91,193.37,175.14,212.94,131.3,294.27,91,0.0032156394121597,0.0028631894527340503,0.0034314486355816,0.0022875171536706,0.0045321338013496,91,0.0032156394121597,0.0028631894527340503,0.0034314486355816,0.0022875171536706,0.0045321338013496,0,,,,,
C2RCC+T-Mart,20240618_BIE,10,665,91,243.14,235.57999999999998,255.685,205.76,285.18,91,-243.14,-255.685,-235.57999999999998,-285.18,-205.76,91,0.0011758737132159,0.0011254790419704,0.0012200424415868502,0.0010196012183253,0.0013314878815473,91,0.0011758737132159,0.0011254790419704,0.0012200424415868502,0.0010196012183253,0.0013314878815473,0,,,,,
C2RCC,20240618_BIE,11,665,91,265.94,255.64999999999998,275.41999999999996,217.42,294.13,91,-265.94,-275.41999999999996,-255.64999999999998,-294.13,-217.42,91,0.0012059364024992,0.0011512433390083502,0.0012478604831648,0.0010241905800893,0.0013420809372498,91,0.0012059364024992,0.0011512433390083502,0.0012478604831648,0.0010241905800893,0.0013420809372498,0,,,,,
ACOLITE,20240618_BIE,1,overall,91,11.73,7.925,16.509999999999998,5.47,26.12,91,2.24,-6.315,7.425,-17.42,16.22,91,0.00049,0.00043,0.00062,0.00034,0.00081,91,0.00058,0.00051,0.000635,0.00044,0.00089,91,6.316844579151967,5.837834961205129,7.747479686779736,4.560121375801245,9.453841744294554
ACOLITE+T-Mart,20240618_BIE,2,overall,91,18.62,12.649999999999999,23.095,5.98,32.55,91,6.69,-1.8399999999999999,12.145,-12.01,21.51,91,0.00058,0.00049,0.0007,0.00035,0.00101,91,0.00065,0.00057,0.00076,0.00047,0.00111,91,6.901492070587812,6.4293085926038245,7.701881047760223,4.925293736682408,9.204655164835785
RAdCor+ACOLITE,20240618_BIE,3,overall,91,22.05,19.985,26.134999999999998,15.78,36.85,91,19.92,12.07,25.5,1.46,36.85,91,0.00099,0.000775,0.00121,0.00059,0.00165,91,0.00125,0.001,0.001455,0.00067,0.00187,91,9.204846955309264,8.7176663536065,9.54409913094582,5.32439462592595,10.384535184791623
ACOLITE+RAdCor,20240618_BIE,4,overall,91,25.9,15.78,33.575,4.25,51.6,91,25.9,15.78,33.575,3.31,51.6,91,0.00096,0.000625,0.00114,0.00028,0.00171,91,0.00105,0.000725,0.00123,0.00041,0.00179,91,5.133231291361508,4.529893807971444,5.6628532305655215,2.007390996845878,6.864592408101854
GAAC,20240618_BIE,5,overall,91,38.51,30.125,46.635000000000005,15.17,75.72,91,38.51,30.125,46.635000000000005,13.12,75.72,91,0.00207,0.00167,0.0024000000000000002,0.00104,0.00364,91,0.0023,0.001905,0.00259,0.00136,0.00375,91,11.864765992864267,11.626023986931582,12.282393536118235,10.653092594616696,13.173265060294598
Polymer+Radcor,20240618_BIE,6,overall,91,89.07,79.675,98.18,67.11,112.92,91,89.07,79.675,98.18,67.11,112.92,91,0.00385,0.003295,0.004165,0.00283,0.00472,91,0.00449,0.003865,0.00485,0.00333,0.00541,91,13.596177182670392,12.664144736042676,14.603985605744018,10.853158384615853,15.556905806513733
C2RCC+RAdCor,20240618_BIE,7,overall,91,89.31,85.755,97.62,75.74,114.0,91,-89.31,-97.62,-85.755,-114.0,-75.74,91,0.00177,0.00171,0.00183,0.00154,0.00205,91,0.00184,0.00178,0.001915,0.0016,0.00215,91,5.71167938297094,5.219766818360572,6.2057597600337715,4.417605436831938,7.788447445438426
C2RCC+T-Mart,20240618_BIE,8,overall,91,101.11,97.64500000000001,112.00999999999999,85.23,128.16,91,-101.11,-112.00999999999999,-97.64500000000001,-128.16,-85.23,91,0.00195,0.0019,0.00202,0.0017,0.00222,91,0.00208,0.00203,0.002155,0.00181,0.00236,91,6.849933902425051,6.575274657719345,7.116768632415175,6.179587600342066,8.110563051943135
C2RCC,20240618_BIE,9,overall,91,103.65,99.39,115.055,87.82,134.8,91,-103.65,-115.055,-99.39,-134.8,-87.82,91,0.00199,0.00193,0.00206,0.00172,0.00225,91,0.00215,0.0020749999999999996,0.00222,0.00186,0.00242,91,8.24182275935315,7.95084052268807,8.38299864186281,6.667763907464591,9.360344081511885
Polymer+T-Mart,20240618_BIE,10,overall,91,117.94,111.315,124.55000000000001,99.99,139.99,91,117.94,111.315,124.55000000000001,99.99,139.99,91,0.00495,0.004665,0.00521,0.00418,0.00582,91,0.0057,0.005390000000000001,0.005995,0.00484,0.00663,91,14.302993457339952,13.677087523020827,15.15933508147558,11.439281943953688,16.03666456391298
Polymer,20240618_BIE,11,overall,91,131.98,125.975,139.015,114.4,153.07,91,131.98,125.975,139.015,114.4,153.07,91,0.0055,0.005265000000000001,0.00574,0.00476,0.00632,91,0.00629,0.006025,0.006585000000000001,0.00547,0.00717,91,14.307820937638503,13.678586130884906,15.028988410550694,11.161686453024505,15.700489402387868
ACOLITE+T-Mart,20240619_WAL,1,443,210,7.51,3.4250000000000003,14.1875,0.14,227.18,210,-5.01,-13.75,0.065,-227.18,21.42,210,0.0005083715444474,0.00022233543694415,0.0009167704508719751,1.0015801593541916e-05,0.004933003683639,210,0.0005083715444474,0.00022233543694415,0.0009167704508719751,1.0015801593541916e-05,0.004933003683639,0,,,,,
RAdCor+ACOLITE,20240619_WAL,2,443,210,7.58,4.005,12.3475,0.08,214.93,210,4.33,-2.9325,9.83,-214.93,33.52,210,0.0005141896162427001,0.00028940089206044996,0.0008269543321845751,6.058810541153051e-06,0.0048485208517586,210,0.0005141896162427001,0.00028940089206044996,0.0008269543321845751,6.058810541153051e-06,0.0048485208517586,0,,,,,
C2RCC,20240619_WAL,3,443,210,8.99,4.245,17.287499999999998,0.02,44.6,210,8.879999999999999,4.15,16.9575,-19.59,44.6,210,0.00063043408411635,0.00029063294597440003,0.0011814078037453999,1.6616363201944762e-06,0.0029558206713191,210,0.00063043408411635,0.00029063294597440003,0.0011814078037453999,1.6616363201944762e-06,0.0029558206713191,0,,,,,
Polymer+T-Mart,20240619_WAL,4,443,210,17.439999999999998,12.032499999999999,27.1525,3.61,141.82,210,17.439999999999998,12.032499999999999,27.1525,3.61,141.82,210,0.00118513628223225,0.0008414035731159251,0.0019009265750931,0.0002758319655034,0.0098824716683149,210,0.00118513628223225,0.0008414035731159251,0.0019009265750931,0.0002758319655034,0.0098824716683149,0,,,,,
Polymer+Radcor,20240619_WAL,5,443,210,21.689999999999998,14.9725,32.1275,2.1,101.02,210,21.689999999999998,14.9725,32.1275,2.1,101.02,210,0.0014165375331333,0.00100863908615705,0.002191681214650675,0.0002002087216301,0.0066913689182319,210,0.0014165375331333,0.00100863908615705,0.002191681214650675,0.0002002087216301,0.0066913689182319,0,,,,,
ACOLITE,20240619_WAL,6,443,210,22.655,16.439999999999998,31.895,1.72,389.68,210,-22.655,-31.895,-16.439999999999998,-389.68,4.88,210,0.00132069407520945,0.000971727835243875,0.001804446350019725,0.0001064102847702,0.0056535926396672,210,0.00132069407520945,0.000971727835243875,0.001804446350019725,0.0001064102847702,0.0056535926396672,0,,,,,
C2RCC+RAdCor,20240619_WAL,7,443,210,22.83,17.1375,29.6975,0.46,51.05,210,-22.83,-29.6975,-16.7975,-51.05,21.69,210,0.0013066800168003,0.0010133892097352998,0.001655094972286525,3.324863414963606e-05,0.0032167244412074,210,0.0013066800168003,0.0010133892097352998,0.001655094972286525,3.324863414963606e-05,0.0032167244412074,0,,,,,
C2RCC+T-Mart,20240619_WAL,8,443,210,29.545,22.814999999999998,36.14,0.8,47.37,210,-29.545,-36.14,-22.814999999999998,-47.37,9.04,210,0.00155620949328785,0.00122976738731485,0.001901927890972425,5.689205249440141e-05,0.0025171449093455,210,0.00155620949328785,0.00122976738731485,0.001901927890972425,5.689205249440141e-05,0.0025171449093455,0,,,,,
ACOLITE+RAdCor,20240619_WAL,9,443,210,52.224999999999994,44.4925,59.7625,1.69,92.6,210,52.015,43.894999999999996,59.7625,-55.43,92.6,210,0.0036643006987354,0.003212607178454725,0.004124677618662225,0.0001117628680589,0.005676981778263,210,0.0036643006987354,0.003212607178454725,0.004124677618662225,0.0001117628680589,0.005676981778263,0,,,,,
Polymer,20240619_WAL,10,443,210,77.375,68.91250000000001,95.185,57.27,175.97,210,77.375,68.91250000000001,95.185,57.27,175.97,210,0.005259517018154251,0.004849651171472125,0.0066396782522969,0.0042264177402027,0.011656199037809,210,0.005259517018154251,0.004849651171472125,0.0066396782522969,0.0042264177402027,0.011656199037809,0,,,,,
GAAC,20240619_WAL,11,443,209,110.48,98.73,122.11,63.35,247.94,209,-110.48,-122.11,-98.73,-247.94,-63.35,209,0.0036597251747753,0.003365916430492,0.0039953924140856,0.0023775513805506,0.0067827273720281,209,0.0036597251747753,0.003365916430492,0.0039953924140856,0.0023775513805506,0.0067827273720281,0,,,,,
C2RCC,20240619_WAL,1,490,210,4.82,2.0425,8.5875,0.07,34.96,210,1.4,-3.2275,5.904999999999999,-34.96,23.06,210,0.00046710656372270004,0.000203063545096775,0.0008415602261175,6.629335998691727e-06,0.0035503028468666,210,0.00046710656372270004,0.000203063545096775,0.0008415602261175,6.629335998691727e-06,0.0035503028468666,0,,,,,
RAdCor+ACOLITE,20240619_WAL,2,490,210,6.295,2.835,13.9475,0.22,42.41,210,-5.355,-13.6725,-0.8600000000000001,-42.41,17.87,210,0.0005899678331498499,0.000273197894892875,0.00126272143573075,1.9249205335140213e-05,0.0040813274499206,210,0.0005899678331498499,0.000273197894892875,0.00126272143573075,1.9249205335140213e-05,0.0040813274499206,0,,,,,
Polymer+T-Mart,20240619_WAL,3,490,210,7.475,3.6775,12.675,0.19,61.46,210,7.475,3.2125,12.675,-5.25,61.46,210,0.00073946346407375,0.000372378680940025,0.00121073082599525,1.9073099870491744e-05,0.0064328666942537,210,0.00073946346407375,0.000372378680940025,0.00121073082599525,1.9073099870491744e-05,0.0064328666942537,0,,,,,
ACOLITE+T-Mart,20240619_WAL,4,490,210,10.825,6.2325,20.3675,0.19,54.36,210,-10.77,-20.3675,-5.715,-54.36,11.58,210,0.00099129541771715,0.000567113214565025,0.00176347362121125,1.781151227903295e-05,0.0048262504678397,210,0.00099129541771715,0.000567113214565025,0.00176347362121125,1.781151227903295e-05,0.0048262504678397,0,,,,,
Polymer+Radcor,20240619_WAL,5,490,210,12.754999999999999,7.3025,16.515,0.0,53.8,210,12.675,7.265,16.515,-14.31,53.8,210,0.0012510623280707,0.00074868606695465,0.001632674573669225,1.8331809792382362e-08,0.0052293121207279,210,0.0012510623280707,0.00074868606695465,0.001632674573669225,1.8331809792382362e-08,0.0052293121207279,0,,,,,
C2RCC+RAdCor,20240619_WAL,6,490,210,15.915000000000001,10.93,20.755,0.39,47.69,210,-15.915000000000001,-20.755,-10.93,-47.69,9.84,210,0.00136101738805645,0.0009659356075207,0.001730093426224275,3.40580640123371e-05,0.0044256692586896,210,0.00136101738805645,0.0009659356075207,0.001730093426224275,3.40580640123371e-05,0.0044256692586896,0,,,,,
ACOLITE+RAdCor,20240619_WAL,7,490,210,16.93,11.149999999999999,24.275,0.45,42.71,210,16.665,10.3825,23.7775,-28.23,42.71,210,0.00169245712852805,0.0011392336045789502,0.002262814717951825,4.584940594243997e-05,0.003687976346251,210,0.00169245712852805,0.0011392336045789502,0.002262814717951825,4.584940594243997e-05,0.003687976346251,0,,,,,
ACOLITE,20240619_WAL,8,490,210,19.814999999999998,13.825,29.445,0.25,62.67,210,-19.814999999999998,-29.445,-13.825,-62.67,3.47,210,0.0016521994144649,0.00119670780983,0.002334924440565275,2.211157781743973e-05,0.005280179884675,210,0.0016521994144649,0.00119670780983,0.002334924440565275,2.211157781743973e-05,0.005280179884675,0,,,,,
C2RCC+T-Mart,20240619_WAL,9,490,210,20.68,15.337499999999999,25.485,0.32,39.57,210,-20.68,-25.485,-15.337499999999999,-39.57,5.84,210,0.0016718467862034498,0.001216993164551725,0.002073674331436125,3.275015313338771e-05,0.0038760352798625,210,0.0016718467862034498,0.001216993164551725,0.002073674331436125,3.275015313338771e-05,0.0038760352798625,0,,,,,
Polymer,20240619_WAL,10,490,210,36.345,31.2425,43.235,19.1,84.26,210,36.345,31.2425,43.235,19.1,84.26,210,0.00352511970437015,0.0030982856238097,0.004321503908708051,0.0022181852709604,0.0081897153208622,210,0.00352511970437015,0.0030982856238097,0.004321503908708051,0.0022181852709604,0.0081897153208622,0,,,,,
GAAC,20240619_WAL,11,490,210,54.785,46.0525,63.9025,27.92,130.35,210,-54.785,-63.9025,-46.0525,-130.35,-27.92,210,0.0035018592219411,0.0030555149103806503,0.00405759565593435,0.0018845344123851,0.0077553947796479,210,0.0035018592219411,0.0030555149103806503,0.00405759565593435,0.0018845344123851,0.0077553947796479,0,,,,,
Polymer+Radcor,20240619_WAL,1,560,210,3.935,1.99,7.3525,0.02,25.28,210,2.42,-1.39,6.7675,-25.28,23.07,210,0.0004125372861928,0.0002232390942163,0.000788476587480625,2.6527363161197443e-06,0.0030423553182187,210,0.0004125372861928,0.0002232390942163,0.000788476587480625,2.6527363161197443e-06,0.0030423553182187,0,,,,,
Polymer+T-Mart,20240619_WAL,2,560,210,4.225,2.1675,6.785,0.05,20.61,210,-0.575,-5.3675,3.1625,-15.36,20.61,210,0.000456759701381,0.00023296196159095,0.0007317070897915,6.030880441092179e-06,0.002440990494267,210,0.000456759701381,0.00023296196159095,0.0007317070897915,6.030880441092179e-06,0.002440990494267,0,,,,,
RAdCor+ACOLITE,20240619_WAL,3,560,210,5.725,2.4875,10.715,0.03,34.4,210,-3.4800000000000004,-10.084999999999999,1.1275,-34.4,18.26,210,0.0006128138811874,0.000257679368885125,0.001101894196782275,3.1596990833285266e-06,0.0038584894416298,210,0.0006128138811874,0.000257679368885125,0.001101894196782275,3.1596990833285266e-06,0.0038584894416298,0,,,,,
ACOLITE,20240619_WAL,4,560,210,6.2,2.9125,12.105,0.01,36.97,210,-5.1,-11.785,-0.1625,-36.97,16.63,210,0.00065446196639915,0.00031968139015387496,0.0012297449796959,8.063096609122605e-07,0.0040697031570043,210,0.00065446196639915,0.00031968139015387496,0.0012297449796959,8.063096609122605e-07,0.0040697031570043,0,,,,,
ACOLITE+T-Mart,20240619_WAL,5,560,210,6.795,3.4074999999999998,13.14,0.03,35.96,210,-6.145,-13.13,-1.0125,-35.96,15.93,210,0.00070233085880105,0.000363319672798725,0.0013244770113141249,3.1212755684847243e-06,0.0039872215045061,210,0.00070233085880105,0.000363319672798725,0.0013244770113141249,3.1212755684847243e-06,0.0039872215045061,0,,,,,
ACOLITE+RAdCor,20240619_WAL,6,560,210,7.22,3.0300000000000002,12.7425,0.04,50.74,210,5.71,0.375,11.695,-50.74,29.03,210,0.00079834982762285,0.00034100246052939996,0.0013457377649769,4.5795935049060266e-06,0.0037709821606452,210,0.00079834982762285,0.00034100246052939996,0.0013457377649769,4.5795935049060266e-06,0.0037709821606452,0,,,,,
Polymer,20240619_WAL,7,560,210,14.17,10.087499999999999,18.495,1.22,38.07,210,14.17,10.087499999999999,18.495,-5.87,38.07,210,0.0015519704078337999,0.00115123507701065,0.0019337703834905,0.0001505034037934,0.0040371094387923,210,0.0015519704078337999,0.00115123507701065,0.0019337703834905,0.0001505034037934,0.0040371094387923,0,,,,,
GAAC,20240619_WAL,8,560,210,30.494999999999997,24.525,37.315,7.71,82.4,210,-30.494999999999997,-37.315,-24.525,-82.4,-7.71,210,0.00258135161255075,0.0021024660712878,0.003117452714691725,0.000685071606716,0.0068110046849182,210,0.00258135161255075,0.0021024660712878,0.003117452714691725,0.000685071606716,0.0068110046849182,0,,,,,
C2RCC+RAdCor,20240619_WAL,9,560,210,33.46,26.182499999999997,43.5275,7.03,97.42,210,-33.46,-43.5275,-26.182499999999997,-97.42,-7.03,210,0.0027715648984800003,0.0022632926763296,0.003452909261544525,0.0006279031605223,0.0074397141116441,210,0.0027715648984800003,0.0022632926763296,0.003452909261544525,0.0006279031605223,0.0074397141116441,0,,,,,
C2RCC+T-Mart,20240619_WAL,10,560,210,37.74,30.35,48.725,12.47,135.38,210,-37.74,-48.725,-30.35,-135.38,-12.47,210,0.00303308068920685,0.002531038394490675,0.003703779954610075,0.0010604539417333,0.0086712796318702,210,0.00303308068920685,0.002531038394490675,0.003703779954610075,0.0010604539417333,0.0086712796318702,0,,,,,
C2RCC,20240619_WAL,11,560,210,68.49,60.620000000000005,76.77250000000001,41.65,139.08,210,-68.49,-76.77250000000001,-60.620000000000005,-139.08,-41.65,210,0.0045139883784028004,0.0040281460685556,0.004961045803829349,0.0028122729551848,0.0087704258752362,210,0.0045139883784028004,0.0040281460685556,0.004961045803829349,0.0028122729551848,0.0087704258752362,0,,,,,
RAdCor+ACOLITE,20240619_WAL,1,665,210,13.170000000000002,5.35,29.945,0.03,263.46,210,-6.625,-24.787499999999998,2.8649999999999998,-263.46,152.91,210,0.0002804533207857,0.00011782542657645,0.00053713623178075,7.171516345737261e-07,0.0026283579970654,210,0.0002804533207857,0.00011782542657645,0.00053713623178075,7.171516345737261e-07,0.0026283579970654,0,,,,,
Polymer+Radcor,20240619_WAL,2,665,210,13.995000000000001,6.4,22.375,0.11,152.51,210,-9.254999999999999,-21.0775,1.8,-152.51,133.1,210,0.000290018680453,0.000139389730208625,0.00045552393245427503,2.3562374136094043e-06,0.003061324506973,210,0.000290018680453,0.000139389730208625,0.00045552393245427503,2.3562374136094043e-06,0.003061324506973,0,,,,,
ACOLITE,20240619_WAL,3,665,210,16.185000000000002,8.0175,36.7325,0.1,996.39,210,-14.85,-36.085,-2.825,-996.39,143.33,210,0.00033709407890665,0.000162914094173375,0.0006487999759175001,2.264382201790701e-06,0.0029433203487601,210,0.00033709407890665,0.000162914094173375,0.0006487999759175001,2.264382201790701e-06,0.0029433203487601,0,,,,,
ACOLITE+T-Mart,20240619_WAL,4,665,210,16.71,7.16,36.1,0.01,1412.78,210,-14.565000000000001,-33.675,-2.0599999999999996,-1412.78,147.42,210,0.00034079427285609997,0.00015519745528605,0.000630747891626875,2.097015240191437e-07,0.0028936897030975,210,0.00034079427285609997,0.00015519745528605,0.000630747891626875,2.097015240191437e-07,0.0028936897030975,0,,,,,
Polymer+T-Mart,20240619_WAL,5,665,210,19.4,8.93,29.0625,0.09,287.63,210,-18.09,-28.92,-6.4575000000000005,-287.63,73.69,210,0.0003771524011835,0.0001919102076535,0.0005642870397795,1.8617854465139555e-06,0.0037610535232816,210,0.0003771524011835,0.0001919102076535,0.0005642870397795,1.8617854465139555e-06,0.0037610535232816,0,,,,,
ACOLITE+RAdCor,20240619_WAL,6,665,210,30.535,16.885,45.0125,0.13,584.34,210,25.424999999999997,7.42,40.480000000000004,-584.34,197.16,210,0.0007167553141587,0.000402042079639075,0.0009780778788048249,2.906389954328379e-06,0.0021541073794556,210,0.0007167553141587,0.000402042079639075,0.0009780778788048249,2.906389954328379e-06,0.0021541073794556,0,,,,,
GAAC,20240619_WAL,7,665,210,60.290000000000006,44.7125,87.1725,1.65,400.84,210,-60.290000000000006,-87.1725,-44.425000000000004,-400.84,55.23,210,0.0008972299423986,0.0007038691731137249,0.0011445627344078,2.6490879135799426e-05,0.0040566240306303,210,0.0008972299423986,0.0007038691731137249,0.0011445627344078,2.6490879135799426e-05,0.0040566240306303,0,,,,,
C2RCC+RAdCor,20240619_WAL,8,665,210,73.77,55.8475,97.23,23.46,376.13,210,-73.77,-97.23,-55.8475,-376.13,46.77,210,0.00101118859875885,0.000810705967804525,0.0012387519678788749,0.0003139993870746,0.0040041044264078,210,0.00101118859875885,0.000810705967804525,0.0012387519678788749,0.0003139993870746,0.0040041044264078,0,,,,,
Polymer,20240619_WAL,9,665,210,74.60499999999999,58.86,93.185,19.51,308.36,210,-74.60499999999999,-93.185,-58.86,-308.36,42.97,210,0.0009973152074641,0.0008340064116625001,0.0012001599732265,0.0002623598663634,0.0038274233815456,210,0.0009973152074641,0.0008340064116625001,0.0012001599732265,0.0002623598663634,0.0038274233815456,0,,,,,
C2RCC+T-Mart,20240619_WAL,10,665,210,82.14,62.307500000000005,110.9675,22.1,574.32,210,-82.14,-110.9675,-62.307500000000005,-574.32,38.51,210,0.0010709001521172,0.000843334577332275,0.001266600804202175,0.0003419402913176,0.0043169890482736,210,0.0010709001521172,0.000843334577332275,0.001266600804202175,0.0003419402913176,0.0043169890482736,0,,,,,
C2RCC,20240619_WAL,11,665,210,191.625,171.79500000000002,215.535,29.0,585.23,210,-191.625,-215.535,-171.79500000000002,-585.23,-29.0,210,0.0015252826475118,0.00140033854155255,0.001699941454036825,0.0002456165681067,0.0043289536631761,210,0.0015252826475118,0.00140033854155255,0.001699941454036825,0.0002456165681067,0.0043289536631761,0,,,,,
ACOLITE+T-Mart,20240619_WAL,1,704,210,27.545,13.6625,44.9,0.57,687.95,210,21.225,2.615,38.4825,-260.45,687.95,210,0.00034831467109945,0.00018214881429545,0.00053527472146155,8.062631929695507e-06,0.001646983075057,210,0.00034831467109945,0.00018214881429545,0.00053527472146155,8.062631929695507e-06,0.001646983075057,0,,,,,
RAdCor+ACOLITE,20240619_WAL,2,704,210,33.785,17.92,50.01,0.13,734.25,210,28.975,7.93,46.0775,-289.55,734.25,210,0.0004229689894959,0.00023148125024755,0.0006081193226682,1.940830798745092e-06,0.0017578175627709,210,0.0004229689894959,0.00023148125024755,0.0006081193226682,1.940830798745092e-06,0.0017578175627709,0,,,,,
ACOLITE+RAdCor,20240619_WAL,3,704,203,39.93,20.21,60.81999999999999,0.34,1270.43,203,33.06,6.17,55.769999999999996,-1270.43,697.05,203,0.0005094290693354,0.0002736492499417,0.0007352500961268,4.4767125036717335e-06,0.0018537469167915,203,0.0005094290693354,0.0002736492499417,0.0007352500961268,4.4767125036717335e-06,0.0018537469167915,0,,,,,
C2RCC+RAdCor,20240619_WAL,4,704,210,61.620000000000005,41.3725,88.625,1.1,487.04,210,-61.2,-87.855,-41.11,-487.04,306.71,210,0.0004967428098994,0.000354991684117075,0.00064603522946555,9.286957267489186e-06,0.0030128343071883,210,0.0004967428098994,0.000354991684117075,0.00064603522946555,9.286957267489186e-06,0.0030128343071883,0,,,,,
C2RCC+T-Mart,20240619_WAL,5,704,210,70.16999999999999,48.8575,102.38499999999999,2.12,730.26,210,-69.43,-101.0775,-47.550000000000004,-730.26,283.82,210,0.00053990464135555,0.00039492697766519997,0.00068101480297955,1.993979522143933e-05,0.0031940470965946,210,0.00053990464135555,0.00039492697766519997,0.00068101480297955,1.993979522143933e-05,0.0031940470965946,0,,,,,
ACOLITE,20240619_WAL,6,704,210,79.53999999999999,59.5375,99.2325,0.55,986.1,210,79.53999999999999,59.5375,99.2325,-31.73,986.1,210,0.0010871390980674,0.00083622326066965,0.001247251082146725,6.824525688886628e-06,0.0023607630153269,210,0.0010871390980674,0.00083622326066965,0.001247251082146725,6.824525688886628e-06,0.0023607630153269,0,,,,,
GAAC,20240619_WAL,7,704,207,90.18,58.74,159.18,2.21,2150.49,207,-89.47,-158.16500000000002,-58.035,-2150.49,253.26,207,0.0006204971777453,0.00045201191400874997,0.00081703229912475,1.846798845652116e-05,0.0013598410755946,207,0.0006204971777453,0.00045201191400874997,0.00081703229912475,1.846798845652116e-05,0.0013598410755946,0,,,,,
Polymer+Radcor,20240619_WAL,8,704,210,121.09,74.4875,229.18,8.18,1330.36,210,-120.125,-225.465,-74.1725,-1330.36,237.75,210,0.00072655163507665,0.000549472176681375,0.00094578166325825,5.401382303241728e-05,0.0033775483810511,210,0.00072655163507665,0.000549472176681375,0.00094578166325825,5.401382303241728e-05,0.0033775483810511,0,,,,,
Polymer+T-Mart,20240619_WAL,9,704,204,123.45,84.2275,243.335,20.15,4891.13,204,-120.53,-243.335,-83.7925,-4891.13,194.5,204,0.00073450826321585,0.000569752972893125,0.0009484549381513999,0.0001583049419646,0.0014928436060396,204,0.00073450826321585,0.000569752972893125,0.0009484549381513999,0.0001583049419646,0.0014928436060396,0,,,,,
C2RCC,20240619_WAL,10,704,210,179.03,156.11,206.155,49.05,743.07,210,-179.03,-206.155,-156.11,-743.07,105.27,210,0.0008321086926115001,0.000742690726318925,0.00094644856409185,0.0002348890538484,0.0032006898928249,210,0.0008321086926115001,0.000742690726318925,0.00094644856409185,0.0002348890538484,0.0032006898928249,0,,,,,
Polymer,20240619_WAL,11,704,29,3413.77,2078.75,5726.91,665.46,11302.47,29,-3413.77,-5726.91,-2078.75,-11302.47,-665.46,29,0.0012598419839305,0.0011710077080528,0.0013362942674887,0.000863934582747,0.0015282744050396,29,0.0012598419839305,0.0011710077080528,0.0013362942674887,0.000863934582747,0.0015282744050396,0,,,,,
RAdCor+ACOLITE,20240619_WAL,1,overall,210,8.765,5.3875,13.200000000000001,0.94,213.67,210,-1.6600000000000001,-10.01,4.725,-213.67,33.52,210,0.00052,0.00035,0.00074,0.00015,0.00287,210,0.00059,0.00041,0.0008874999999999999,0.00018,0.00302,210,2.971680980105959,2.418575153920278,3.5073019379638932,1.0901186310554174,15.649249624180998
ACOLITE+T-Mart,20240619_WAL,2,overall,210,10.555,6.0024999999999995,16.915,1.01,225.88,210,-6.345000000000001,-14.7025,-0.5375,-225.88,21.42,210,0.00057,0.00036,0.00095,0.00015,0.0031,210,0.000645,0.00043,0.001135,0.00018,0.00336,210,2.661035433092728,2.206824086441881,3.30308830641224,1.232009968351814,16.239152569112978
Polymer+T-Mart,20240619_WAL,3,overall,210,13.305,9.6425,21.832500000000003,4.88,87.57647636918911,210,-0.16,-4.6625,3.6975,-15.36,39.42430334489433,210,0.0007,0.00055,0.00097,0.00037,0.005055641323797,210,0.00078,0.00062,0.00115,0.00043,0.0060653380793517,210,4.761917647347762,3.7991193918143225,6.695201494551281,1.956247789044841,16.487817415453048
Polymer+Radcor,20240619_WAL,4,overall,210,15.36,11.0625,22.3975,2.75,53.8,210,2.95,0.1325,7.1274999999999995,-25.28,35.78,210,0.00082,0.0006025,0.0011275,0.00033,0.00304,210,0.00096,0.0006925,0.00135,0.00038,0.00391,210,4.481682454683944,3.7644840325480358,6.679199005716393,2.2750707122160234,12.945911243273477
ACOLITE,20240619_WAL,5,overall,210,20.634999999999998,13.845,31.802500000000002,5.48,62.67,210,-14.344999999999999,-22.252499999999998,-5.2775,-62.67,16.63,210,0.001005,0.00075,0.0013675,0.00055,0.00338,210,0.001115,0.00089,0.001535,0.00061,0.00368,210,6.36632830988311,5.936323971431468,6.92817560775348,4.9275983995078185,19.59752383677664
ACOLITE+RAdCor,20240619_WAL,6,overall,210,26.17049216546246,16.48,41.5075,2.37,85.12,210,23.28,8.5425,39.8725,-50.01910319581955,85.12,210,0.001455,0.00109,0.0019075,0.00047,0.00307,210,0.00188,0.00159,0.0023,0.00056,0.00339,210,8.05413179257806,7.419165331905415,8.665191033344158,4.539015840160459,10.009408591690796
C2RCC+RAdCor,20240619_WAL,7,overall,210,33.370000000000005,26.490000000000002,43.5275,7.03,97.42,210,-33.370000000000005,-43.5275,-26.490000000000002,-97.42,-1.13,210,0.00139,0.0011524999999999999,0.0016575000000000001,0.00046,0.00442,210,0.00164,0.0013124999999999999,0.00194,0.00051,0.0047,210,4.148343016172131,2.9572705203334095,6.53004752484219,0.7118073406643111,15.142479852355182
C2RCC+T-Mart,20240619_WAL,8,overall,210,38.345,31.32,48.725,12.7,135.38,210,-38.345,-48.725,-31.32,-135.38,-6.53,210,0.00156,0.0013224999999999999,0.00185,0.00068,0.0044,210,0.00183,0.00153,0.0021475,0.00071,0.00495,210,4.098419117829112,2.8892555485274167,6.522139405590726,0.8520999222564061,19.009654707746925
Polymer,20240619_WAL,9,overall,210,50.92446167815895,44.67177826726835,65.13028980742419,30.171261896721635,112.46643353521964,210,23.2845977462392,17.93,29.36961622339953,6.065497042725254,58.40442752780612,210,0.0027597656640301,0.002440806948637175,0.003480432645455375,0.00189,0.0059849061961646,210,0.00325186254266045,0.0029237899530293,0.0041276232971945,0.00246,0.0072924821816218,210,10.998894287010742,10.181335293106923,12.73797886468187,8.82743118138689,17.953730220751808
GAAC,20240619_WAL,10,overall,210,60.61,48.6725,81.25999999999999,16.77,183.1019607427585,210,-60.61,-81.25999999999999,-48.5725,-183.1019607427585,-7.71,210,0.00225,0.00199,0.00263,0.0012,0.0063514377168062,210,0.0025849999999999996,0.0023025,0.00296,0.00147,0.0064999523485814,210,9.183094330052077,8.591200833181734,9.718999061900384,5.625386237193809,13.63875602811374
C2RCC,20240619_WAL,11,overall,210,68.49,60.620000000000005,76.77250000000001,29.0,139.08,210,-68.49,-76.77250000000001,-60.620000000000005,-139.08,13.98,210,0.001625,0.00146,0.00187,0.00115,0.00428,210,0.00228,0.0020425,0.0024575,0.00149,0.00492,210,16.035027420929623,14.88249790500571,17.506648064223974,12.88796848512009,20.343269326807416
Polymer+T-Mart,20250303_CST,1,443,31,104.02,91.33,108.88499999999999,74.28,139.14,31,104.02,91.33,108.88499999999999,74.28,139.14,31,0.0015456837683582,0.0014089459005944501,0.00165740745779705,0.0011560983044772,0.0020015138740605,31,0.0015456837683582,0.0014089459005944501,0.00165740745779705,0.0011560983044772,0.0020015138740605,0,,,,,
Polymer+Radcor,20250303_CST,2,443,31,107.0,94.465,118.145,80.33,151.24,31,107.0,94.465,118.145,80.33,151.24,31,0.0016266164232116,0.0014492061992554001,0.0017591751660498,0.0011774301947679,0.0020354362575907,31,0.0016266164232116,0.0014492061992554001,0.0017591751660498,0.0011774301947679,0.0020354362575907,0,,,,,
Polymer,20250303_CST,3,443,31,111.08,100.345,118.38,83.72,151.31,31,111.08,100.345,118.38,83.72,151.31,31,0.0016613321943731,0.0015229227293332,0.0017680474922632,0.0013022211759856,0.0020949110784259,31,0.0016613321943731,0.0015229227293332,0.0017680474922632,0.0013022211759856,0.0020949110784259,0,,,,,
C2RCC+T-Mart,20250303_CST,4,443,31,158.67,147.82999999999998,165.6,130.11,202.1,31,158.67,147.82999999999998,165.6,130.11,202.1,31,0.0024009363524683,0.0022865692424712,0.00248518943445465,0.0021699130009151,0.0027325056608392,31,0.0024009363524683,0.0022865692424712,0.00248518943445465,0.0021699130009151,0.0027325056608392,0,,,,,
C2RCC+RAdCor,20250303_CST,5,443,31,163.72,150.22,169.60500000000002,133.94,204.96,31,163.72,150.22,169.60500000000002,133.94,204.96,31,0.0024354972090648,0.0023104286770334,0.00254432351924865,0.0020834489640371,0.0026924613652343,31,0.0024354972090648,0.0023104286770334,0.00254432351924865,0.0020834489640371,0.0026924613652343,0,,,,,
C2RCC,20250303_CST,6,443,31,166.25,154.76999999999998,171.515,134.61,206.9,31,166.25,154.76999999999998,171.515,134.61,206.9,31,0.002484702792778,0.0023721785548765,0.002578988723864,0.0022162142371771,0.0027245326600698,31,0.002484702792778,0.0023721785548765,0.002578988723864,0.0022162142371771,0.0027245326600698,0,,,,,
RAdCor+ACOLITE,20250303_CST,7,443,31,238.77,222.57,259.59000000000003,188.2,343.73,31,238.77,222.57,259.59000000000003,188.2,343.73,31,0.0036203079231946,0.0033007541668151003,0.003945813960270951,0.0028802320118565,0.0044469611220908,31,0.0036203079231946,0.0033007541668151003,0.003945813960270951,0.0028802320118565,0.0044469611220908,0,,,,,
ACOLITE+T-Mart,20250303_CST,8,443,31,253.55,240.63,268.78,214.66,345.9,31,253.55,240.63,268.78,214.66,345.9,31,0.0037987646178829,0.0036464332045724,0.0039894936457926,0.0033172074316797,0.0044750907891345,31,0.0037987646178829,0.0036464332045724,0.0039894936457926,0.0033172074316797,0.0044750907891345,0,,,,,
ACOLITE,20250303_CST,9,443,31,254.77,245.855,275.975,209.88,353.37,31,254.77,245.855,275.975,209.88,353.37,31,0.0038749482652065,0.0036418731528009,0.00409592216282125,0.0032433260774967,0.0045717862867665,31,0.0038749482652065,0.0036418731528009,0.00409592216282125,0.0032433260774967,0.0045717862867665,0,,,,,
ACOLITE+RAdCor,20250303_CST,10,443,31,376.08,362.90999999999997,392.55,327.4,459.1,31,376.08,362.90999999999997,392.55,327.4,459.1,31,0.0056492893413033,0.005545128120089,0.005751565781036199,0.0054067213631031,0.005939578773911,31,0.0056492893413033,0.005545128120089,0.005751565781036199,0.0054067213631031,0.005939578773911,0,,,,,
GAAC,20250303_CST,,443,0,,,,,,0,,,,,,0,,,,,,0,,,,,,0,,,,,
Polymer+T-Mart,20250303_CST,1,490,31,46.86,39.53,52.67,30.49,68.11,31,46.86,39.53,52.67,30.49,68.11,31,0.0010225682280053,0.0009002432069006,0.0011666168793057,0.0006791967263308,0.0014768344769881,31,0.0010225682280053,0.0009002432069006,0.0011666168793057,0.0006791967263308,0.0014768344769881,0,,,,,
Polymer+Radcor,20250303_CST,2,490,31,52.03,44.84,60.525000000000006,35.46,75.25,31,52.03,44.84,60.525000000000006,35.46,75.25,31,0.0011629060708361,0.00097289728254965,0.0013279086046423501,0.0007808123823915,0.0016315640527678,31,0.0011629060708361,0.00097289728254965,0.0013279086046423501,0.0007808123823915,0.0016315640527678,0,,,,,
Polymer,20250303_CST,3,490,31,55.15,49.114999999999995,62.025,40.92,74.61,31,55.15,49.114999999999995,62.025,40.92,74.61,31,0.001210855869516,0.0011130364341867,0.00135306387529355,0.0009003009686762,0.0016176359808157,31,0.001210855869516,0.0011130364341867,0.00135306387529355,0.0009003009686762,0.0016176359808157,0,,,,,
C2RCC+RAdCor,20250303_CST,4,490,31,93.79,86.8,99.735,75.61,111.31,31,93.79,86.8,99.735,75.61,111.31,31,0.002035108141224,0.00197544407533445,0.00216850326791465,0.0016839901832895,0.0023281311359089,31,0.002035108141224,0.00197544407533445,0.00216850326791465,0.0016839901832895,0.0023281311359089,0,,,,,
C2RCC+T-Mart,20250303_CST,5,490,31,95.83,88.03,98.88,80.37,110.05,31,95.83,88.03,98.88,80.37,110.05,31,0.0020560545763962,0.00196049333762775,0.00214793110233455,0.0018127923950268,0.0023073056456658,31,0.0020560545763962,0.00196049333762775,0.00214793110233455,0.0018127923950268,0.0023073056456658,0,,,,,
C2RCC,20250303_CST,6,490,31,98.33,91.735,101.345,82.77,110.77,31,98.33,91.735,101.345,82.77,110.77,31,0.0021068402464174,0.0020187382161677503,0.00220883147883875,0.0018455805639839,0.0023197030806524,31,0.0021068402464174,0.0020187382161677503,0.00220883147883875,0.0018455805639839,0.0023197030806524,0,,,,,
RAdCor+ACOLITE,20250303_CST,7,490,31,127.3,116.695,136.98000000000002,93.98,169.83,31,127.3,116.695,136.98000000000002,93.98,169.83,31,0.0027840184683661,0.00248934079917355,0.00303252210597615,0.0020808499293103,0.0034430344383089,31,0.0027840184683661,0.00248934079917355,0.00303252210597615,0.0020808499293103,0.0034430344383089,0,,,,,
ACOLITE+T-Mart,20250303_CST,8,490,31,130.87,125.85499999999999,136.0,108.03,166.33,31,130.87,125.85499999999999,136.0,108.03,166.33,31,0.0028389969803426,0.0027095923179123998,0.0030229942103765497,0.0023846846060528,0.0033721440265743,31,0.0028389969803426,0.0027095923179123998,0.0030229942103765497,0.0023846846060528,0.0033721440265743,0,,,,,
ACOLITE,20250303_CST,9,490,31,135.26,127.99499999999999,141.805,106.23,172.89,31,135.26,127.99499999999999,141.805,106.23,172.89,31,0.0029375751465592,0.0027611261212562,0.0031542541155509503,0.0023601526381149,0.0035049697178273,31,0.0029375751465592,0.0027611261212562,0.0031542541155509503,0.0023601526381149,0.0035049697178273,0,,,,,
ACOLITE+RAdCor,20250303_CST,10,490,31,203.88,194.41,209.2,184.77,230.02,31,203.88,194.41,209.2,184.77,230.02,31,0.0044543467638208,0.0043812407740837,0.00450424139147405,0.0042071409712607,0.0046633310410051,31,0.0044543467638208,0.0043812407740837,0.00450424139147405,0.0042071409712607,0.0046633310410051,0,,,,,
GAAC,20250303_CST,11,490,24,819.115,601.7524999999999,1302.3375,483.37,3517.93,24,-819.115,-1302.3375,-601.7524999999999,-3517.93,-483.37,24,0.0019769443891555,0.001929855554836225,0.002014549916806125,0.0016798035165655,0.0021437003890969,24,0.0019769443891555,0.001929855554836225,0.002014549916806125,0.0016798035165655,0.0021437003890969,0,,,,,
Polymer+Radcor,20250303_CST,1,560,31,4.61,3.455,8.095,1.54,12.82,31,3.78,-2.8049999999999997,8.095,-6.55,12.82,31,9.706602542819148e-05,7.133897984410451e-05,0.00016938748747820001,3.187267914181793e-05,0.0002727252290717,31,9.706602542819148e-05,7.133897984410451e-05,0.00016938748747820001,3.187267914181793e-05,0.0002727252290717,0,,,,,
Polymer+T-Mart,20250303_CST,2,560,31,5.0,1.7999999999999998,11.969999999999999,0.15,18.17,31,-4.77,-11.969999999999999,-0.98,-18.17,5.17,31,9.608840406892268e-05,3.578838076372364e-05,0.00022746161242185,3.067187238836241e-06,0.0003304225897002,31,9.608840406892268e-05,3.578838076372364e-05,0.00022746161242185,3.067187238836241e-06,0.0003304225897002,0,,,,,
C2RCC,20250303_CST,3,560,31,5.33,3.665,8.04,0.07,15.6,31,4.97,0.135,7.975,-7.8,15.6,31,0.0001132024682264,7.598595206391727e-05,0.00016202770680415,1.526559736522281e-06,0.0003229160478162,31,0.0001132024682264,7.598595206391727e-05,0.00016202770680415,1.526559736522281e-06,0.0003229160478162,0,,,,,
C2RCC+RAdCor,20250303_CST,4,560,31,5.63,2.59,7.74,0.35,16.59,31,5.06,-0.020000000000000018,7.365,-8.85,16.59,31,0.0001195467771859,5.4525574835952856e-05,0.00016265819674495,7.25613699515933e-06,0.0003434195108657,31,0.0001195467771859,5.4525574835952856e-05,0.00016265819674495,7.25613699515933e-06,0.0003434195108657,0,,,,,
Polymer,20250303_CST,5,560,31,8.72,4.1850000000000005,12.83,0.43,16.54,31,8.72,4.1850000000000005,12.83,-3.86,16.54,31,0.0001815250006961,8.682180729408114e-05,0.00027001724571550003,9.2934994695296e-06,0.0003425324254413,31,0.0001815250006961,8.682180729408114e-05,0.00027001724571550003,9.2934994695296e-06,0.0003425324254413,0,,,,,
C2RCC+T-Mart,20250303_CST,6,560,31,17.44,10.975,21.1,4.84,26.9,31,17.44,10.975,21.1,4.84,26.9,31,0.0003633464368354,0.00023609188279679998,0.0004430813058021,0.0001040063175554,0.0005578151804083,31,0.0003633464368354,0.00023609188279679998,0.0004430813058021,0.0001040063175554,0.0005578151804083,0,,,,,
ACOLITE+T-Mart,20250303_CST,7,560,31,75.52,70.875,77.975,55.19,90.81,31,75.52,70.875,77.975,55.19,90.81,31,0.0015763182014681,0.0014722889556036999,0.00163978146149255,0.0011527004790552,0.0017836113602044,31,0.0015763182014681,0.0014722889556036999,0.00163978146149255,0.0011527004790552,0.0017836113602044,0,,,,,
ACOLITE,20250303_CST,8,560,31,83.68,77.81,87.065,61.42,100.27,31,83.68,77.81,87.065,61.42,100.27,31,0.0017498064098993,0.00161841325725785,0.0018337024191581999,0.0012828076397129,0.0019693976409854,31,0.0017498064098993,0.00161841325725785,0.0018337024191581999,0.0012828076397129,0.0019693976409854,0,,,,,
RAdCor+ACOLITE,20250303_CST,9,560,31,88.76,79.18,91.995,59.42,108.64,31,88.76,79.18,91.995,59.42,108.64,31,0.0018920183578684,0.0016357956405595,0.0019576072231881,0.0012410569143542,0.0021337155394377,31,0.0018920183578684,0.0016357956405595,0.0019576072231881,0.0012410569143542,0.0021337155394377,0,,,,,
GAAC,20250303_CST,10,560,31,117.17,101.44,131.34,75.28,229.95,31,-117.17,-131.34,-101.44,-229.95,-75.28,31,0.0011173814623009,0.00101289378340395,0.0012070595725253998,0.0008918528938657,0.0014555660246164,31,0.0011173814623009,0.00101289378340395,0.0012070595725253998,0.0008918528938657,0.0014555660246164,0,,,,,
ACOLITE+RAdCor,20250303_CST,11,560,31,137.99,129.04500000000002,142.335,124.4,151.31,31,137.99,129.04500000000002,142.335,124.4,151.31,31,0.0028879155581579,0.0027387058263535,0.00293144210312395,0.0026969034232618,0.0030311177797648,31,0.0028879155581579,0.0027387058263535,0.00293144210312395,0.0026969034232618,0.0030311177797648,0,,,,,
C2RCC+T-Mart,20250303_CST,1,665,31,11.08,7.025,16.79,0.45,34.92,31,8.24,-6.145,16.415,-18.6,34.92,31,5.272739948487517e-05,3.2398605598437416e-05,7.8543255358546e-05,2.1668616940969418e-06,0.0001697969055323,31,5.272739948487517e-05,3.2398605598437416e-05,7.8543255358546e-05,2.1668616940969418e-06,0.0001697969055323,0,,,,,
C2RCC+RAdCor,20250303_CST,2,665,31,26.39,21.130000000000003,33.465,9.09,52.5,31,-26.39,-33.465,-21.130000000000003,-52.5,-9.09,31,0.0001025135006273,8.133850875302235e-05,0.00012364800411184999,3.583226084238742e-05,0.0001893152608423,31,0.0001025135006273,8.133850875302235e-05,0.00012364800411184999,3.583226084238742e-05,0.0001893152608423,0,,,,,
C2RCC,20250303_CST,3,665,31,28.14,23.125,34.085,6.68,58.09,31,-28.14,-34.085,-23.125,-58.09,-6.68,31,0.0001047034342806,8.936651006690249e-05,0.0001272167306684,2.6010751194075453e-05,0.0001974773762786,31,0.0001047034342806,8.936651006690249e-05,0.0001272167306684,2.6010751194075453e-05,0.0001974773762786,0,,,,,
Polymer,20250303_CST,4,665,31,31.44,24.119999999999997,40.205,18.17,71.99,31,-31.44,-40.205,-24.119999999999997,-71.99,-18.17,31,0.0001147954301287,9.014230962293892e-05,0.00013885932829615,7.119107194266994e-05,0.0002381952102239,31,0.0001147954301287,9.014230962293892e-05,0.00013885932829615,7.119107194266994e-05,0.0002381952102239,0,,,,,
Polymer+Radcor,20250303_CST,5,665,31,39.6,31.04,51.955,22.41,73.52,31,-39.6,-51.955,-31.04,-73.52,-22.41,31,0.0001375152671446,0.00011728586670714999,0.00016919066358604999,8.423325008564974e-05,0.0002411136783155,31,0.0001375152671446,0.00011728586670714999,0.00016919066358604999,8.423325008564974e-05,0.0002411136783155,0,,,,,
Polymer+T-Mart,20250303_CST,6,665,31,56.66,45.45,67.93,39.88,99.21,31,-56.66,-67.93,-45.45,-99.21,-39.88,31,0.0001741136674064,0.00014749228583225,0.00019813152321755,0.000133302065552,0.0002834076755974,31,0.0001741136674064,0.00014749228583225,0.00019813152321755,0.000133302065552,0.0002834076755974,0,,,,,
ACOLITE+T-Mart,20250303_CST,7,665,31,261.11,239.885,270.15999999999997,195.45,338.0,31,261.11,239.885,270.15999999999997,195.45,338.0,31,0.001239688171802,0.0011963060539981999,0.0012952573100521998,0.0009662550666512,0.0014046853958681,31,0.001239688171802,0.0011963060539981999,0.0012952573100521998,0.0009662550666512,0.0014046853958681,0,,,,,
ACOLITE,20250303_CST,8,665,31,266.86,249.32999999999998,285.31,191.05,354.95,31,266.86,249.32999999999998,285.31,191.05,354.95,31,0.0012932492636506,0.0012145152156984,0.0013668806557438,0.0009376742902355,0.0014751316831499,31,0.0012932492636506,0.0012145152156984,0.0013668806557438,0.0009376742902355,0.0014751316831499,0,,,,,
RAdCor+ACOLITE,20250303_CST,9,665,31,270.02,245.79,296.02,179.63,373.03,31,270.02,245.79,296.02,179.63,373.03,31,0.0012965015584965,0.0011716952156087,0.0014226182115031501,0.0008816119308726,0.0015502743973449,31,0.0012965015584965,0.0011716952156087,0.0014226182115031501,0.0008816119308726,0.0015502743973449,0,,,,,
ACOLITE+RAdCor,20250303_CST,10,665,31,453.69,428.945,481.21,363.45,534.61,31,453.69,428.945,481.21,363.45,534.61,31,0.0022094610195463,0.0021602496431087003,0.00226236966129655,0.0020682868480055,0.0022960674417942,31,0.0022094610195463,0.0021602496431087003,0.00226236966129655,0.0020682868480055,0.0022960674417942,0,,,,,
GAAC,20250303_CST,,665,0,,,,,,0,,,,,,0,,,,,,0,,,,,,0,,,,,
Polymer,20250303_CST,1,overall,31,45.48,41.365,46.730000000000004,32.67,59.9,31,30.73,24.005000000000003,34.285,18.97,42.65,31,0.0008,0.000735,0.000865,0.0006,0.00104,31,0.00104,0.0009699999999999999,0.00112,0.0008,0.00134,31,14.651008837574462,13.993919126387057,15.596155003761947,12.386369520849945,18.20464317948065
Polymer+Radcor,20250303_CST,2,overall,31,47.84,43.26,49.775,32.64,60.16,31,25.91,20.475,31.185,12.82,40.11,31,0.00075,0.000665,0.00084,0.00053,0.001,31,0.001,0.00088,0.0011,0.00071,0.00131,31,15.321753005888649,14.174659138492533,16.11965857366069,12.46105618450292,18.257017987583
C2RCC+T-Mart,20250303_CST,3,overall,31,51.45,45.985,55.0,39.54,62.13,31,51.45,43.754999999999995,55.0,37.87,62.13,31,0.00122,0.00114,0.001275,0.00103,0.00136,31,0.00158,0.001505,0.00165,0.00142,0.0018,31,17.095920643680554,16.394004783300815,17.771737740834467,14.82607132623346,19.831613931677484
Polymer+T-Mart,20250303_CST,4,overall,31,52.28,48.94,54.605000000000004,37.43,61.2,31,18.91,11.84,22.61,5.08,32.96,31,0.00071,0.000675,0.0007650000000000001,0.00052,0.00093,31,0.00093,0.0008600000000000001,0.001015,0.00068,0.00125,31,16.53230692118812,16.05624236966058,17.29068204183944,13.68408295998119,19.514987016639697
C2RCC+RAdCor,20250303_CST,5,overall,31,56.8,54.745000000000005,60.205,45.98,66.1,31,43.25,37.165,46.04,27.5,55.36,31,0.00117,0.001115,0.00123,0.00102,0.00131,31,0.0016,0.00152,0.001675,0.00134,0.00177,31,19.522753764570112,18.998115912879456,19.98350012426739,17.74461222225302,21.268752093418737
C2RCC,20250303_CST,6,overall,31,59.27,55.38,62.92,52.58,71.58,31,44.92,36.905,46.875,30.21,52.69,31,0.00121,0.001155,0.001255,0.00109,0.00133,31,0.00164,0.001565,0.001685,0.00145,0.00178,31,19.767186952435875,19.01395177302108,20.30409308615118,17.759530001844432,21.384954839397228
RAdCor+ACOLITE,20250303_CST,7,overall,31,176.95,164.54000000000002,190.9,134.41,246.02,31,176.95,164.54000000000002,190.9,134.41,246.02,31,0.00243,0.00217,0.00259,0.00177,0.00289,31,0.00259,0.00232,0.00276,0.00193,0.00311,31,14.016058203353667,13.664341640164348,14.38682975943209,12.600582786388111,16.994178255485323
ACOLITE+T-Mart,20250303_CST,8,overall,31,186.09,176.35000000000002,193.935,147.92,241.55,31,186.09,176.35000000000002,193.935,147.92,241.55,31,0.00238,0.00227,0.00248,0.00196,0.00276,31,0.00259,0.00247,0.002705,0.00218,0.00302,31,15.807520252712822,15.59494400227403,16.3390123673531,14.57604187059046,18.56761712791757
ACOLITE,20250303_CST,9,overall,31,188.34,180.435,201.08499999999998,145.1,251.74,31,188.34,180.435,201.08499999999998,145.1,251.74,31,0.00249,0.00232,0.00261,0.00196,0.00288,31,0.00268,0.0025050000000000003,0.0028250000000000003,0.00217,0.00313,31,15.165964800418502,14.804028540148582,15.719739854699176,14.049535718425176,18.003347920790304
ACOLITE+RAdCor,20250303_CST,10,overall,31,281.49,269.88,291.065,248.87,329.55,31,281.49,269.88,291.065,248.87,329.55,31,0.0038,0.003735,0.00385,0.00362,0.00393,31,0.00404,0.00396,0.00408,0.00384,0.00419,31,16.1790757485488,15.85459169009827,16.618380806999124,14.791960971188082,18.499166410865605
GAAC,20250303_CST,11,overall,31,308.45396151420016,251.49065766818194,404.48451321010623,104.60155369079294,755.6310973295316,31,-308.45396151420016,-404.48451321010623,-251.49065766818194,-755.6310973295316,-104.60155369079294,31,0.0014897315777265,0.0014229412548428001,0.00156000171644785,0.0010287494909326,0.0017268214641386,31,0.0015666754046533,0.001469448947643,0.0016137985401683,0.0010287494909326,0.0017764291168195,24,33.48061968178476,29.03425939825511,37.10459400368832,26.144167764357203,42.81053757221048
C2RCC,20260226_ZRH,1,443,228,98.72999999999999,66.96249999999999,129.64749999999998,2.57,335.45,228,86.86,52.655,121.41499999999999,-335.45,249.2,228,0.0015586154129342,0.001127147345464825,0.0023534149437585,5.413705175499189e-05,0.0044801633317755,228,0.0015586154129342,0.001127147345464825,0.0023534149437585,5.413705175499189e-05,0.0044801633317755,0,,,,,
C2RCC+RAdCor,20260226_ZRH,2,443,228,101.88499999999999,72.7225,121.03,1.11,234.01,228,98.01499999999999,63.230000000000004,119.60499999999999,-209.18,234.01,228,0.00186507352111825,0.0012085724693096998,0.0022418396750269252,1.926689336043228e-05,0.004339892567525,228,0.00186507352111825,0.0012085724693096998,0.0022418396750269252,1.926689336043228e-05,0.004339892567525,0,,,,,
C2RCC+T-Mart,20260226_ZRH,3,443,228,107.83,79.5925,133.6175,10.42,343.76,228,101.075,67.095,129.63,-343.76,259.24,228,0.0018755412527975998,0.001373457508312575,0.0024072531044524253,0.0002198039719067,0.0048638149158358,228,0.0018755412527975998,0.001373457508312575,0.0024072531044524253,0.0002198039719067,0.0048638149158358,0,,,,,
GAAC,20260226_ZRH,4,443,228,137.915,101.8475,172.6025,7.18,1535.72,228,137.915,101.325,172.6025,-118.43,1535.72,228,0.0026085393631595,0.001975555293973175,0.003196822054058175,0.0001477570228007,0.0236393019918944,228,0.0026085393631595,0.001975555293973175,0.003196822054058175,0.0001477570228007,0.0236393019918944,0,,,,,
Polymer+Radcor,20260226_ZRH,5,443,228,198.875,153.8575,273.08500000000004,70.76,713.93,228,198.875,153.8575,273.08500000000004,70.76,713.93,228,0.00400340391249065,0.002974386507294125,0.004863652937015575,0.0014837495353159,0.0116088866752852,228,0.00400340391249065,0.002974386507294125,0.004863652937015575,0.0014837495353159,0.0116088866752852,0,,,,,
Polymer+T-Mart,20260226_ZRH,6,443,228,200.03500000000003,153.48499999999999,263.3675,32.82,674.68,228,200.03500000000003,153.48499999999999,263.3675,32.82,674.68,228,0.0037693537938578003,0.002978890574380675,0.0046634479573185,0.000688173013922,0.0109707572793291,228,0.0037693537938578003,0.002978890574380675,0.0046634479573185,0.000688173013922,0.0109707572793291,0,,,,,
Polymer,20260226_ZRH,7,443,228,209.835,163.265,271.37,51.66,679.1,228,209.835,163.265,271.37,51.66,679.1,228,0.0040008414273195,0.00316374498112625,0.0048033193518353,0.0010833341419616,0.0110425916594906,228,0.0040008414273195,0.00316374498112625,0.0048033193518353,0.0010833341419616,0.0110425916594906,0,,,,,
ACOLITE+RAdCor,20260226_ZRH,8,443,228,276.78,148.70499999999998,354.3325,7.95,1533.79,228,276.78,148.70499999999998,354.3325,7.95,1533.79,228,0.005214552392157051,0.002798782968743675,0.0063757312780718,0.0001666725963693,0.0233356402511472,228,0.005214552392157051,0.002798782968743675,0.0063757312780718,0.0001666725963693,0.0233356402511472,0,,,,,
RAdCor+ACOLITE,20260226_ZRH,9,443,228,291.015,201.02249999999998,366.72249999999997,81.71,1451.52,228,291.015,201.02249999999998,366.72249999999997,81.71,1451.52,228,0.0055807437508203495,0.0038722237148026,0.00657227369373475,0.001758187260137,0.023102256401884,228,0.0055807437508203495,0.0038722237148026,0.00657227369373475,0.001758187260137,0.023102256401884,0,,,,,
ACOLITE,20260226_ZRH,10,443,228,292.005,210.5225,357.40500000000003,108.84,1413.81,228,292.005,210.5225,357.40500000000003,108.84,1413.81,228,0.0055311189128974,0.004090580512020725,0.006387938403597525,0.002330971963365,0.021114856868493,228,0.0055311189128974,0.004090580512020725,0.006387938403597525,0.002330971963365,0.021114856868493,0,,,,,
ACOLITE+T-Mart,20260226_ZRH,11,443,228,302.9,239.0175,366.085,116.59,1446.53,228,302.9,239.0175,366.085,116.59,1446.53,228,0.0057436613671722,0.0046356962610943,0.006507939172899576,0.0024447916891765,0.0218473439360733,228,0.0057436613671722,0.0046356962610943,0.006507939172899576,0.0024447916891765,0.0218473439360733,0,,,,,
C2RCC+RAdCor,20260226_ZRH,1,490,228,28.240000000000002,9.267499999999998,43.1375,0.09,315.85,228,6.305,-12.7125,33.645,-315.85,66.4,228,0.0008280650607011999,0.000269339092742775,0.001255650770261475,2.753312874288847e-06,0.0022272211826072,228,0.0008280650607011999,0.000269339092742775,0.001255650770261475,2.753312874288847e-06,0.0022272211826072,0,,,,,
C2RCC+T-Mart,20260226_ZRH,2,490,228,31.945,9.2025,52.585,0.04,419.06,228,12.525,-4.2700000000000005,38.62,-419.06,92.29,228,0.0009536365010147,0.000278038496502175,0.0015103782590607,1.150009992299198e-06,0.0027250064659924,228,0.0009536365010147,0.000278038496502175,0.0015103782590607,1.150009992299198e-06,0.0027250064659924,0,,,,,
C2RCC,20260226_ZRH,3,490,228,32.32,11.2575,53.160000000000004,0.17,405.39,228,4.835,-16.645,38.46,-405.39,83.73,228,0.00092331230793555,0.000324520406681125,0.0015494806690617999,5.39647878960688e-06,0.0024251697432098,228,0.00092331230793555,0.000324520406681125,0.0015494806690617999,5.39647878960688e-06,0.0024251697432098,0,,,,,
GAAC,20260226_ZRH,4,490,228,63.47,45.4225,94.69749999999999,3.91,787.7,228,63.285,45.1325,92.22500000000001,-175.41,787.7,228,0.00195127991255175,0.0014214122341129499,0.002870362170535025,0.0001225971641198,0.0216036854142391,228,0.00195127991255175,0.0014214122341129499,0.002870362170535025,0.0001225971641198,0.0216036854142391,0,,,,,
Polymer+T-Mart,20260226_ZRH,5,490,228,98.775,74.5775,131.305,8.52,364.37,228,98.775,74.5775,131.305,8.52,364.37,228,0.0030682627009639,0.002374869883302625,0.003952371941455375,0.0002745841655624,0.0101432331494888,228,0.0030682627009639,0.002374869883302625,0.003952371941455375,0.0002745841655624,0.0101432331494888,0,,,,,
Polymer+Radcor,20260226_ZRH,6,490,228,100.8,76.00750000000001,140.03,35.58,390.54,228,100.8,76.00750000000001,140.03,35.58,390.54,228,0.00330766083892465,0.0023196451349138747,0.00421507433904115,0.0011463475340186,0.0108717333001039,228,0.00330766083892465,0.0023196451349138747,0.00421507433904115,0.0011463475340186,0.0108717333001039,0,,,,,
Polymer,20260226_ZRH,7,490,228,107.965,84.93,140.4825,22.13,371.64,228,107.965,84.93,140.4825,22.13,371.64,228,0.0033532116938024,0.00256617309160175,0.0043053640060233,0.000713141896563,0.0103454423228231,228,0.0033532116938024,0.00256617309160175,0.0043053640060233,0.000713141896563,0.0103454423228231,0,,,,,
ACOLITE+RAdCor,20260226_ZRH,8,490,228,115.785,56.45,148.3375,1.95,770.48,228,115.785,56.45,148.3375,-40.02,770.48,228,0.00369217848182205,0.001763745471270075,0.0044848778617798245,5.916096010720722e-05,0.0205031203312864,228,0.00369217848182205,0.001763745471270075,0.0044848778617798245,5.916096010720722e-05,0.0205031203312864,0,,,,,
RAdCor+ACOLITE,20260226_ZRH,9,490,228,139.445,99.4525,168.0925,13.73,749.54,228,139.445,99.4525,168.0925,13.73,749.54,228,0.0042979181557776,0.003028485259104575,0.005135742467835524,0.0004423431922341,0.0213134287132015,228,0.0042979181557776,0.003028485259104575,0.005135742467835524,0.0004423431922341,0.0213134287132015,0,,,,,
ACOLITE,20260226_ZRH,10,490,228,140.345,101.04249999999999,167.12,30.5,737.62,228,140.345,101.04249999999999,167.12,30.5,737.62,228,0.004384364338466749,0.0031625094432841247,0.0050445363988137,0.0009826544076795,0.0199529284818162,228,0.004384364338466749,0.0031625094432841247,0.0050445363988137,0.0009826544076795,0.0199529284818162,0,,,,,
ACOLITE+T-Mart,20260226_ZRH,11,490,228,146.255,115.85000000000001,172.0425,31.06,750.85,228,146.255,115.85000000000001,172.0425,31.06,750.85,228,0.0045515318211868504,0.0036296418184367752,0.0051411256421813,0.0010009572245771,0.0205000432414999,228,0.0045515318211868504,0.0036296418184367752,0.0051411256421813,0.0010009572245771,0.0205000432414999,0,,,,,
Polymer+T-Mart,20260226_ZRH,1,560,228,13.92,6.325,25.5375,0.1,170.7,228,13.04,2.6475,25.5375,-22.14,170.7,228,0.00047058682403265,0.0002093743266324,0.00083440649473295,3.585415083238574e-06,0.0051045431159692,228,0.00047058682403265,0.0002093743266324,0.00083440649473295,3.585415083238574e-06,0.0051045431159692,0,,,,,
Polymer+Radcor,20260226_ZRH,2,560,228,16.27,7.9725,29.6875,0.41,192.67,228,16.16,5.279999999999999,29.6875,-23.49,192.67,228,0.0005784891650147501,0.0002755629143644,0.000977879448138175,1.6765273159882917e-05,0.0057615966419539,228,0.0005784891650147501,0.0002755629143644,0.000977879448138175,1.6765273159882917e-05,0.0057615966419539,0,,,,,
Polymer,20260226_ZRH,3,560,228,23.880000000000003,12.947500000000002,37.07,0.19,184.42,228,23.880000000000003,12.947500000000002,37.07,-7.15,184.42,228,0.0008272929251977,0.000472141380010975,0.0012297974915217499,6.8544812970995454e-06,0.0055148791812234,228,0.0008272929251977,0.000472141380010975,0.0012297974915217499,6.8544812970995454e-06,0.0055148791812234,0,,,,,
GAAC,20260226_ZRH,4,560,228,29.465000000000003,18.825,40.4525,0.33,603.1,228,29.465000000000003,18.825,40.4525,-10.98,603.1,228,0.0010087261489865,0.0006563252007894249,0.0013605889292978,1.1185446282300103e-05,0.0189941549453056,228,0.0010087261489865,0.0006563252007894249,0.0013605889292978,1.1185446282300103e-05,0.0189941549453056,0,,,,,
ACOLITE+RAdCor,20260226_ZRH,5,560,228,30.045,15.760000000000002,69.4375,0.28,560.45,228,10.75,-27.365,31.1425,-212.56,560.45,228,0.0009068984536314,0.0005258157065507,0.001533672283780475,9.074291830301218e-06,0.0178761081809806,228,0.0009068984536314,0.0005258157065507,0.001533672283780475,9.074291830301218e-06,0.0178761081809806,0,,,,,
RAdCor+ACOLITE,20260226_ZRH,6,560,228,50.035,29.425,67.22500000000001,0.15,612.35,228,50.035,29.425,67.22500000000001,-9.55,612.35,228,0.0017678342397174501,0.0009869492716934498,0.002269921277860875,5.0653001428843485e-06,0.0189492674584198,228,0.0017678342397174501,0.0009869492716934498,0.002269921277860875,5.0653001428843485e-06,0.0189492674584198,0,,,,,
ACOLITE+T-Mart,20260226_ZRH,7,560,228,53.47,40.0325,67.3975,4.19,589.97,228,53.47,40.0325,67.3975,4.19,589.97,228,0.00183351631324215,0.0013734034767348751,0.00228493652374935,0.0001495677178018,0.0189860509748268,228,0.00183351631324215,0.0013734034767348751,0.00228493652374935,0.0001495677178018,0.0189860509748268,0,,,,,
ACOLITE,20260226_ZRH,8,560,228,53.935,35.19,72.1775,1.53,588.05,228,53.935,35.19,72.1775,1.53,588.05,228,0.00192319597279855,0.001186373281199975,0.002396488370037,5.69117883684636e-05,0.0188326565588521,228,0.00192319597279855,0.001186373281199975,0.002396488370037,5.69117883684636e-05,0.0188326565588521,0,,,,,
C2RCC+T-Mart,20260226_ZRH,9,560,228,103.955,74.33500000000001,145.4775,32.29,481.77,228,-103.955,-145.4775,-74.33500000000001,-481.77,-32.29,228,0.0017398049575053,0.0014654341706817,0.002130466959324775,0.0008355722697395,0.0028933732342813,228,0.0017398049575053,0.0014654341706817,0.002130466959324775,0.0008355722697395,0.0028933732342813,0,,,,,
C2RCC,20260226_ZRH,10,560,228,111.06,66.7125,165.165,28.9,481.64,228,-111.06,-165.165,-66.7125,-481.64,-28.9,228,0.00178166537424645,0.0013592285341396501,0.002188297860270175,0.0007587451563511,0.0028860404896343,228,0.00178166537424645,0.0013592285341396501,0.002188297860270175,0.0007587451563511,0.0028860404896343,0,,,,,
C2RCC+RAdCor,20260226_ZRH,11,560,228,123.465,83.1125,177.595,32.73,452.98,228,-123.465,-177.595,-83.1125,-452.98,-32.73,228,0.0019001545814093502,0.001568512922634575,0.0022389597604545,0.0008505316343481,0.0028349153082551,228,0.0019001545814093502,0.001568512922634575,0.0022389597604545,0.0008505316343481,0.0028349153082551,0,,,,,
ACOLITE+RAdCor,20260226_ZRH,1,665,196,42.43,19.8,288.34000000000003,0.56,7352.59,196,-23.490000000000002,-113.685,-0.4375,-7352.59,1234.23,196,0.0005151402834478,0.000268266206054425,0.0012161553681381502,8.243856199920217e-06,0.0165940707743167,196,0.0005151402834478,0.000268266206054425,0.0012161553681381502,8.243856199920217e-06,0.0165940707743167,0,,,,,
RAdCor+ACOLITE,20260226_ZRH,2,665,228,46.37,27.0875,63.0125,0.12,1311.84,228,44.065,15.040000000000001,60.9275,-187.26,1311.84,228,0.0007243462148555501,0.00041272828810785,0.0009161507624746751,1.7607358775138283e-06,0.0171004532327175,228,0.0007243462148555501,0.00041272828810785,0.0009161507624746751,1.7607358775138283e-06,0.0171004532327175,0,,,,,
ACOLITE+T-Mart,20260226_ZRH,3,665,228,49.769999999999996,29.38,69.5275,0.27,1325.03,228,49.195,28.2775,65.8625,-122.97,1325.03,228,0.0007995758624162999,0.000437354320549,0.0010011889883186748,4.439015760242899e-06,0.0178273746937513,228,0.0007995758624162999,0.000437354320549,0.0010011889883186748,4.439015760242899e-06,0.0178273746937513,0,,,,,
ACOLITE,20260226_ZRH,4,665,228,50.845,28.982499999999998,69.2025,0.26,1318.57,228,49.325,20.3675,67.7325,-118.56,1318.57,228,0.0008146117179726,0.00039409976340089997,0.001025137224561525,3.969784034252169e-06,0.0176773851931095,228,0.0008146117179726,0.00039409976340089997,0.001025137224561525,3.969784034252169e-06,0.0176773851931095,0,,,,,
GAAC,20260226_ZRH,5,665,228,69.265,48.185,95.19,5.05,1361.97,228,69.195,48.11,95.19,-88.79,1361.97,228,0.0010705266329237,0.000747668359103,0.001429839334159575,7.422765597509895e-05,0.0184155127589079,228,0.0010705266329237,0.000747668359103,0.001429839334159575,7.422765597509895e-05,0.0184155127589079,0,,,,,
Polymer,20260226_ZRH,6,665,228,128.035,100.99,156.4025,0.74,224.9,228,-128.035,-156.4025,-100.99,-224.9,20.87,228,0.0008773600346303,0.0007507934008218499,0.0009848052427313498,9.49681104263616e-06,0.0012161249350722,228,0.0008773600346303,0.0007507934008218499,0.0009848052427313498,9.49681104263616e-06,0.0012161249350722,0,,,,,
Polymer+Radcor,20260226_ZRH,7,665,228,147.255,111.2725,180.3,1.12,283.13,228,-147.255,-180.3,-111.2725,-283.13,25.96,228,0.0009352818862111501,0.0007995724609928,0.0010339846859559751,1.5135975439463248e-05,0.0012863032018744,228,0.0009352818862111501,0.0007995724609928,0.0010339846859559751,1.5135975439463248e-05,0.0012863032018744,0,,,,,
Polymer+T-Mart,20260226_ZRH,8,665,228,155.855,123.8,189.1925,0.39,276.17,228,-155.855,-189.1925,-123.8,-276.17,13.63,228,0.0009486138451724,0.000824658286234125,0.001054818595007625,5.08153176706082e-06,0.0012881308851982,228,0.0009486138451724,0.000824658286234125,0.001054818595007625,5.08153176706082e-06,0.0012881308851982,0,,,,,
C2RCC+T-Mart,20260226_ZRH,9,665,228,535.99,428.7325,668.7625,217.83,1498.77,228,-535.99,-668.7625,-428.7325,-1498.77,-217.83,228,0.00131278801677245,0.0012386312018262751,0.0013898844891098998,0.0009503123380795,0.0016675065819371,228,0.00131278801677245,0.0012386312018262751,0.0013898844891098998,0.0009503123380795,0.0016675065819371,0,,,,,
C2RCC,20260226_ZRH,10,665,228,540.3900000000001,394.1625,651.485,189.16,1480.58,228,-540.3900000000001,-651.485,-394.1625,-1480.58,-189.16,228,0.00130202909030675,0.0012262454359623,0.0013795222527837252,0.0009411192821705,0.0016830815402676,228,0.00130202909030675,0.0012262454359623,0.0013795222527837252,0.0009411192821705,0.0016830815402676,0,,,,,
C2RCC+RAdCor,20260226_ZRH,11,665,228,588.61,475.2625,756.7725,224.0,1626.12,228,-588.61,-756.7725,-475.2625,-1626.12,-224.0,228,0.0013302661454941,0.001247743253344075,0.0014217757572040249,0.0010005012588273,0.0016804986915308,228,0.0013302661454941,0.001247743253344075,0.0014217757572040249,0.0010005012588273,0.0016804986915308,0,,,,,
GAAC,20260226_ZRH,1,overall,228,63.0,49.2775,92.20750000000001,6.05,1039.2,228,62.785,49.245000000000005,89.9175,-103.07,1039.2,228,0.00163,0.0012875,0.00211,0.00027,0.02066,228,0.001755,0.0013974999999999999,0.002295,0.00032,0.02077,228,13.007800307023288,10.633145992555244,14.903734769563172,6.922454052941371,22.32989560389417
ACOLITE+RAdCor,20260226_ZRH,2,overall,228,79.675,69.6075,100.44266943213634,23.41542805169685,977.69,228,56.575,18.907702600113858,80.07,-35.13165263211806,977.69,228,0.0024749999999999998,0.0016768355222137,0.0030125,0.0005806975926453,0.01958,228,0.003255,0.001892638497484425,0.003925,0.0006593615776901,0.01975,228,27.32043863909956,25.720268739713845,28.359328159942674,8.659131196436254,33.89902440998047
RAdCor+ACOLITE,20260226_ZRH,3,overall,228,90.73,61.41,113.45750000000001,34.97,995.18,228,90.73,60.89,113.45750000000001,6.72,995.18,228,0.0031,0.0020275000000000002,0.0037025,0.00079,0.02009,228,0.003645,0.00252,0.0043575,0.00103,0.02023,228,20.538378451100606,18.590522233399966,21.826979414109694,14.577456614463038,29.884473365883384
ACOLITE,20260226_ZRH,4,overall,228,94.39,66.8575,115.605,43.31,990.06,228,94.39,66.53999999999999,115.605,21.66,990.06,228,0.0032050000000000004,0.0022025,0.003665,0.00113,0.01939,228,0.0037150000000000004,0.0026775,0.00425,0.00136,0.01944,228,20.094897071551657,18.138622470513518,21.080486985212264,13.838562424170544,26.94052796556858
ACOLITE+T-Mart,20260226_ZRH,5,overall,228,95.56,75.7025,118.265,41.55,1001.13,228,95.56,74.925,118.265,23.23,1001.13,228,0.003235,0.002465,0.0037025,0.00119,0.01979,228,0.0038,0.0030075,0.0043124999999999995,0.0014,0.01985,228,21.11400132416435,19.29628370625407,21.939713941291227,14.629440055383562,28.17596687937624
C2RCC,20260226_ZRH,6,overall,228,99.60499999999999,88.49000000000001,117.355,30.65,385.85,228,-40.39,-74.31750000000001,-9.0375,-385.85,16.5,228,0.00137,0.00124,0.0015925000000000002,0.00072,0.00244,228,0.001485,0.00137,0.00169,0.00075,0.00272,228,30.528406556650538,27.850317368234123,32.03559037808,5.604801838300872,42.98724312804407
C2RCC+T-Mart,20260226_ZRH,7,overall,228,104.35499999999999,94.015,121.0225,36.99,379.93,228,-35.655,-59.305,-10.56,-379.93,14.59,228,0.00143,0.00129,0.00166,0.00077,0.00259,228,0.00154,0.00144,0.00175,0.00082,0.00293,228,31.11254773406727,29.250467696940298,33.353957863267325,5.537248890692382,43.26175155226143
C2RCC+RAdCor,20260226_ZRH,8,overall,228,113.25999999999999,92.46000000000001,132.3075,24.2,342.15,228,-43.955,-74.1775,-15.805,-342.15,3.02,228,0.0014,0.0013175,0.00155,0.00064,0.00239,228,0.00155,0.00145,0.0016825,0.0007,0.00265,228,32.20598698671081,29.141741684432095,34.83636072880455,10.04207375004052,43.51733080545049
Polymer,20260226_ZRH,9,overall,228,117.535,105.06,134.3325,40.76,245.62,228,62.01,45.51,78.8125,22.07,245.62,228,0.0023,0.0018275000000000001,0.0028225,0.00088,0.0062,228,0.0026950000000000003,0.0021375,0.00341,0.00094,0.0077,228,22.64452379535642,20.98726918950309,25.041976043455737,8.703838385714741,32.19791069966776
Polymer+T-Mart,20260226_ZRH,10,overall,228,120.35499999999999,107.5325,139.8,29.12,231.86,228,52.004999999999995,35.6,66.98249999999999,12.48,231.86,228,0.0020949999999999996,0.0016775000000000002,0.0026675,0.00059,0.00605,228,0.002495,0.00201,0.0031475,0.00063,0.00758,228,23.898354559884687,22.26611980656661,26.225181529965944,8.463268968683073,33.245228534713846
Polymer+Radcor,20260226_ZRH,11,overall,228,122.75,102.86,137.2675,52.15,245.49,228,56.394999999999996,37.957499999999996,72.95750000000001,11.8,245.49,228,0.00219,0.0016825,0.0027424999999999997,0.00099,0.00648,228,0.00267,0.0019875,0.0032925,0.00105,0.00808,228,23.88289381636681,21.470028607823377,26.196994821027754,11.163305578845293,32.90991953196511
Polymer+T-Mart,20260227_ZRH,1,443,197,18.47,9.5,27.61,0.21,62.86,197,18.04,7.37,27.61,-23.15,62.86,197,0.0003668582281092,0.0001945359462533,0.0005477212523474,4.160071573134586e-06,0.0011172852280424,197,0.0003668582281092,0.0001945359462533,0.0005477212523474,4.160071573134586e-06,0.0011172852280424,0,,,,,
Polymer+Radcor,20260227_ZRH,2,443,197,33.41,20.55,42.9,0.35,94.66,197,33.41,20.55,42.9,-19.28,94.66,197,0.0006891108629259,0.0004415106943123,0.0008424480189089,7.462961214409029e-06,0.0015018247631829,197,0.0006891108629259,0.0004415106943123,0.0008424480189089,7.462961214409029e-06,0.0015018247631829,0,,,,,
Polymer,20260227_ZRH,3,443,197,38.35,27.85,49.61,1.91,92.97,197,38.35,27.85,49.61,-3.76,92.97,197,0.0007913108271516,0.0005835802176872,0.0009731862317622,4.101255736957844e-05,0.0015996016836057,197,0.0007913108271516,0.0005835802176872,0.0009731862317622,4.101255736957844e-05,0.0015996016836057,0,,,,,
GAAC,20260227_ZRH,4,443,197,48.96,40.77,55.73,2.44,85.81,197,48.96,40.77,55.73,2.44,85.81,197,0.0009965935129567,0.0008573393367708,0.0011076630892693,6.041259683645453e-05,0.0016547140346369,197,0.0009965935129567,0.0008573393367708,0.0011076630892693,6.041259683645453e-05,0.0016547140346369,0,,,,,
ACOLITE,20260227_ZRH,5,443,197,73.95,66.86,85.37,33.89,112.07,197,73.95,66.86,85.37,33.89,112.07,197,0.0015081533184114,0.0013873637794984,0.0017208558263093,0.0008402104985023,0.0020013324842866,197,0.0015081533184114,0.0013873637794984,0.0017208558263093,0.0008402104985023,0.0020013324842866,0,,,,,
RAdCor+ACOLITE,20260227_ZRH,6,443,197,91.58,81.91,100.52,41.91,134.21,197,91.58,81.91,100.52,41.91,134.21,197,0.0018589210532146,0.001755942326682,0.0020214065928633,0.0010389272619093,0.0024442682131099,197,0.0018589210532146,0.001755942326682,0.0020214065928633,0.0010389272619093,0.0024442682131099,0,,,,,
ACOLITE+T-Mart,20260227_ZRH,7,443,197,109.15,97.4,119.95,47.7,153.72,197,109.15,97.4,119.95,47.7,153.72,197,0.0022205853613238,0.0020491723732836,0.0023675697522468,0.0011825688678826,0.002769293738054,197,0.0022205853613238,0.0020491723732836,0.0023675697522468,0.0011825688678826,0.002769293738054,0,,,,,
ACOLITE+RAdCor,20260227_ZRH,8,443,197,147.28,123.29,197.12,74.78,258.37,197,147.28,123.29,197.12,74.78,258.37,197,0.0028947407416095,0.0026299324347808,0.0039250643813345,0.0018537481345291,0.0043579433201718,197,0.0028947407416095,0.0026299324347808,0.0039250643813345,0.0018537481345291,0.0043579433201718,0,,,,,
C2RCC+T-Mart,20260227_ZRH,9,443,197,277.82,246.01,306.08,174.6,472.43,197,-277.82,-306.08,-246.01,-472.43,-174.6,197,0.0014847322484367,0.0014084340310105,0.0015929199409745,0.0010869151680998,0.0020289270772498,197,0.0014847322484367,0.0014084340310105,0.0015929199409745,0.0010869151680998,0.0020289270772498,0,,,,,
C2RCC+RAdCor,20260227_ZRH,10,443,197,349.91,319.4,388.56,228.99,631.54,197,-349.91,-388.56,-319.4,-631.54,-228.99,197,0.0015861474400917,0.0015000809756359,0.0016725127243676,0.0011859281167952,0.0020875154329758,197,0.0015861474400917,0.0015000809756359,0.0016725127243676,0.0011859281167952,0.0020875154329758,0,,,,,
C2RCC,20260227_ZRH,11,443,197,390.69,358.3,443.13,277.44,963.19,197,-390.69,-443.13,-358.3,-963.19,-277.44,197,0.001619953836953,0.0015310800872997,0.0017215158167085,0.0012520598893094,0.0021541126015913,197,0.001619953836953,0.0015310800872997,0.0017215158167085,0.0012520598893094,0.0021541126015913,0,,,,,
Polymer,20260227_ZRH,1,490,197,9.06,4.81,16.19,0.02,46.24,197,-8.38,-16.19,-1.24,-46.24,15.68,197,0.0002992838165558,0.0001640628045638,0.0005118300398991,7.998331673893591e-07,0.0011662194772428,197,0.0002992838165558,0.0001640628045638,0.0005118300398991,7.998331673893591e-07,0.0011662194772428,0,,,,,
GAAC,20260227_ZRH,2,490,188,9.3,4.7575,13.834999999999999,0.19,27.48,188,8.83,4.04,13.137500000000001,-21.55,27.48,188,0.0003300942944537,0.0001775321496622,0.0004753613892157,6.774163427837859e-06,0.0008974375625087,188,0.0003300942944537,0.0001775321496622,0.0004753613892157,6.774163427837859e-06,0.0008974375625087,0,,,,,
Polymer+Radcor,20260227_ZRH,3,490,197,11.81,6.13,20.46,0.06,63.41,197,-11.81,-20.46,-5.07,-63.41,10.21,197,0.0003768429612624,0.0001953498909352,0.0006101989104045,2.192246459676705e-06,0.0014605493175944,197,0.0003768429612624,0.0001953498909352,0.0006101989104045,2.192246459676705e-06,0.0014605493175944,0,,,,,
ACOLITE,20260227_ZRH,4,490,197,13.86,9.13,22.64,0.07,35.83,197,13.86,9.13,22.64,-3.76,35.83,197,0.0004924600835633,0.0003247572712687,0.0007826454376268,2.3970100054742163e-06,0.0011955541464278,197,0.0004924600835633,0.0003247572712687,0.0007826454376268,2.3970100054742163e-06,0.0011955541464278,0,,,,,
RAdCor+ACOLITE,20260227_ZRH,5,490,197,17.77,13.99,23.36,2.94,37.39,197,17.77,13.99,23.36,2.94,37.39,197,0.0006332747658517,0.0004992245209567,0.0008094115170667,0.0001003372603645,0.0012290781129434,197,0.0006332747658517,0.0004992245209567,0.0008094115170667,0.0001003372603645,0.0012290781129434,0,,,,,
Polymer+T-Mart,20260227_ZRH,6,490,197,22.39,15.95,31.62,1.06,75.35,197,-22.39,-31.62,-15.95,-75.35,7.04,197,0.0006482094560777,0.0004747456285542,0.0008662047108171,3.832610834155576e-05,0.0015849755886339,197,0.0006482094560777,0.0004747456285542,0.0008662047108171,3.832610834155576e-05,0.0015849755886339,0,,,,,
ACOLITE+T-Mart,20260227_ZRH,7,490,197,29.57,23.89,36.4,12.31,50.12,197,29.57,23.89,36.4,12.31,50.12,197,0.0010507011506187,0.000880101557765,0.001258475705182,0.0004758621638033,0.0017101415338704,197,0.0010507011506187,0.000880101557765,0.001258475705182,0.0004758621638033,0.0017101415338704,0,,,,,
ACOLITE+RAdCor,20260227_ZRH,8,490,197,57.5,45.32,67.68,29.99,95.01,197,57.5,45.32,67.68,29.99,95.01,197,0.0019273564606063,0.0016022523741745,0.0024018237787017,0.0011465424373764,0.0029849572271728,197,0.0019273564606063,0.0016022523741745,0.0024018237787017,0.0011465424373764,0.0029849572271728,0,,,,,
C2RCC+T-Mart,20260227_ZRH,9,490,197,315.93,284.26,346.39,209.02,577.45,197,-315.93,-346.39,-284.26,-577.45,-209.02,197,0.0026821503517188,0.0025797276751084,0.0027915204483045,0.0021660853789873,0.0031482414034084,197,0.0026821503517188,0.0025797276751084,0.0027915204483045,0.0021660853789873,0.0031482414034084,0,,,,,
C2RCC+RAdCor,20260227_ZRH,10,490,197,400.45,359.03,449.85,276.26,780.7,197,-400.45,-449.85,-359.03,-780.7,-276.26,197,0.0028228253768795,0.0027197720580479,0.0029361042403585,0.0023110596273987,0.0032538233732507,197,0.0028228253768795,0.0027197720580479,0.0029361042403585,0.0023110596273987,0.0032538233732507,0,,,,,
C2RCC,20260227_ZRH,11,490,197,456.64,396.4,523.86,305.3,1258.35,197,-456.64,-523.86,-396.4,-1258.35,-305.3,197,0.0029102053149711,0.0027923760840756,0.0030156574466351,0.0024054426735213,0.003393650263334,197,0.0029102053149711,0.0027923760840756,0.0030156574466351,0.0024054426735213,0.003393650263334,0,,,,,
ACOLITE+T-Mart,20260227_ZRH,1,560,197,4.91,2.16,9.52,0.0,20.17,197,2.05,-2.17,9.2,-16.24,20.17,197,0.0001825522972922,8.095911412477497e-05,0.0003472632641139,5.6574540972537813e-08,0.0006886024467756,197,0.0001825522972922,8.095911412477497e-05,0.0003472632641139,5.6574540972537813e-08,0.0006886024467756,0,,,,,
GAAC,20260227_ZRH,2,560,197,6.27,2.69,9.82,0.05,41.49,197,-4.15,-8.58,0.89,-41.49,14.89,197,0.000218520941736,9.607159748717572e-05,0.0003391940464276,1.840571345513784e-06,0.0011052442724284,197,0.000218520941736,9.607159748717572e-05,0.0003391940464276,1.840571345513784e-06,0.0011052442724284,0,,,,,
ACOLITE,20260227_ZRH,3,560,197,6.7,3.55,10.93,0.03,25.33,197,-2.88,-9.94,3.65,-25.33,15.45,197,0.0002409954498509,0.0001293931115932,0.000369017334181,1.0020974992512414e-06,0.0007616991035356,197,0.0002409954498509,0.0001293931115932,0.000369017334181,1.0020974992512414e-06,0.0007616991035356,0,,,,,
RAdCor+ACOLITE,20260227_ZRH,4,560,197,9.38,3.91,15.27,0.02,36.18,197,-9.38,-15.27,-3.46,-36.18,8.35,197,0.0003198805039626,0.0001363393790099,0.0004939807561196,5.676642843483772e-07,0.0010013100083633,197,0.0003198805039626,0.0001363393790099,0.0004939807561196,5.676642843483772e-07,0.0010013100083633,0,,,,,
ACOLITE+RAdCor,20260227_ZRH,5,560,197,26.58,20.17,33.01,8.44,47.13,197,26.58,20.17,33.01,8.44,47.13,197,0.0009738686097717,0.0007486488392157,0.0012513418753788,0.0003267017334895,0.001611490196331,197,0.0009738686097717,0.0007486488392157,0.0012513418753788,0.0003267017334895,0.001611490196331,0,,,,,
Polymer,20260227_ZRH,6,560,197,42.19,33.52,49.56,10.92,86.78,197,-42.19,-49.56,-33.52,-86.78,-10.92,197,0.0011251886630968,0.0009099812960156,0.0012607607637837,0.0003521506349267,0.0018020926583146,197,0.0011251886630968,0.0009099812960156,0.0012607607637837,0.0003521506349267,0.0018020926583146,0,,,,,
Polymer+Radcor,20260227_ZRH,7,560,197,46.16,39.23,56.27,15.51,102.88,197,-46.16,-56.27,-39.23,-102.88,-15.51,197,0.0011953377773111,0.0010237197952507,0.001358703097386,0.0004917071641954,0.0019798344354583,197,0.0011953377773111,0.0010237197952507,0.001358703097386,0.0004917071641954,0.0019798344354583,0,,,,,
Polymer+T-Mart,20260227_ZRH,8,560,197,63.75,52.56,75.26,21.15,131.06,197,-63.75,-75.26,-52.56,-131.06,-21.15,197,0.0014661672313082,0.0012591775493271,0.001614181142838,0.00062434879226,0.0022000494503719,197,0.0014661672313082,0.0012591775493271,0.001614181142838,0.00062434879226,0.0022000494503719,0,,,,,
C2RCC+T-Mart,20260227_ZRH,9,560,197,112.84,94.35,124.17,50.39,244.7,197,-112.84,-124.17,-94.35,-244.7,-50.39,197,0.0019659933036345,0.0017834917689134,0.0020975644608502,0.0012243750033649,0.0026756995297274,197,0.0019659933036345,0.0017834917689134,0.0020975644608502,0.0012243750033649,0.0026756995297274,0,,,,,
C2RCC+RAdCor,20260227_ZRH,10,560,197,156.61,128.35,180.89,81.03,415.68,197,-156.61,-180.89,-128.35,-415.68,-81.03,197,0.0022773903488839,0.0021183384800347,0.0024154922494548,0.0016256960692702,0.0029795133995001,197,0.0022773903488839,0.0021183384800347,0.0024154922494548,0.0016256960692702,0.0029795133995001,0,,,,,
C2RCC,20260227_ZRH,11,560,197,193.09,155.12,237.7,92.69,634.73,197,-193.09,-237.7,-155.12,-634.73,-92.69,197,0.0024675834972777,0.0022474891700401,0.0026583193546484,0.0017145527097284,0.0032561422492623,197,0.0024675834972777,0.0022474891700401,0.0026583193546484,0.0017145527097284,0.0032561422492623,0,,,,,
ACOLITE+T-Mart,20260227_ZRH,1,665,197,8.59,3.33,17.45,0.05,54.16,197,7.75,0.48,16.4,-54.16,39.88,197,0.0001363648129311,5.716390649753811e-05,0.000258195492857,7.140693567991331e-07,0.0006310075571276,197,0.0001363648129311,5.716390649753811e-05,0.000258195492857,7.140693567991331e-07,0.0006310075571276,0,,,,,
RAdCor+ACOLITE,20260227_ZRH,2,665,197,8.69,4.13,14.54,0.11,84.13,197,-2.14,-11.72,4.98,-84.13,29.56,197,0.0001299064073582,6.68567826467752e-05,0.0002130086603913,1.685974082827604e-06,0.0008206577206477,197,0.0001299064073582,6.68567826467752e-05,0.0002130086603913,1.685974082827604e-06,0.0008206577206477,0,,,,,
ACOLITE,20260227_ZRH,3,665,197,11.48,4.54,22.99,0.02,119.14,197,-9.2,-22.73,0.91,-119.14,26.27,197,0.0001718591407285,6.648247862172134e-05,0.0003121086640958,2.749151307344065e-07,0.0009764754379615,197,0.0001718591407285,6.648247862172134e-05,0.0003121086640958,2.749151307344065e-07,0.0009764754379615,0,,,,,
GAAC,20260227_ZRH,4,665,197,31.2,21.92,40.74,2.45,67.6,197,31.14,21.33,40.74,-32.95,67.6,197,0.0004989355553722,0.000351312009492,0.0006289555681929,4.27994918628747e-05,0.0009207583655166,197,0.0004989355553722,0.000351312009492,0.0006289555681929,4.27994918628747e-05,0.0009207583655166,0,,,,,
ACOLITE+RAdCor,20260227_ZRH,5,665,197,52.7,39.07,62.56,13.91,94.3,197,52.7,39.07,62.56,13.91,94.3,197,0.0007931139294402,0.0006045379687157,0.0010506907494018,0.0002549353949905,0.0014446221349819,197,0.0007931139294402,0.0006045379687157,0.0010506907494018,0.0002549353949905,0.0014446221349819,0,,,,,
C2RCC+T-Mart,20260227_ZRH,6,665,197,93.49,68.41,118.06,19.03,370.66,197,-93.49,-118.06,-68.41,-370.66,-19.03,197,0.0007737257395267,0.0006329908758856,0.0008745448343081,0.0002444331858371,0.0012337203169842,197,0.0007737257395267,0.0006329908758856,0.0008745448343081,0.0002444331858371,0.0012337203169842,0,,,,,
C2RCC+RAdCor,20260227_ZRH,7,665,197,158.89,118.36,211.57,45.49,808.49,197,-158.89,-211.57,-118.36,-808.49,-45.49,197,0.0009784756666457,0.0008314953290562,0.0011213131029966,0.0004779548040969,0.0013781118018866,197,0.0009784756666457,0.0008314953290562,0.0011213131029966,0.0004779548040969,0.0013781118018866,0,,,,,
Polymer+T-Mart,20260227_ZRH,8,665,197,190.59,157.36,236.66,74.73,475.1,197,-190.59,-236.66,-157.36,-475.1,-74.73,197,0.0010571965238599,0.0009250724439975,0.0011574914171375,0.0005939120976001,0.0014835004463748,197,0.0010571965238599,0.0009250724439975,0.0011574914171375,0.0005939120976001,0.0014835004463748,0,,,,,
Polymer+Radcor,20260227_ZRH,9,665,197,217.43,181.66,267.77,98.96,713.37,197,-217.43,-267.77,-181.66,-713.37,-98.96,197,0.0011051136701777,0.0009757852532159,0.0012174072882833,0.0006854637575785,0.0016067147318757,197,0.0011051136701777,0.0009757852532159,0.0012174072882833,0.0006854637575785,0.0016067147318757,0,,,,,
C2RCC,20260227_ZRH,10,665,197,222.93,170.8,287.98,60.88,1396.65,197,-222.93,-287.98,-170.8,-1396.65,-60.88,197,0.0010897790125202,0.0009688063230411,0.0012222857117874,0.0005784135021072,0.0015299637176574,197,0.0010897790125202,0.0009688063230411,0.0012222857117874,0.0005784135021072,0.0015299637176574,0,,,,,
Polymer,20260227_ZRH,11,665,197,291.59,234.18,358.5,119.39,1034.25,197,-291.59,-358.5,-234.18,-1034.25,-119.39,197,0.0012015018577383,0.0010595367814396,0.001288807777421,0.000742352689249,0.0016491868024761,197,0.0012015018577383,0.0010595367814396,0.001288807777421,0.000742352689249,0.0016491868024761,0,,,,,
ACOLITE+T-Mart,20260227_ZRH,1,704,197,29.37,15.82,43.82,0.52,84.85,197,29.37,15.18,43.82,-19.26,84.85,197,0.0003004669005649,0.000169042454424,0.0004385619704192,5.948505901098335e-06,0.0007445197288506,197,0.0003004669005649,0.000169042454424,0.0004385619704192,5.948505901098335e-06,0.0007445197288506,0,,,,,
ACOLITE,20260227_ZRH,2,704,197,30.43,11.7,46.85,0.47,89.59,197,30.43,11.12,46.85,-24.18,89.59,197,0.0003213603156455,0.0001375422983243,0.0004636603512061,5.305662423074229e-06,0.0007558930401318,197,0.0003213603156455,0.0001375422983243,0.0004636603512061,5.305662423074229e-06,0.0007558930401318,0,,,,,
RAdCor+ACOLITE,20260227_ZRH,3,704,197,43.77,27.74,58.86,0.7,112.65,197,43.77,27.74,58.86,-5.98,112.65,197,0.0004540258868461,0.0003085285999417,0.0005817300774307,8.772582794308679e-06,0.0009288820430185,197,0.0004540258868461,0.0003085285999417,0.0005817300774307,8.772582794308679e-06,0.0009288820430185,0,,,,,
C2RCC+T-Mart,20260227_ZRH,4,704,197,78.82,48.59,105.88,6.42,379.43,197,-78.82,-105.88,-48.59,-379.43,6.42,197,0.0004588468976905,0.0003440394092132,0.0005466964147553,6.146590914101857e-05,0.0008541624420475,197,0.0004588468976905,0.0003440394092132,0.0005466964147553,6.146590914101857e-05,0.0008541624420475,0,,,,,
GAAC,20260227_ZRH,5,704,197,98.75,79.57,119.46,20.43,187.65,197,98.75,79.57,119.46,20.43,187.65,197,0.001035938674927,0.0008767688390893,0.0011498900107546,0.0002377469964896,0.0014725749936982,197,0.001035938674927,0.0008767688390893,0.0011498900107546,0.0002377469964896,0.0014725749936982,0,,,,,
ACOLITE+RAdCor,20260227_ZRH,6,704,197,101.36,86.55,115.54,46.51,158.06,197,101.36,86.55,115.54,46.51,158.06,197,0.0010248751700876,0.0008747628065581,0.0012486631914954,0.0004996055530101,0.0015511662040708,197,0.0010248751700876,0.0008747628065581,0.0012486631914954,0.0004996055530101,0.0015511662040708,0,,,,,
C2RCC+RAdCor,20260227_ZRH,7,704,197,142.06,100.95,203.33,13.83,893.18,197,-142.06,-203.33,-100.95,-893.18,-13.83,197,0.0006237952241792,0.0004747003130724,0.000732847678986,0.0001163583919943,0.0009406358942299,197,0.0006237952241792,0.0004747003130724,0.000732847678986,0.0001163583919943,0.0009406358942299,0,,,,,
C2RCC,20260227_ZRH,8,704,197,208.21,152.57,269.38,33.36,1634.33,197,-208.21,-269.38,-152.57,-1634.33,-33.36,197,0.0007022448646135,0.0005856838257882,0.0008125675348339,0.0002395582997099,0.0010182164044844,197,0.0007022448646135,0.0005856838257882,0.0008125675348339,0.0002395582997099,0.0010182164044844,0,,,,,
Polymer+T-Mart,20260227_ZRH,9,704,185,633.54,378.14,988.02,160.83,9549.88,185,-633.54,-988.02,-378.14,-9549.88,-160.83,185,0.0008741482664176,0.0007659788337126,0.0010066697159524,0.000519670322392,0.0011295974165655,185,0.0008741482664176,0.0007659788337126,0.0010066697159524,0.000519670322392,0.0011295974165655,0,,,,,
Polymer+Radcor,20260227_ZRH,10,704,166,786.01,495.96000000000004,1271.335,146.08,8264.98,166,-786.01,-1271.335,-495.96000000000004,-8264.98,-146.08,166,0.00089062401786575,0.0008031855426435,0.00102230281872135,0.0006017096136354,0.0012034847533164,166,0.00089062401786575,0.0008031855426435,0.00102230281872135,0.0006017096136354,0.0012034847533164,0,,,,,
Polymer,20260227_ZRH,11,704,141,945.83,605.21,2115.72,239.31,9246.09,141,-945.83,-2115.72,-605.21,-9246.09,-239.31,141,0.0009361048396886,0.0008373859875193,0.0010297943362164,0.0005944039940886,0.0012099613547758,141,0.0009361048396886,0.0008373859875193,0.0010297943362164,0.0005944039940886,0.0012099613547758,0,,,,,
ACOLITE,20260227_ZRH,1,overall,197,17.33,13.24,23.7,7.56,35.83,197,12.56,6.92,21.5,-20.3,35.83,197,0.00055,0.00049,0.00063,0.00036,0.00087,197,0.00075,0.00069,0.00087,0.00048,0.00107,197,12.522962890268506,11.395488203208515,13.568255562427106,8.220283624886939,16.807778633223776
RAdCor+ACOLITE,20260227_ZRH,2,overall,197,20.14,16.3,25.12,6.25,37.39,197,17.5,13.45,23.36,-5.98,37.39,197,0.00068,0.00064,0.00074,0.00047,0.00095,197,0.00092,0.00087,0.00101,0.00062,0.00118,197,15.225548176765525,14.22839983735056,16.427048015036124,10.48444796720712,19.805488761324305
ACOLITE+T-Mart,20260227_ZRH,3,overall,197,23.39,16.21,33.68,1.91,50.12,197,23.39,14.31,33.68,-14.09,50.12,197,0.00075,0.00069,0.00091,0.00043,0.00113,197,0.0011,0.00102,0.00123,0.00062,0.00142,197,14.574342903644508,13.418283900024871,15.76665210237624,10.211748939327409,18.893342142577065
GAAC,20260227_ZRH,4,overall,197,31.14,22.94,39.01,9.14,63.66,197,31.07,22.79,39.01,-17.59,63.66,197,0.0006,0.00054,0.00069,0.00032,0.00095,197,0.00071,0.00063,0.0008,0.0004,0.00102,197,11.56490236643303,10.8048447074976,12.613884609284543,8.020875366477345,16.300640002092642
Polymer,20260227_ZRH,5,overall,197,46.15,40.38648202405557,53.89,21.00429168787205,86.78,197,-37.39,-46.69,-27.30246301551296,-86.78,-0.8528608661476866,197,0.00087,0.0007723683741865,0.00095,0.0005967132498345,0.00114,197,0.00094,0.00084,0.001030041932363,0.0006263287316924,0.00125,197,19.6707367425516,17.83768535885587,21.088366104333595,10.9203636806722,27.007432333719816
Polymer+Radcor,20260227_ZRH,6,overall,197,49.27,42.22,56.97,21.31,95.67,197,-44.89,-54.73,-32.63,-95.67,-9.853781958730725,197,0.00086,0.00076,0.00095,0.0005899393636814,0.0011401733680787,197,0.00093,0.00082,0.00103,0.00062,0.00128,197,19.152764177744807,16.88527165769017,20.79096379259848,9.726815389736858,27.931624670735
ACOLITE+RAdCor,20260227_ZRH,7,overall,197,59.25,46.68,69.27,30.36,95.01,197,59.25,46.68,69.27,30.36,95.01,197,0.0015,0.00129,0.00199,0.00092,0.00221,197,0.00169,0.0015,0.00227,0.00109,0.00247,197,14.372586723017347,12.880331398784168,16.385572709857595,10.209366236054478,19.50802807920681
Polymer+T-Mart,20260227_ZRH,8,overall,197,63.5,51.58,74.34,29.33,131.06,197,-63.5,-74.34,-51.20109487762954,-131.06,-19.377278112683705,197,0.0009,0.00079,0.00098,0.00058,0.00129,197,0.00098,0.00086,0.00107,0.00061,0.00142,197,17.969817785830834,15.815337246794522,19.740128316906468,9.438387000272142,28.30275022288217
C2RCC+T-Mart,20260227_ZRH,9,overall,197,114.09,94.96,133.91,50.39,326.7,197,-114.09,-133.91,-94.96,-326.7,-50.39,197,0.00147,0.00137,0.00155,0.00101,0.00186,197,0.00169,0.00159,0.00177,0.00126,0.00204,197,18.543473244947386,17.426982225724544,19.30980155701636,10.49633670047237,23.47618163187052
C2RCC+RAdCor,20260227_ZRH,10,overall,197,173.26,142.46,224.97,81.03,480.49,197,-173.26,-224.97,-142.46,-480.49,-81.03,197,0.00165,0.00155,0.00175,0.00124,0.002,197,0.00186,0.00175,0.00193,0.00146,0.00218,197,18.07311318095021,16.553226220258754,19.26795795953016,7.432956264892761,23.61961294867108
C2RCC,20260227_ZRH,11,overall,197,224.76,174.63,311.44,93.45,634.73,197,-224.76,-311.44,-174.63,-634.73,-93.45,197,0.00176,0.00166,0.00186,0.00131,0.00214,197,0.00196,0.00184,0.00204,0.00151,0.00233,197,17.258907733167675,15.646823684479122,18.442142727797904,7.127975245896659,23.124676725956267
Polymer+T-Mart,20260423_ZRH,1,443,138,4.08,1.9375,7.3925,0.02,23.67,138,-0.43,-5.887499999999999,2.7474999999999996,-23.67,20.56,138,0.00014808190020185001,7.430399360311706e-05,0.00027787879266235,7.590776598563262e-07,0.0009549938064475,138,0.00014808190020185001,7.430399360311706e-05,0.00027787879266235,7.590776598563262e-07,0.0009549938064475,0,,,,,
Polymer+Radcor,20260423_ZRH,2,443,138,4.425000000000001,2.9125,7.2875,0.0,23.67,138,2.82,-2.8875,5.6875,-23.67,20.22,138,0.00017091511885665,0.00011481418855,0.00027175323743524997,1.0908745258801297e-07,0.0009549656437751,138,0.00017091511885665,0.00011481418855,0.00027175323743524997,1.0908745258801297e-07,0.0009549656437751,0,,,,,
ACOLITE+T-Mart,20260423_ZRH,3,443,140,7.905,3.4025,11.605,0.04,277.87,140,-3.9050000000000002,-10.1375,2.1025,-35.18,277.87,140,0.0002918850567892,0.000125214478414425,0.000421152840619925,1.5524579168556265e-06,0.0110824411502332,140,0.0002918850567892,0.000125214478414425,0.000421152840619925,1.5524579168556265e-06,0.0110824411502332,0,,,,,
RAdCor+ACOLITE,20260423_ZRH,4,443,140,9.075,4.4475,16.09,0.0,319.41,140,8.29,3.2399999999999998,14.9275,-22.12,319.41,140,0.0003572832043521,0.000177614880588025,0.00059252431090285,8.11733963492281e-08,0.0127390200039596,140,0.0003572832043521,0.000177614880588025,0.00059252431090285,8.11733963492281e-08,0.0127390200039596,0,,,,,
ACOLITE,20260423_ZRH,5,443,140,9.35,4.475,14.7375,0.09,266.05,140,-8.44,-14.465,-1.7000000000000002,-42.65,266.05,140,0.000337948893477,0.000167925621115925,0.0005071724507322,3.2091549172401715e-06,0.0106109525775761,140,0.000337948893477,0.000167925621115925,0.0005071724507322,3.2091549172401715e-06,0.0106109525775761,0,,,,,
C2RCC+T-Mart,20260423_ZRH,6,443,140,10.605,6.2425,16.105,0.0,74.52,140,10.26,6.015000000000001,15.5025,-74.52,37.14,140,0.0004093671324373,0.00025574457894085004,0.000599093103799025,1.5475609608898988e-08,0.0017506586752754,140,0.0004093671324373,0.00025574457894085004,0.000599093103799025,1.5475609608898988e-08,0.0017506586752754,0,,,,,
C2RCC+RAdCor,20260423_ZRH,7,443,140,11.83,7.4775,16.3475,0.08,272.56,140,11.725,7.0075,16.1125,-272.56,34.98,140,0.0004640927807524,0.000297448826559475,0.0006514872736319,3.536402552848858e-06,0.0029994675327763,140,0.0004640927807524,0.000297448826559475,0.0006514872736319,3.536402552848858e-06,0.0029994675327763,0,,,,,
Polymer,20260423_ZRH,8,443,138,15.955,10.4,20.415,2.02,36.84,138,15.955,10.4,20.415,-4.59,36.84,138,0.0006218792342389001,0.00042549026616295,0.0007702035598407,9.059732740798568e-05,0.0014021284989477,138,0.0006218792342389001,0.00042549026616295,0.0007702035598407,9.059732740798568e-05,0.0014021284989477,0,,,,,
ACOLITE+RAdCor,20260423_ZRH,9,443,140,24.275,17.435000000000002,34.1325,0.55,318.04,140,24.275,17.435000000000002,34.1325,-5.83,318.04,140,0.0009553946448284,0.000714161310784775,0.00128369692707085,2.353401899504639e-05,0.0126846810570211,140,0.0009553946448284,0.000714161310784775,0.00128369692707085,2.353401899504639e-05,0.0126846810570211,0,,,,,
C2RCC,20260423_ZRH,10,443,140,31.735,24.325,38.255,10.95,127.79,140,31.060000000000002,23.96,37.574999999999996,-127.79,57.75,140,0.0012364535160752001,0.000981755256949175,0.0014560094312473751,0.0004923072931452,0.0023000878077172,140,0.0012364535160752001,0.000981755256949175,0.0014560094312473751,0.0004923072931452,0.0023000878077172,0,,,,,
GAAC,20260423_ZRH,11,443,140,69.55,54.7525,82.9575,33.4,334.16,140,-69.27,-82.5675,-54.5875,-170.2,334.16,140,0.0016429076267423502,0.0013100188119397251,0.0018518316000421752,0.0008740638915436,0.0133275959446692,140,0.0016429076267423502,0.0013100188119397251,0.0018518316000421752,0.0008740638915436,0.0133275959446692,0,,,,,
RAdCor+ACOLITE,20260423_ZRH,1,490,140,3.0,1.7825,5.734999999999999,0.06,250.31,140,-0.105,-2.9675000000000002,3.31,-33.41,250.31,140,0.0001548316486451,9.267456239938732e-05,0.000294646724843425,3.1297910366061624e-06,0.013570639867361,140,0.0001548316486451,9.267456239938732e-05,0.000294646724843425,3.1297910366061624e-06,0.013570639867361,0,,,,,
Polymer+Radcor,20260423_ZRH,2,490,138,3.38,1.6125,5.9575,0.02,28.74,138,-2.0549999999999997,-5.555,0.005000000000000001,-28.74,12.51,138,0.00017393595871764998,8.108543968866162e-05,0.00030736707794172503,8.789311218143636e-07,0.0014595535338834,138,0.00017393595871764998,8.108543968866162e-05,0.00030736707794172503,8.789311218143636e-07,0.0014595535338834,0,,,,,
Polymer+T-Mart,20260423_ZRH,3,490,138,5.68,2.83,8.74,0.02,28.41,138,-5.595,-8.59,-2.4375,-28.41,14.17,138,0.00028271466069385,0.000141482796211975,0.000435541455476475,1.0080690757878832e-06,0.0014466040406836,138,0.00028271466069385,0.000141482796211975,0.000435541455476475,1.0080690757878832e-06,0.0014466040406836,0,,,,,
ACOLITE+RAdCor,20260423_ZRH,4,490,140,7.765000000000001,3.845,12.0125,0.11,243.92,140,7.22,2.9375,11.705,-26.32,243.92,140,0.0004055965841219,0.00020889093386694998,0.000622337005046025,6.1662638499732775e-06,0.0132240351327018,140,0.0004055965841219,0.00020889093386694998,0.000622337005046025,6.1662638499732775e-06,0.0132240351327018,0,,,,,
ACOLITE+T-Mart,20260423_ZRH,5,490,140,7.9,4.375,10.9025,0.07,225.09,140,-7.78,-10.805,-3.8325,-41.35,225.09,140,0.0003825049292613,0.000217512565589275,0.000536408988279825,3.7775191576482417e-06,0.0122036166526632,140,0.0003825049292613,0.000217512565589275,0.000536408988279825,3.7775191576482417e-06,0.0122036166526632,0,,,,,
ACOLITE,20260423_ZRH,6,490,140,10.695,7.195,13.27,0.35,218.08,140,-10.515,-13.24,-7.015000000000001,-46.43,218.08,140,0.0005191130740108,0.000338635616977725,0.000640966332134675,1.681463851404153e-05,0.0118234265633182,140,0.0005191130740108,0.000338635616977725,0.000640966332134675,1.681463851404153e-05,0.0118234265633182,0,,,,,
Polymer,20260423_ZRH,7,490,138,11.02,8.05,13.670000000000002,1.77,28.34,138,11.02,8.0025,13.670000000000002,-8.17,28.34,138,0.00057122421659275,0.00042970475987032496,0.000699487982168775,0.0001003391750529,0.0014789668220933,138,0.00057122421659275,0.00042970475987032496,0.000699487982168775,0.0001003391750529,0.0014789668220933,0,,,,,
C2RCC+T-Mart,20260423_ZRH,8,490,140,12.21,8.934999999999999,15.940000000000001,0.34,61.98,140,12.02,8.7475,15.425,-61.98,36.85,140,0.00065289311115625,0.0004804695619424,0.0008425262626244501,1.7075981050732048e-05,0.002118694062754,140,0.00065289311115625,0.0004804695619424,0.0008425262626244501,1.7075981050732048e-05,0.002118694062754,0,,,,,
C2RCC+RAdCor,20260423_ZRH,9,490,140,13.585,10.31,16.9275,1.83,228.46,140,13.345,9.9725,16.78,-228.46,33.03,140,0.0007181673105291499,0.0005583446646355999,0.00087316816532645,0.0001048247908567,0.0038512702633056,140,0.0007181673105291499,0.0005583446646355999,0.00087316816532645,0.0001048247908567,0.0038512702633056,0,,,,,
C2RCC,20260423_ZRH,10,490,140,32.144999999999996,27.39,36.9625,8.85,94.42,140,31.880000000000003,27.18,36.1175,-94.42,52.22,140,0.0016982878764519,0.001469129816539075,0.00188083621848635,0.0005786857864426,0.0027255611300869,140,0.0016982878764519,0.001469129816539075,0.00188083621848635,0.0005786857864426,0.0027255611300869,0,,,,,
GAAC,20260423_ZRH,11,490,140,67.89,61.07,76.1125,47.17,251.44,140,-67.785,-75.9675,-60.68,-158.97,251.44,140,0.0021345383775478004,0.00196508063864085,0.0023195123952372,0.0015433109325702,0.013631766352784,140,0.0021345383775478004,0.00196508063864085,0.0023195123952372,0.0015433109325702,0.013631766352784,0,,,,,
Polymer,20260423_ZRH,1,560,138,3.09,1.53,6.745,0.06,55.37,138,-2.9450000000000003,-6.1675,-0.7150000000000001,-55.37,8.54,138,0.0002019641575984,9.826239932838328e-05,0.00043513248645132504,3.694613339409909e-06,0.0034437701621132,138,0.0002019641575984,9.826239932838328e-05,0.00043513248645132504,3.694613339409909e-06,0.0034437701621132,0,,,,,
ACOLITE+RAdCor,20260423_ZRH,2,560,140,4.625,2.1950000000000003,7.3025,0.02,183.38,140,-3.275,-6.7175,1.225,-75.28,183.38,140,0.00030964262842535,0.00014491503054262498,0.0004702204444751,1.2037635180950704e-06,0.0130778634621887,140,0.00030964262842535,0.00014491503054262498,0.0004702204444751,1.2037635180950704e-06,0.0130778634621887,0,,,,,
RAdCor+ACOLITE,20260423_ZRH,3,560,140,7.755,4.2175,11.155,0.06,189.18,140,-7.695,-11.112499999999999,-4.07,-77.18,189.18,140,0.00048509775735375,0.00026415981577115,0.0006806588236023001,4.177934614658409e-06,0.0134915681257038,140,0.00048509775735375,0.00026415981577115,0.0006806588236023001,4.177934614658409e-06,0.0134915681257038,0,,,,,
ACOLITE,20260423_ZRH,4,560,140,8.614999999999998,4.9975,11.587499999999999,0.21,178.4,140,-8.53,-11.41,-4.955,-74.66,178.4,140,0.0005358075406313499,0.000325180469063975,0.0007260637668054,1.3705807806491978e-05,0.0127227818294553,140,0.0005358075406313499,0.000325180469063975,0.0007260637668054,1.3705807806491978e-05,0.0127227818294553,0,,,,,
ACOLITE+T-Mart,20260423_ZRH,5,560,140,13.33,9.4925,16.32,0.15,182.1,140,-13.225,-16.21,-9.450000000000001,-78.61,182.1,140,0.0008061295382672,0.000582209192021825,0.000978957246093,9.327829639911404e-06,0.0129867540373592,140,0.0008061295382672,0.000582209192021825,0.000978957246093,9.327829639911404e-06,0.0129867540373592,0,,,,,
Polymer+Radcor,20260423_ZRH,6,560,138,16.560000000000002,14.02,20.2325,0.73,84.0,138,-16.560000000000002,-20.2325,-14.02,-84.0,-0.73,138,0.00096315959840475,0.000798791277562625,0.0011762493157278751,4.945814656435316e-05,0.0044116761508161,138,0.00096315959840475,0.000798791277562625,0.0011762493157278751,4.945814656435316e-05,0.0044116761508161,0,,,,,
C2RCC,20260423_ZRH,7,560,140,18.735,16.095,23.0625,8.24,101.87,140,-18.735,-23.0625,-16.095,-101.87,-8.24,140,0.0010595475778454998,0.000939741589143575,0.001304808995199025,0.0004473526081569,0.0041971192761229,140,0.0010595475778454998,0.000939741589143575,0.001304808995199025,0.0004473526081569,0.0041971192761229,0,,,,,
Polymer+T-Mart,20260423_ZRH,8,560,138,19.495,16.83,23.755000000000003,2.64,83.63,138,-19.495,-23.755000000000003,-16.83,-83.63,-2.64,138,0.0011117289792119001,0.00094482088356895,0.00132728841754045,0.0001756239542408,0.004400862870427,138,0.0011117289792119001,0.00094482088356895,0.00132728841754045,0.0001756239542408,0.004400862870427,0,,,,,
C2RCC+T-Mart,20260423_ZRH,9,560,140,32.64,29.0175,35.74,10.99,104.57,140,-32.64,-35.74,-29.0175,-104.57,-10.99,140,0.00165777448806795,0.0015134139416534249,0.0018003284730823,0.0006763675338526,0.0049397105457405,140,0.00165777448806795,0.0015134139416534249,0.0018003284730823,0.0006763675338526,0.0049397105457405,0,,,,,
C2RCC+RAdCor,20260423_ZRH,10,560,140,33.355000000000004,30.2525,37.0475,18.36,279.14,140,-33.355000000000004,-37.0475,-30.2525,-279.14,-18.36,140,0.0016877098794886,0.001542303601363025,0.0018449879780792,0.0010595565616478,0.0052802494330664,140,0.0016877098794886,0.001542303601363025,0.0018449879780792,0.0010595565616478,0.0052802494330664,0,,,,,
GAAC,20260423_ZRH,11,560,140,42.925,37.035,47.582499999999996,24.86,184.68,140,-42.86,-47.455,-36.625,-166.48,184.68,140,0.0020613045526834,0.0018070333939525,0.002242828566725175,0.0012198640895619,0.013171227467209,140,0.0020613045526834,0.0018070333939525,0.002242828566725175,0.0012198640895619,0.013171227467209,0,,,,,
ACOLITE+RAdCor,20260423_ZRH,1,665,140,13.895,7.3175,30.247500000000002,0.23,715.12,140,-12.905000000000001,-29.585,-5.39,-105.52,715.12,140,0.00024328636104549998,0.000132295047847575,0.0004573694269722,4.284680203080074e-06,0.0153246703018121,140,0.00024328636104549998,0.000132295047847575,0.0004573694269722,4.284680203080074e-06,0.0153246703018121,0,,,,,
RAdCor+ACOLITE,20260423_ZRH,2,665,140,14.905,8.295,21.770000000000003,0.01,714.75,140,-14.625,-21.5025,-8.0625,-88.61,714.75,140,0.0002565749933712,0.00014697247757997499,0.00036419443419592496,1.9650911462312282e-07,0.0153167000432186,140,0.0002565749933712,0.00014697247757997499,0.00036419443419592496,1.9650911462312282e-07,0.0153167000432186,0,,,,,
Polymer,20260423_ZRH,3,665,138,26.75,23.3125,34.445,9.14,67.8,138,-26.75,-34.445,-23.3125,-67.8,-9.14,138,0.00041798739737720003,0.00035462015690065,0.00053962100376955,0.0001404406746034,0.000932575774797,138,0.00041798739737720003,0.00035462015690065,0.00053962100376955,0.0001404406746034,0.000932575774797,0,,,,,
ACOLITE,20260423_ZRH,4,665,140,29.4,22.4025,36.4775,4.25,685.44,140,-28.674999999999997,-36.2125,-22.307499999999997,-108.75,685.44,140,0.00043947869672699997,0.00036200747624905,0.0005514093509921,6.844183127683407e-05,0.0146886011977367,140,0.00043947869672699997,0.00036200747624905,0.0005514093509921,6.844183127683407e-05,0.0146886011977367,0,,,,,
ACOLITE+T-Mart,20260423_ZRH,5,665,140,31.939999999999998,25.7225,39.5,5.09,695.91,140,-31.845,-39.057500000000005,-25.1525,-115.42,695.91,140,0.00048414888023659997,0.00040017821070355,0.0005857457362591001,8.122993796420104e-05,0.0149130983669929,140,0.00048414888023659997,0.00040017821070355,0.0005857457362591001,8.122993796420104e-05,0.0149130983669929,0,,,,,
Polymer+Radcor,20260423_ZRH,6,665,138,44.36,38.925,50.275,20.04,96.61,138,-44.36,-50.275,-38.925,-96.61,-20.04,138,0.00058897123360005,0.0005328642254775751,0.0006919214450245,0.000305700423513,0.0011341215689726,138,0.00058897123360005,0.0005328642254775751,0.0006919214450245,0.000305700423513,0.0011341215689726,0,,,,,
Polymer+T-Mart,20260423_ZRH,7,665,138,45.64,40.697500000000005,52.75,21.67,96.19,138,-45.64,-52.75,-40.697500000000005,-96.19,-21.67,138,0.00060668434745935,0.000543253060687525,0.0007171744944469249,0.0003229863736475,0.0011315955254866,138,0.00060668434745935,0.000543253060687525,0.0007171744944469249,0.0003229863736475,0.0011315955254866,0,,,,,
C2RCC+T-Mart,20260423_ZRH,8,665,140,104.65,97.0325,114.12,67.42,198.01,140,-104.65,-114.12,-97.0325,-198.01,-67.42,140,0.0010007102019389,0.0009350365734389501,0.0010762175977599752,0.0007704153771106,0.0015291675265047,140,0.0010007102019389,0.0009350365734389501,0.0010762175977599752,0.0007704153771106,0.0015291675265047,0,,,,,
C2RCC+RAdCor,20260423_ZRH,9,665,140,116.25,108.6125,123.66749999999999,89.01,261.08,140,-116.25,-123.66749999999999,-108.6125,-261.08,-89.01,140,0.0010548534172886,0.00098334159138505,0.001133086198903175,0.000826173435648,0.0015668042700699,140,0.0010548534172886,0.00098334159138505,0.001133086198903175,0.000826173435648,0.0015668042700699,0,,,,,
C2RCC,20260423_ZRH,10,665,140,117.975,111.20750000000001,130.53,88.6,206.32,140,-117.975,-130.53,-111.20750000000001,-206.32,-88.6,140,0.0010687300404519499,0.000989622375290325,0.001173464847391675,0.0007880624475028,0.0014480319050106,140,0.0010687300404519499,0.000989622375290325,0.001173464847391675,0.0007880624475028,0.0014480319050106,0,,,,,
GAAC,20260423_ZRH,11,665,140,177.89999999999998,147.1775,257.7325,98.69,3731.38,140,-177.02499999999998,-252.35999999999999,-146.2575,-3731.38,709.72,140,0.0012938454145797998,0.0011719579600277998,0.001439882871092325,0.0008406899592277,0.0152090152635573,140,0.0012938454145797998,0.0011719579600277998,0.001439882871092325,0.0008406899592277,0.0152090152635573,0,,,,,
RAdCor+ACOLITE,20260423_ZRH,1,overall,140,7.675000000000001,6.0675,9.88,1.7,283.3,140,-3.57,-6.9075,-0.5725,-53.74,283.3,140,0.00033,0.00028,0.00038250000000000003,8e-05,0.01378,140,0.000395,0.00032,0.0004725,0.0001,0.01381,140,3.82914522915176,3.01076543581503,4.662877609711885,0.9488382561896428,17.62368675966401
ACOLITE,20260423_ZRH,2,overall,140,10.579999999999998,6.9375,14.3175,2.34,241.22,140,-10.5,-14.115,-6.8375,-59.92,241.22,140,0.00046,0.000305,0.0005925,0.0001,0.01246,140,0.00047,0.00033,0.0006125,0.00012,0.01255,140,2.305722785975949,1.9173511077894079,2.691907176200497,1.2621960273113122,17.813733998761744
ACOLITE+T-Mart,20260423_ZRH,3,overall,140,10.870000000000001,8.445,13.657499999999999,3.38,250.49,140,-10.61,-13.5175,-7.005,-58.89,250.49,140,0.000465,0.00034,0.00061,0.00019,0.0128,140,0.00051,0.00039,0.00065,0.00024,0.01287,140,3.1830500233513397,2.4044278489782442,3.7235829312486337,1.1782155591086914,17.77657827999621
ACOLITE+RAdCor,20260423_ZRH,4,overall,140,11.305,8.5875,13.5825,5.37,279.17,140,2.14,-1.5425,5.85,-48.8,279.17,140,0.00049,0.00044,0.0005725,0.00019,0.01358,140,0.00059,0.0005175,0.0007375,0.00021,0.01362,140,6.13472867787911,5.242953141394901,7.0027379363357465,2.1054828073578515,18.1012391636712
Polymer+Radcor,20260423_ZRH,5,overall,138,11.309999999999999,9.74,13.8425,4.87,53.91,138,-9.34,-12.55,-6.9775,-53.91,5.69,138,0.00048,0.00042,0.0005875,0.00026,0.00199,138,0.00059,0.0005025,0.0007,0.00033,0.00244,138,5.275324843611061,4.497315669419792,5.932747308634258,2.631433972384188,10.74541180287668
Polymer+T-Mart,20260423_ZRH,6,overall,138,13.260000000000002,10.83,15.375,6.35,53.55,138,-12.754999999999999,-15.215,-9.782499999999999,-53.55,5.47,138,0.00055,0.00046,0.0006475,0.00024,0.00198,138,0.00067,0.00057,0.0007775,0.0003,0.00243,138,4.993154076965961,4.104234727475761,6.088217724378698,2.616572999658205,10.727771123490994
Polymer,20260423_ZRH,7,overall,138,13.379999999999999,10.175,16.3275,4.23,29.64,138,3.4000000000000004,1.495,6.025,-29.64,18.02,138,0.00048,0.0004,0.00055,0.00023,0.00127,138,0.00052,0.00044,0.0005974999999999999,0.00025,0.0018,138,5.320440347394128,4.402148898541627,6.233136528876864,2.852508087890436,10.823272953804484
C2RCC+T-Mart,20260423_ZRH,8,overall,140,22.1,20.855,23.905,17.59,82.26,140,-9.975000000000001,-12.48,-7.04,-82.26,11.04,140,0.00093,0.00087,0.00102,0.00066,0.00217,140,0.00107,0.00102,0.0011324999999999998,0.0008,0.00265,140,12.306866355678446,11.62787100021364,12.987887076253969,6.253124087657399,16.478411184613574
C2RCC+RAdCor,20260423_ZRH,9,overall,140,23.355,22.0325,25.55,18.24,264.84,140,-9.425,-12.5225,-6.3425,-264.84,6.02,140,0.00098,0.00092,0.00108,0.0007,0.00341,140,0.00112,0.00104,0.00119,0.00084,0.00368,140,12.861143706848383,12.259201827256884,13.60414359124771,3.708547413129016,17.685057916568702
C2RCC,20260423_ZRH,10,overall,140,31.615,26.392500000000002,37.542500000000004,20.55,114.44,140,4.225,1.2650000000000001,7.505,-114.44,17.81,140,0.001275,0.00119,0.00136,0.00095,0.00251,140,0.0013,0.00122,0.00142,0.001,0.00263,140,14.243697718091223,13.575158140243262,15.041561979449444,4.860734810612002,19.0653753433404
GAAC,20260423_ZRH,11,overall,140,69.445,57.82,78.5875,42.34,290.62,140,-69.15,-78.255,-57.317499999999995,-168.34,290.62,140,0.00179,0.00161,0.00193,0.00116,0.01383,140,0.001815,0.00165,0.00197,0.00119,0.01386,140,7.187720892981183,6.463920563505279,8.486078817241511,4.780777022777696,17.899518819836963
Polymer+T-Mart,20260430_ZRH,1,443,145,28.29,19.03,40.13,0.61,80.37,145,27.92,18.82,39.72,-49.72,80.37,145,0.0007148853296038,0.00049678703431,0.0009307776393567,1.905166487913782e-05,0.0015946082425098,145,0.0007148853296038,0.00049678703431,0.0009307776393567,1.905166487913782e-05,0.0015946082425098,0,,,,,
ACOLITE+RAdCor,20260430_ZRH,2,443,145,28.3,14.68,45.31,0.04,100.45,145,27.73,13.84,44.41,-85.15,100.45,145,0.0006830443312931,0.0003977998250399,0.0010180198841249,1.2256086276770002e-06,0.002222536304511,145,0.0006830443312931,0.0003977998250399,0.0010180198841249,1.2256086276770002e-06,0.002222536304511,0,,,,,
Polymer+Radcor,20260430_ZRH,3,443,145,44.2,35.38,57.72,2.14,99.41,145,44.2,35.3,57.72,-36.4,99.41,145,0.0011309786488049,0.0009286331765265,0.0013148300182094,7.272453761777379e-05,0.0020709861418214,145,0.0011309786488049,0.0009286331765265,0.0013148300182094,7.272453761777379e-05,0.0020709861418214,0,,,,,
ACOLITE,20260430_ZRH,4,443,145,56.41,38.55,71.71,7.39,129.94,145,56.41,38.12,71.71,-45.09,129.94,145,0.0013475688983503,0.001075816080033,0.0016521988627977,0.0002514974496413,0.0024375847405865,145,0.0013475688983503,0.001075816080033,0.0016521988627977,0.0002514974496413,0.0024375847405865,0,,,,,
Polymer,20260430_ZRH,5,443,145,59.85,48.62,75.3,7.54,120.09,145,59.85,48.62,75.3,-22.38,120.09,145,0.0014997734636157,0.0012733887154486,0.0017316048178588,0.000256633310004,0.0022905201018434,145,0.0014997734636157,0.0012733887154486,0.0017316048178588,0.000256633310004,0.0022905201018434,0,,,,,
C2RCC+RAdCor,20260430_ZRH,6,443,145,66.24,54.0,83.68,21.42,244.95,145,-66.24,-83.68,-54.0,-244.95,-21.42,145,0.000994693043728,0.0007915830627833,0.0012539033003927,0.0003265146150015,0.0034096675743155,145,0.000994693043728,0.0007915830627833,0.0012539033003927,0.0003265146150015,0.0034096675743155,0,,,,,
RAdCor+ACOLITE,20260430_ZRH,7,443,145,71.76,49.22,88.27,15.49,150.07,145,71.76,49.22,88.27,-35.88,150.07,145,0.0016923616920065,0.0013835585862987,0.0020555067067511,0.0005273717272181,0.0030552197112812,145,0.0016923616920065,0.0013835585862987,0.0020555067067511,0.0005273717272181,0.0030552197112812,0,,,,,
C2RCC,20260430_ZRH,8,443,145,74.07,51.94,99.64,13.59,271.22,145,-74.07,-99.64,-51.94,-271.22,-13.59,145,0.0010664993921084,0.0008001353806034,0.0013140181085426,0.0002235359937485,0.003508154959373,145,0.0010664993921084,0.0008001353806034,0.0013140181085426,0.0002235359937485,0.003508154959373,0,,,,,
C2RCC+T-Mart,20260430_ZRH,9,443,145,78.81,65.16,96.58,26.45,247.95,145,-78.81,-96.58,-65.16,-247.95,-26.45,145,0.0011341528809373,0.0009167123333865,0.0013246648699374,0.0003352951456362,0.0034216387852124,145,0.0011341528809373,0.0009167123333865,0.0013246648699374,0.0003352951456362,0.0034216387852124,0,,,,,
ACOLITE+T-Mart,20260430_ZRH,10,443,145,83.46,62.53,100.88,23.71,168.44,145,83.46,62.53,100.88,-28.56,168.44,145,0.0020254635761196,0.001684705978909,0.002291289593723,0.0008074027302761,0.0030592132224812,145,0.0020254635761196,0.001684705978909,0.002291289593723,0.0008074027302761,0.0030592132224812,0,,,,,
GAAC,20260430_ZRH,11,443,145,89.27,74.46,116.79,31.9,388.03,145,-89.27,-116.79,-74.46,-388.03,-31.9,145,0.0011778581103377,0.0009967921684102,0.0013974711087373,0.000489105547356,0.0038177519598023,145,0.0011778581103377,0.0009967921684102,0.0013974711087373,0.000489105547356,0.0038177519598023,0,,,,,
ACOLITE+RAdCor,20260430_ZRH,1,490,145,19.72,9.97,25.54,0.24,159.64,145,17.81,8.32,25.52,-159.64,55.68,145,0.0006045214611175,0.0003325406970767,0.0008862288080191,6.993584841370488e-06,0.0052798557505102,145,0.0006045214611175,0.0003325406970767,0.0008862288080191,6.993584841370488e-06,0.0052798557505102,0,,,,,
Polymer+T-Mart,20260430_ZRH,2,490,145,22.78,17.31,29.36,1.91,90.41,145,22.63,17.27,29.33,-90.41,56.26,145,0.0007807714357204,0.0006329417662508,0.0009876381986261,8.256260302408596e-05,0.0040774550109268,145,0.0007807714357204,0.0006329417662508,0.0009876381986261,8.256260302408596e-05,0.0040774550109268,0,,,,,
C2RCC,20260430_ZRH,3,490,145,33.88,24.44,46.62,0.49,238.15,145,-33.88,-46.62,-24.44,-238.15,-0.49,145,0.0008688547148093,0.0006434101124625,0.0011548200425996,1.4012598693292737e-05,0.006047819326376,145,0.0008688547148093,0.0006434101124625,0.0011548200425996,1.4012598693292737e-05,0.006047819326376,0,,,,,
ACOLITE,20260430_ZRH,4,490,145,35.19,26.41,43.07,3.28,127.63,145,35.15,25.38,42.45,-127.63,66.26,145,0.0011984199898481,0.0009307444732401,0.0014104153694202,0.0001201714661961,0.0048148545380772,145,0.0011984199898481,0.0009307444732401,0.0014104153694202,0.0001201714661961,0.0048148545380772,0,,,,,
Polymer+Radcor,20260430_ZRH,5,490,145,36.85,31.29,44.93,10.81,76.08,145,36.73,31.1,44.93,-76.08,70.12,145,0.0012721278978326,0.0011304553550032,0.0014895141102442,0.0006183469207224,0.0037103305643436,145,0.0012721278978326,0.0011304553550032,0.0014895141102442,0.0006183469207224,0.0037103305643436,0,,,,,
C2RCC+RAdCor,20260430_ZRH,6,490,145,39.03,30.09,47.86,13.28,242.31,145,-39.03,-47.86,-30.09,-242.31,-13.28,145,0.0009345340367732,0.0007830142624684,0.0011646124215965,0.0003376417247377,0.006078679982747,145,0.0009345340367732,0.0007830142624684,0.0011646124215965,0.0003376417247377,0.006078679982747,0,,,,,
RAdCor+ACOLITE,20260430_ZRH,7,490,145,42.98,32.56,50.64,5.01,116.02,145,42.84,32.55,50.63,-116.02,77.26,145,0.0014279997458715,0.0011879496998968,0.0016922316602468,0.0002730498776905,0.0046121328547687,145,0.0014279997458715,0.0011879496998968,0.0016922316602468,0.0002730498776905,0.0046121328547687,0,,,,,
GAAC,20260430_ZRH,8,490,145,46.57,38.08,68.17,20.47,425.36,145,-46.57,-68.17,-38.08,-425.36,-20.47,145,0.0011221471340295,0.0009562826560231,0.0013448471016142,0.0005185585914162,0.0069527338658135,145,0.0011221471340295,0.0009562826560231,0.0013448471016142,0.0005185585914162,0.0069527338658135,0,,,,,
ACOLITE+T-Mart,20260430_ZRH,9,490,145,50.99,39.85,57.07,3.19,107.05,145,50.66,39.74,56.92,-107.05,77.86,145,0.0016500877429847,0.0014018831463968,0.0019119443165655,0.0001822816452808,0.0044399252571256,145,0.0016500877429847,0.0014018831463968,0.0019119443165655,0.0001822816452808,0.0044399252571256,0,,,,,
Polymer,20260430_ZRH,10,490,145,51.79,45.24,60.76,15.83,86.88,145,51.39,44.6,60.76,-59.9,86.88,145,0.0018091960042608,0.0016518147789361,0.0019763644063301,0.0009049860070938,0.003217047128415,145,0.0018091960042608,0.0016518147789361,0.0019763644063301,0.0009049860070938,0.003217047128415,0,,,,,
C2RCC+T-Mart,20260430_ZRH,11,490,145,54.18,45.17,62.01,25.67,263.72,145,-54.18,-62.01,-45.17,-263.72,-25.67,145,0.0012168000697785,0.0010239030740892,0.0013857523300475,0.000530593779056,0.0062263347987809,145,0.0012168000697785,0.0010239030740892,0.0013857523300475,0.000530593779056,0.0062263347987809,0,,,,,
Polymer+Radcor,20260430_ZRH,1,560,145,4.56,2.03,6.96,0.08,166.11,145,3.58,0.44,6.51,-166.11,14.16,145,0.0002592704759128,0.0001093282862311,0.0004117280526759,4.292727082796238e-06,0.0118682560877685,145,0.0002592704759128,0.0001093282862311,0.0004117280526759,4.292727082796238e-06,0.0118682560877685,0,,,,,
Polymer+T-Mart,20260430_ZRH,2,560,145,5.24,2.16,7.82,0.06,166.92,145,-3.88,-7.78,-0.46,-166.92,9.89,145,0.0002820059268853,0.0001293545418368,0.0004295619465732,3.442357178821444e-06,0.0118901464883193,145,0.0002820059268853,0.0001293545418368,0.0004295619465732,3.442357178821444e-06,0.0118901464883193,0,,,,,
ACOLITE+RAdCor,20260430_ZRH,3,560,145,6.9,3.52,11.11,0.03,176.77,145,-6.88,-11.11,-1.98,-176.77,9.57,145,0.0003561245277352,0.0001898495691215,0.0005779689731333,1.3645737562181098e-06,0.0121436269527339,145,0.0003561245277352,0.0001898495691215,0.0005779689731333,1.3645737562181098e-06,0.0121436269527339,0,,,,,
RAdCor+ACOLITE,20260430_ZRH,4,560,145,10.36,7.05,15.48,0.26,192.24,145,10.22,6.76,15.31,-192.24,26.43,145,0.0005975698121063,0.0004015106282451,0.0008601603385114,1.8121815981387776e-05,0.0125072734935247,145,0.0005975698121063,0.0004015106282451,0.0008601603385114,1.8121815981387776e-05,0.0125072734935247,0,,,,,
ACOLITE+T-Mart,20260430_ZRH,5,560,145,11.57,7.76,16.29,0.35,182.36,145,11.48,7.46,16.16,-182.36,27.06,145,0.0006407157724618,0.0004478629801604,0.0009183693807911,2.237127200412775e-05,0.012279627988305,145,0.0006407157724618,0.0004478629801604,0.0009183693807911,2.237127200412775e-05,0.012279627988305,0,,,,,
ACOLITE,20260430_ZRH,6,560,145,12.09,8.8,16.18,0.85,181.56,145,12.06,8.57,15.74,-181.56,27.02,145,0.0006739532253727,0.0004876120344066,0.0008842661016945,5.351609266185733e-05,0.0122603267936074,145,0.0006739532253727,0.0004876120344066,0.0008842661016945,5.351609266185733e-05,0.0122603267936074,0,,,,,
Polymer,20260430_ZRH,7,560,145,12.95,10.62,16.22,1.1,145.38,145,12.79,10.45,16.12,-145.38,22.07,145,0.0007448400743473,0.000594175125377,0.0009207304581739,6.998983012000606e-05,0.0112647258688267,145,0.0007448400743473,0.000594175125377,0.0009207304581739,6.998983012000606e-05,0.0112647258688267,0,,,,,
GAAC,20260430_ZRH,8,560,145,19.85,15.45,23.59,8.63,256.91,145,-19.85,-23.59,-15.45,-256.91,-8.63,145,0.0009197938736456,0.0007279986879321,0.0011065817053895,0.0004163923510682,0.0136859846480155,145,0.0009197938736456,0.0007279986879321,0.0011065817053895,0.0004163923510682,0.0136859846480155,0,,,,,
C2RCC+T-Mart,20260430_ZRH,9,560,145,32.37,29.56,35.19,21.33,272.45,145,-32.37,-35.19,-29.56,-272.45,-21.33,145,0.0013609304681914,0.001279072723077,0.0014968366980939,0.0009489024772835,0.0139082492014596,145,0.0013609304681914,0.001279072723077,0.0014968366980939,0.0009489024772835,0.0139082492014596,0,,,,,
C2RCC,20260430_ZRH,10,560,145,32.63,28.58,37.59,19.33,285.18,145,-32.63,-37.59,-28.58,-285.18,-19.33,145,0.0013854613273716,0.0012226291144871,0.0015835032183329,0.0008507833680406,0.0140770586311729,145,0.0013854613273716,0.0012226291144871,0.0015835032183329,0.0008507833680406,0.0140770586311729,0,,,,,
C2RCC+RAdCor,20260430_ZRH,11,560,145,35.36,32.09,37.73,22.59,280.22,145,-35.36,-37.73,-32.09,-280.22,-22.59,145,0.0014586665601117,0.0013309937382964,0.0016000712342608,0.0009944984367311,0.0140126117646449,145,0.0014586665601117,0.0013309937382964,0.0016000712342608,0.0009944984367311,0.0140126117646449,0,,,,,
Polymer+Radcor,20260430_ZRH,1,665,145,6.88,3.83,18.74,0.11,210.16,145,1.91,-5.48,11.94,-210.16,46.51,145,9.317076472466538e-05,5.242989344004796e-05,0.0002915921599394,1.6437770094532636e-06,0.0047753733418119,145,9.317076472466538e-05,5.242989344004796e-05,0.0002915921599394,1.6437770094532636e-06,0.0047753733418119,0,,,,,
Polymer+T-Mart,20260430_ZRH,2,665,145,10.04,4.09,22.56,0.06,186.15,145,-0.98,-9.2,13.91,-186.15,53.41,145,0.0001255518355934,5.609280679976761e-05,0.0003133566565136,7.255912174944801e-07,0.0045846961899103,145,0.0001255518355934,5.609280679976761e-05,0.0003133566565136,7.255912174944801e-07,0.0045846961899103,0,,,,,
GAAC,20260430_ZRH,3,665,145,10.66,4.56,18.43,0.2,392.94,145,-5.73,-15.76,3.57,-392.94,22.39,145,0.0001455975475266,6.123151140160739e-05,0.0002514022080819,2.6635478460792367e-06,0.0056179028187873,145,0.0001455975475266,6.123151140160739e-05,0.0002514022080819,2.6635478460792367e-06,0.0056179028187873,0,,,,,
Polymer,20260430_ZRH,4,665,145,10.76,5.06,18.77,0.12,194.05,145,10.43,3.77,17.19,-194.05,47.18,145,0.0001556586499773,7.311413413717922e-05,0.000286984836783,1.770609620574187e-06,0.004650870465826,145,0.0001556586499773,7.311413413717922e-05,0.000286984836783,1.770609620574187e-06,0.004650870465826,0,,,,,
ACOLITE+RAdCor,20260430_ZRH,5,665,145,14.51,6.17,28.58,0.08,277.14,145,7.05,-3.88,23.23,-277.14,55.99,145,0.0001995347553638,8.739343821203703e-05,0.0003780610311421,1.107306508660224e-06,0.0051788817707962,145,0.0001995347553638,8.739343821203703e-05,0.0003780610311421,1.107306508660224e-06,0.0051788817707962,0,,,,,
C2RCC+T-Mart,20260430_ZRH,6,665,145,23.93,16.02,30.75,0.51,346.56,145,-23.93,-30.75,-16.02,-346.56,2.19,145,0.0002682714923409,0.0001964797524356,0.0003443646218706,8.003794605566592e-06,0.0054694022332351,145,0.0002682714923409,0.0001964797524356,0.0003443646218706,8.003794605566592e-06,0.0054694022332351,0,,,,,
ACOLITE,20260430_ZRH,7,665,145,30.16,19.55,45.18,0.04,294.35,145,30.02,19.08,44.1,-294.35,74.5,145,0.0004425428552123,0.0002963139085311,0.0006249756526606,7.103980284332498e-07,0.0052604623687035,145,0.0004425428552123,0.0002963139085311,0.0006249756526606,7.103980284332498e-07,0.0052604623687035,0,,,,,
RAdCor+ACOLITE,20260430_ZRH,8,665,145,34.4,21.1,49.92,2.66,300.88,145,34.33,19.74,49.68,-300.88,81.34,145,0.0004931171127085,0.0003179998264602,0.0006853652337734,4.045859022903443e-05,0.0052895566531038,145,0.0004931171127085,0.0003179998264602,0.0006853652337734,4.045859022903443e-05,0.0052895566531038,0,,,,,
ACOLITE+T-Mart,20260430_ZRH,9,665,145,41.04,29.47,58.15,0.18,262.66,145,40.01,28.1,57.95,-262.66,86.3,145,0.0005952712249454,0.0004369112876127,0.0007864783744566,3.2885586344004025e-06,0.0051042815520009,145,0.0005952712249454,0.0004369112876127,0.0007864783744566,3.2885586344004025e-06,0.0051042815520009,0,,,,,
C2RCC+RAdCor,20260430_ZRH,10,665,145,61.11,54.17,69.28,34.38,553.24,145,-61.11,-69.28,-54.17,-553.24,-34.38,145,0.000538131441267,0.0004852087168322,0.0006204907108557,0.000384303793104,0.005968722634433,145,0.000538131441267,0.0004852087168322,0.0006204907108557,0.000384303793104,0.005968722634433,0,,,,,
C2RCC,20260430_ZRH,11,665,145,65.82,57.32,76.03,34.61,601.52,145,-65.82,-76.03,-57.32,-601.52,-34.61,145,0.0005758095846455,0.0004949172667191,0.0006669995616603,0.0003840159409476,0.0060429808572247,145,0.0005758095846455,0.0004949172667191,0.0006669995616603,0.0003840159409476,0.0060429808572247,0,,,,,
Polymer+T-Mart,20260430_ZRH,1,overall,145,15.25,13.25,21.32,5.67,125.45,145,10.57,4.63,17.42,-125.45,53.82,145,0.00049,0.00042,0.00059,0.0002,0.00554,145,0.00058,0.00048,0.00071,0.00024,0.00674,145,7.77217836262857,6.36901820200018,9.030237316584484,3.3079291509836914,16.83585071591566
ACOLITE+RAdCor,20260430_ZRH,2,overall,145,16.15,11.51,23.72,2.91,168.07,145,11.87,2.37,22.89,-168.07,48.9,145,0.00048,0.00037,0.0006,0.00017,0.0062,145,0.00056,0.00043,0.00073,0.00024,0.00719,145,7.26699508931882,5.69833395208671,8.9827625476967,0.9520390730384912,16.097240025412432
Polymer+Radcor,20260430_ZRH,3,overall,145,21.79,18.04,27.85,6.64,116.46,145,19.96,15.65,27.52,-116.46,55.52,145,0.00068,0.00059,0.00082,0.00023,0.00541,145,0.00085,0.00075,0.00102,0.00033,0.00669,145,8.76000068529226,7.66656026929108,9.927519156021363,3.365499707802336,17.827766509564295
Polymer,20260430_ZRH,4,overall,145,31.63,27.21,39.0,17.05,98.08,145,31.61,26.91,38.02,-98.08,64.47,145,0.00106,0.00093,0.00121,0.00057,0.005,145,0.00124,0.0011,0.0014,0.00064,0.00632,145,9.203341311555077,8.000262758921941,10.263236634055358,3.867811377799359,18.190975213795987
GAAC,20260430_ZRH,5,overall,145,33.21,26.65,45.3,17.03,390.48,145,-33.21,-45.3,-25.81,-390.48,-14.58,145,0.00084,0.00071,0.00098,0.00047,0.00752,145,0.00096,0.0008,0.00112,0.00052,0.00839,145,8.864485739028583,7.419241700405395,10.065383035227963,2.6694294787057005,18.67953974816461
ACOLITE,20260430_ZRH,6,overall,145,33.66,23.75,41.52,5.85,153.16,145,33.53,23.71,41.07,-153.16,64.59,145,0.00094,0.00071,0.00112,0.00023,0.00596,145,0.00099,0.00078,0.00121,0.00024,0.00713,145,6.859728010129676,5.419995757523121,8.663414745093993,1.9586007870830484,15.497000761911275
RAdCor+ACOLITE,20260430_ZRH,7,overall,145,38.75,27.33,49.45,6.52,151.26,145,38.05,27.32,49.09,-151.26,73.33,145,0.0011,0.00082,0.0013,0.00027,0.00592,145,0.0012,0.00095,0.00142,0.00032,0.0072,145,9.256725026500176,7.696317049257528,11.02738630165383,2.7141186164472013,18.09730752955216
C2RCC+T-Mart,20260430_ZRH,8,overall,145,43.05,38.11,47.99,25.81,268.06,145,-43.05,-47.99,-38.11,-268.06,-25.81,145,0.00099,0.00087,0.00113,0.00054,0.00726,145,0.00108,0.00096,0.00123,0.00071,0.00827,145,5.819299778090298,4.693320201834819,7.406088925283049,1.5392299469875064,12.816586559498514
ACOLITE+T-Mart,20260430_ZRH,9,overall,145,45.15,35.5,55.43,7.84,141.79,145,45.14,35.08,55.41,-141.79,78.36,145,0.00124,0.00102,0.00145,0.00041,0.00572,145,0.0014,0.00118,0.0016,0.00053,0.00703,145,10.54891778615889,9.13165344373531,12.2783903294003,4.623701742279761,19.23611509038568
C2RCC,20260430_ZRH,10,overall,145,48.3,40.91,59.22,20.36,278.14,145,-48.3,-59.22,-40.91,-278.14,-20.36,145,0.00097,0.00083,0.00114,0.00046,0.00742,145,0.00103,0.00089,0.0012,0.00054,0.00842,145,5.418017953929332,4.241046556654896,6.647451002569654,2.689752503351984,12.596004135554848
C2RCC+RAdCor,20260430_ZRH,11,overall,145,49.07,41.57,57.7,27.57,262.16,145,-49.07,-57.7,-41.57,-262.16,-27.57,145,0.00098,0.00085,0.00115,0.00066,0.00737,145,0.00104,0.0009,0.00121,0.00071,0.00837,145,4.226024364637435,3.282750645755265,5.642689603014058,1.2291116540531926,11.710551806017518
