processor,campaign,transect_nr,rank_msa,band,MSA_percent_n,MSA_percent_median,MSA_percent_q25,MSA_percent_q75,MSA_percent_min,MSA_percent_max,SB_percent_n,SB_percent_median,SB_percent_q25,SB_percent_q75,SB_percent_min,SB_percent_max,MAE_n,MAE_median,MAE_q25,MAE_q75,MAE_min,MAE_max,RMSE_n,RMSE_median,RMSE_q25,RMSE_q75,RMSE_min,RMSE_max,SAM_deg_n,SAM_deg_median,SAM_deg_q25,SAM_deg_q75,SAM_deg_min,SAM_deg_max
Polymer+T-Mart,20230610_CST,2,1,443,690,25.19,17.31,32.917500000000004,1.01,62.28,690,25.19,17.31,32.917500000000004,-2.28,62.28,690,0.00098833283910115,0.000655439855865275,0.001246642939154725,3.500903717273138e-05,0.0021953300145281,690,0.00098833283910115,0.000655439855865275,0.001246642939154725,3.500903717273138e-05,0.0021953300145281,0,,,,,
C2RCC+RAdCor,20230610_CST,2,2,443,690,39.295,21.4325,65.8625,2.61,94.38,690,39.295,21.4325,65.8625,2.61,94.38,690,0.0015519991861113,0.000802682797039925,0.002510001444570475,0.000124904661841,0.0033042420569947,690,0.0015519991861113,0.000802682797039925,0.002510001444570475,0.000124904661841,0.0033042420569947,0,,,,,
C2RCC,20230610_CST,2,3,443,690,39.71,20.6925,67.20750000000001,0.32,102.05,690,39.71,20.6925,67.20750000000001,-0.36,102.05,690,0.0015638272161993,0.0007613865014937751,0.002579160941391525,1.5335858108733377e-05,0.0031708020445013,690,0.0015638272161993,0.0007613865014937751,0.002579160941391525,1.5335858108733377e-05,0.0031708020445013,0,,,,,
Polymer+Radcor,20230610_CST,2,4,443,690,42.14,30.7575,53.6,9.87,81.46,690,42.14,30.7575,53.6,9.87,81.46,690,0.0017235764234557,0.0011678883000549,0.0020357816212416002,0.0003458919958302,0.0028715833682812,690,0.0017235764234557,0.0011678883000549,0.0020357816212416002,0.0003458919958302,0.0028715833682812,0,,,,,
Polymer,20230610_CST,2,5,443,690,45.43,33.8375,56.9375,10.08,86.11,690,45.43,33.8375,56.9375,10.08,86.11,690,0.0018593676068344,0.00129091764288345,0.002157332768985475,0.0004321226152017,0.0029227106080391,690,0.0018593676068344,0.00129091764288345,0.002157332768985475,0.0004321226152017,0.0029227106080391,0,,,,,
C2RCC+T-Mart,20230610_CST,2,6,443,690,61.96,24.634999999999998,97.14,3.16,255.01,690,61.96,24.634999999999998,97.14,3.16,255.01,690,0.0023128608883744,0.0009388518122144,0.00353466778441925,0.0001584598598432,0.010385722785997,690,0.0023128608883744,0.0009388518122144,0.00353466778441925,0.0001584598598432,0.010385722785997,0,,,,,
GAAC,20230610_CST,2,7,443,690,62.41,29.895,115.7825,0.37,160.99,690,62.41,29.895,115.7825,-10.15,160.99,690,0.00262672402301015,0.001119754994841425,0.004311784210737975,1.757961651883619e-05,0.0054051987593168,690,0.00262672402301015,0.001119754994841425,0.004311784210737975,1.757961651883619e-05,0.0054051987593168,0,,,,,
ACOLITE,20230610_CST,2,8,443,690,91.86500000000001,63.3975,114.1075,1.55,179.61,690,91.86500000000001,63.3975,114.1075,-47.12,179.61,690,0.0032844831549044,0.00266915573832175,0.004325033070958325,6.759843851256338e-05,0.0054015898812022,690,0.0032844831549044,0.00266915573832175,0.004325033070958325,6.759843851256338e-05,0.0054015898812022,0,,,,,
RAdCor+ACOLITE,20230610_CST,2,9,443,690,96.805,68.0675,118.22999999999999,0.29,176.84,690,96.805,68.0675,118.22999999999999,-1.58,176.84,690,0.00335451214652605,0.0028483105010102747,0.0046295627337028245,1.3446424290180538e-05,0.0053939695967583,690,0.00335451214652605,0.0028483105010102747,0.0046295627337028245,1.3446424290180538e-05,0.0053939695967583,0,,,,,
ACOLITE+T-Mart,20230610_CST,2,10,443,690,121.6,99.58250000000001,141.74,47.11,204.2,690,121.6,99.58250000000001,141.74,47.11,204.2,690,0.0044152702467734,0.004010551011571225,0.005212106078133501,0.0023612831566345,0.0083164717094011,690,0.0044152702467734,0.004010551011571225,0.005212106078133501,0.0023612831566345,0.0083164717094011,0,,,,,
ACOLITE+RAdCor,20230610_CST,2,11,443,690,202.28,178.16,227.51,126.38,294.74,690,202.28,178.16,227.51,126.38,294.74,690,0.0077165640541007,0.007112406024596725,0.0084285425516245,0.0063519897817945,0.0091045191615643,690,0.0077165640541007,0.007112406024596725,0.0084285425516245,0.0063519897817945,0.0091045191615643,0,,,,,
Polymer+T-Mart,20230610_CST,2,1,490,690,6.9350000000000005,3.34,11.8675,0.02,30.79,690,6.720000000000001,1.8,11.8425,-12.13,30.79,690,0.00041667981903385,0.00020237927063260002,0.0006519018663205,1.0863278418239697e-06,0.0016591583622788,690,0.00041667981903385,0.00020237927063260002,0.0006519018663205,1.0863278418239697e-06,0.0016591583622788,0,,,,,
Polymer+Radcor,20230610_CST,2,2,490,690,18.835,9.53,30.035,0.14,51.33,690,18.835,9.53,30.035,-4.71,51.33,690,0.00118195906907785,0.00054567828375275,0.0016816019696529751,7.368541001462163e-06,0.0026095138612973,690,0.00118195906907785,0.00054567828375275,0.0016816019696529751,7.368541001462163e-06,0.0026095138612973,0,,,,,
Polymer,20230610_CST,2,3,490,690,20.675,10.62,32.935,0.06,54.25,690,20.675,10.62,32.935,-5.7,54.25,690,0.00127509371596495,0.000614809790464275,0.001855901187684175,3.414368295625962e-06,0.0025829681279494,690,0.00127509371596495,0.000614809790464275,0.001855901187684175,3.414368295625962e-06,0.0025829681279494,0,,,,,
ACOLITE,20230610_CST,2,4,490,690,27.759999999999998,15.545,67.38,0.04,110.58,690,27.759999999999998,15.545,67.38,-14.98,110.58,690,0.00150069945277935,0.0009735387256262,0.003768543819547525,2.9279191520216463e-06,0.0047802997519893,690,0.00150069945277935,0.0009735387256262,0.003768543819547525,2.9279191520216463e-06,0.0047802997519893,0,,,,,
C2RCC,20230610_CST,2,5,490,690,29.189999999999998,12.185,50.87,0.06,76.95,690,29.189999999999998,12.185,50.87,-5.54,76.95,690,0.0016438385186428,0.000734815119055825,0.0028216791440308503,4.365931066094113e-06,0.0035241047554521,690,0.0016438385186428,0.000734815119055825,0.0028216791440308503,4.365931066094113e-06,0.0035241047554521,0,,,,,
RAdCor+ACOLITE,20230610_CST,2,6,490,690,29.655,17.564999999999998,69.535,0.08,108.48,690,29.655,17.564999999999998,69.535,-6.31,108.48,690,0.0015543603243391999,0.00104198881839295,0.003947668676537575,5.579986999511982e-06,0.0047223033665928,690,0.0015543603243391999,0.00104198881839295,0.003947668676537575,5.579986999511982e-06,0.0047223033665928,0,,,,,
C2RCC+RAdCor,20230610_CST,2,7,490,690,29.785,12.155000000000001,48.495,0.06,72.82,690,29.785,12.155000000000001,48.495,-3.52,72.82,690,0.0017177913246641,0.000727680234784325,0.002702246043891925,4.085235603895794e-06,0.0036751509501364,690,0.0017177913246641,0.000727680234784325,0.002702246043891925,4.085235603895794e-06,0.0036751509501364,0,,,,,
GAAC,20230610_CST,2,8,490,690,34.675,6.1275,61.62,0.06,89.76,690,23.655,-5.7325,61.62,-34.5,89.76,690,0.00213857902693515,0.000328751950948375,0.00333923964347905,3.3033694699403926e-06,0.0044392344890525,690,0.00213857902693515,0.000328751950948375,0.00333923964347905,3.3033694699403926e-06,0.0044392344890525,0,,,,,
C2RCC+T-Mart,20230610_CST,2,9,490,690,41.81,10.504999999999999,83.8175,0.09,200.2,690,41.81,10.504999999999999,83.8175,-6.64,200.2,690,0.00259235315218,0.0006195715155079249,0.004237841771950875,6.566528188383172e-06,0.012403873250215,690,0.00259235315218,0.0006195715155079249,0.004237841771950875,6.566528188383172e-06,0.012403873250215,0,,,,,
ACOLITE+T-Mart,20230610_CST,2,10,490,690,50.915,32.3,84.70500000000001,9.8,119.76,690,50.915,32.3,84.70500000000001,9.8,119.76,690,0.0032083293750543498,0.0019039109701992,0.0045420396739531,0.000723968742712,0.0074197884264616,690,0.0032083293750543498,0.0019039109701992,0.0045420396739531,0.000723968742712,0.0074197884264616,0,,,,,
ACOLITE+RAdCor,20230610_CST,2,11,490,690,102.845,88.92,115.81,58.05,150.31,690,102.845,88.92,115.81,58.05,150.31,690,0.00582352514182615,0.0055299615847866,0.0061314994487408,0.0044088309193849,0.0073199629292354,690,0.00582352514182615,0.0055299615847866,0.0061314994487408,0.0044088309193849,0.0073199629292354,0,,,,,
Polymer,20230610_CST,2,1,560,690,3.915,1.8325,7.137499999999999,0.01,22.42,690,-1.91,-5.9975000000000005,1.6749999999999998,-22.42,15.79,690,0.00027372859343155,0.000122672190679125,0.0005142376961548249,4.520461734762449e-07,0.0017870766407273,690,0.00027372859343155,0.000122672190679125,0.0005142376961548249,4.520461734762449e-07,0.0017870766407273,0,,,,,
Polymer+Radcor,20230610_CST,2,2,560,690,4.405,2.05,7.73,0.01,23.32,690,-3.2350000000000003,-6.985,-0.1925,-23.32,14.63,690,0.00029357879713804997,0.0001389126161343,0.00052737956787985,4.977804515093193e-07,0.0018450982676688,690,0.00029357879713804997,0.0001389126161343,0.00052737956787985,4.977804515093193e-07,0.0018450982676688,0,,,,,
RAdCor+ACOLITE,20230610_CST,2,3,560,690,9.5,3.5324999999999998,28.355,0.01,48.09,690,8.375,1.5925,28.355,-16.54,48.09,690,0.0007489760406553,0.000250861441554225,0.001949936031088275,4.598409850597661e-07,0.003008664233778,690,0.0007489760406553,0.000250861441554225,0.001949936031088275,4.598409850597661e-07,0.003008664233778,0,,,,,
ACOLITE,20230610_CST,2,4,560,690,9.844999999999999,3.5,32.254999999999995,0.0,54.5,690,8.420000000000002,1.04,32.254999999999995,-17.51,54.5,690,0.00076820539676185,0.00025205531763740005,0.002181863014941875,3.478845190998253e-07,0.0032314440442066,690,0.00076820539676185,0.00025205531763740005,0.002181863014941875,3.478845190998253e-07,0.0032314440442066,0,,,,,
Polymer+T-Mart,20230610_CST,2,5,560,690,15.635,8.51,25.095,0.02,48.04,690,-15.635,-25.095,-8.51,-48.04,6.87,690,0.0009948691949556,0.0005473226854512,0.001434636887362,1.360188481406427e-06,0.0028878586124412,690,0.0009948691949556,0.0005473226854512,0.001434636887362,1.360188481406427e-06,0.0028878586124412,0,,,,,
C2RCC+RAdCor,20230610_CST,2,6,560,690,15.735,6.574999999999999,32.644999999999996,0.0,55.29,690,-15.735,-32.644999999999996,-6.055,-55.29,11.74,690,0.0010434546106788,0.00041961337943725,0.0017568564667701,1.473236095062003e-07,0.003474260838869,690,0.0010434546106788,0.00041961337943725,0.0017568564667701,1.473236095062003e-07,0.003474260838869,0,,,,,
C2RCC,20230610_CST,2,7,560,690,17.505000000000003,4.88,33.965,0.05,57.65,690,-17.505000000000003,-33.965,-4.1674999999999995,-57.65,11.71,690,0.0011134038196377,0.00032241999429875,0.0018061555739765,2.796524301490466e-06,0.003568082262015,690,0.0011134038196377,0.00032241999429875,0.0018061555739765,2.796524301490466e-06,0.003568082262015,0,,,,,
ACOLITE+T-Mart,20230610_CST,2,8,560,690,19.94,10.21,33.614999999999995,0.07,56.38,690,19.94,10.21,33.614999999999995,-8.08,56.38,690,0.0015179760635974,0.000718390931415575,0.002263888202400025,6.092442591190336e-06,0.0045204534364647,690,0.0015179760635974,0.000718390931415575,0.002263888202400025,6.092442591190336e-06,0.0045204534364647,0,,,,,
GAAC,20230610_CST,2,9,560,690,21.035,14.605,27.2425,0.37,49.01,690,4.505,-16.0625,26.3025,-42.55,49.01,690,0.0014080860315314999,0.0009554361937032,0.001878122721082175,2.6022137809886443e-05,0.0032057575327353,690,0.0014080860315314999,0.0009554361937032,0.001878122721082175,2.6022137809886443e-05,0.0032057575327353,0,,,,,
C2RCC+T-Mart,20230610_CST,2,10,560,690,40.3,28.09,73.465,3.41,193.58,690,8.235,-28.25,73.465,-52.21,193.58,690,0.0024687911870051498,0.001569907723761725,0.004473236617143875,0.0002440428399982,0.0155221777952251,690,0.0024687911870051498,0.001569907723761725,0.004473236617143875,0.0002440428399982,0.0155221777952251,0,,,,,
ACOLITE+RAdCor,20230610_CST,2,11,560,690,50.815,44.01,58.0575,19.48,78.03,690,50.815,44.01,58.0575,19.48,78.03,690,0.0035565174142599,0.00328867957727115,0.0038002303297326,0.0018847285915122,0.0051047016141753,690,0.0035565174142599,0.00328867957727115,0.0038002303297326,0.0018847285915122,0.0051047016141753,0,,,,,
Polymer+Radcor,20230610_CST,2,1,665,690,14.47,6.845,22.755000000000003,0.03,76.47,690,-14.15,-22.7125,-5.105,-76.47,25.33,690,0.0001957373511291,9.264984977211936e-05,0.000291031645280375,4.657764620949814e-07,0.0010537049112521,690,0.0001957373511291,9.264984977211936e-05,0.000291031645280375,4.657764620949814e-07,0.0010537049112521,0,,,,,
Polymer,20230610_CST,2,2,665,690,15.004999999999999,7.2749999999999995,21.2375,0.08,74.63,690,-14.850000000000001,-21.189999999999998,-6.737500000000001,-74.63,22.71,690,0.00019962841919765,0.000102135005443675,0.00027747699086815003,9.883421337674413e-07,0.0010662681311668,690,0.00019962841919765,0.000102135005443675,0.00027747699086815003,9.883421337674413e-07,0.0010662681311668,0,,,,,
Polymer+T-Mart,20230610_CST,2,3,665,690,20.58,6.4399999999999995,50.515,0.01,102.46,690,-18.42,-50.515,1.14,-102.46,35.13,690,0.0002766042395833,9.041073966324436e-05,0.00054448327280895,1.0402314005119285e-07,0.0013038785247793,690,0.0002766042395833,9.041073966324436e-05,0.00054448327280895,1.0402314005119285e-07,0.0013038785247793,0,,,,,
C2RCC+T-Mart,20230610_CST,2,4,665,690,48.775000000000006,23.44,222.76500000000001,0.24,465.83,690,10.865,-23.68,222.76500000000001,-116.82,465.83,690,0.0006243431760974501,0.000268451914344775,0.003266435323161275,3.947025979024075e-06,0.0087616722172624,690,0.0006243431760974501,0.000268451914344775,0.003266435323161275,3.947025979024075e-06,0.0087616722172624,0,,,,,
ACOLITE+T-Mart,20230610_CST,2,5,665,690,52.644999999999996,22.355,113.965,0.24,191.96,690,52.644999999999996,22.162499999999998,113.965,-52.14,191.96,690,0.0008027934677557499,0.000312869074237475,0.0017583358442646501,4.255328645289035e-06,0.003610472357028,690,0.0008027934677557499,0.000312869074237475,0.0017583358442646501,4.255328645289035e-06,0.003610472357028,0,,,,,
C2RCC+RAdCor,20230610_CST,2,6,665,690,54.650000000000006,44.4625,62.6625,13.3,150.74,690,-54.650000000000006,-62.6625,-44.4625,-150.74,-13.3,690,0.00052434721488855,0.000439432275911075,0.0006240366811306499,0.0001396756244126,0.0014613017123316,690,0.00052434721488855,0.000439432275911075,0.0006240366811306499,0.0001396756244126,0.0014613017123316,0,,,,,
RAdCor+ACOLITE,20230610_CST,2,7,665,690,54.775000000000006,21.002499999999998,84.745,0.06,206.78,690,-2.5949999999999998,-27.1175,79.935,-206.78,137.11,690,0.00064152149483395,0.0002532872275347,0.0013101459338575,8.893371077180537e-07,0.0017142777895841,690,0.00064152149483395,0.0002532872275347,0.0013101459338575,8.893371077180537e-07,0.0017142777895841,0,,,,,
C2RCC,20230610_CST,2,8,665,690,57.46,48.6875,65.87,14.52,164.37,690,-57.46,-65.87,-48.6875,-164.37,-14.52,690,0.00054392910693025,0.00046439542878665,0.000661919529220225,0.000172444023872,0.0015112812658441,690,0.00054392910693025,0.00046439542878665,0.000661919529220225,0.000172444023872,0.0015112812658441,0,,,,,
ACOLITE,20230610_CST,2,9,665,690,61.925,26.2575,92.8575,0.25,658.79,690,-5.154999999999999,-36.65,81.865,-658.79,146.76,690,0.0007526456411880999,0.0002806937031912,0.0013179808450901,3.1954976802467307e-06,0.0018138721992465,690,0.0007526456411880999,0.0002806937031912,0.0013179808450901,3.1954976802467307e-06,0.0018138721992465,0,,,,,
GAAC,20230610_CST,2,10,665,690,72.125,41.9975,96.57000000000001,0.41,337.81,690,17.580000000000002,-42.152499999999996,92.69500000000001,-337.81,160.39,690,0.0011637744300163001,0.000412924904906475,0.0014912316222003498,4.800658533769516e-06,0.0021818588170185,690,0.0011637744300163001,0.000412924904906475,0.0014912316222003498,4.800658533769516e-06,0.0021818588170185,0,,,,,
ACOLITE+RAdCor,20230610_CST,2,11,665,690,184.18,157.3925,209.9175,77.78,284.71,690,184.18,157.3925,209.9175,77.78,284.71,690,0.00276410612359995,0.002570506665271125,0.0029070583936838,0.0018906618466832,0.0033706230878539,690,0.00276410612359995,0.002570506665271125,0.0029070583936838,0.0018906618466832,0.0033706230878539,0,,,,,
C2RCC+T-Mart,20230610_CST,2,1,704,345,17.64,10.16,25.85,0.03,138.27,345,-17.64,-25.85,-8.99,-138.27,16.04,345,0.0001219670741045,7.307100441190418e-05,0.0001772580866612,2.4010226799841584e-07,0.0009452976693638,345,0.0001219670741045,7.307100441190418e-05,0.0001772580866612,2.4010226799841584e-07,0.0009452976693638,0,,,,,
RAdCor+ACOLITE,20230610_CST,2,2,704,345,26.33,12.87,51.45,0.02,1123.47,345,-26.16,-51.39,-8.89,-1123.47,51.85,345,0.0001698869014219,9.23289794967473e-05,0.0002988474250958,1.376892774105276e-07,0.0011934587326835,345,0.0001698869014219,9.23289794967473e-05,0.0002988474250958,1.376892774105276e-07,0.0011934587326835,0,,,,,
ACOLITE,20230610_CST,2,3,704,345,35.03,17.3,65.66,0.36,2193.13,345,-35.02,-65.66,-15.74,-2193.13,45.92,345,0.0002076000254711,0.0001161515716237,0.0003543341184578,2.389333493739345e-06,0.0012229784568775,345,0.0002076000254711,0.0001161515716237,0.0003543341184578,2.389333493739345e-06,0.0012229784568775,0,,,,,
ACOLITE+T-Mart,20230610_CST,2,4,704,345,35.94,24.23,47.88,0.28,103.02,345,35.72,23.69,47.14,-81.45,103.02,345,0.0002962479591739,0.0001992540201844,0.0003853219350255,2.854876559615092e-06,0.0007627788045742,345,0.0002962479591739,0.0001992540201844,0.0003853219350255,2.854876559615092e-06,0.0007627788045742,0,,,,,
C2RCC+RAdCor,20230610_CST,2,5,704,345,46.34,35.76,58.49,0.12,181.47,345,-46.34,-58.49,-35.76,-181.47,-0.12,345,0.0002592976174228,0.0002030481412577,0.0003292083001264,7.918151635580599e-07,0.0010502433480916,345,0.0002592976174228,0.0002030481412577,0.0003292083001264,7.918151635580599e-07,0.0010502433480916,0,,,,,
C2RCC,20230610_CST,2,6,704,345,53.5,41.98,67.36,7.59,196.59,345,-53.5,-67.36,-41.98,-196.59,-7.59,345,0.0002859577622958,0.0002295442161686,0.0003553660852957,4.166795997625279e-05,0.0010797490093606,345,0.0002859577622958,0.0002295442161686,0.0003553660852957,4.166795997625279e-05,0.0010797490093606,0,,,,,
GAAC,20230610_CST,2,7,704,343,69.63,42.79,100.79499999999999,0.28,5773.56,343,-69.63,-100.79499999999999,-42.79,-5773.56,9.4,343,0.0003249994544898,0.0002407754373276,0.00042103360033860003,2.0748548800915423e-06,0.0012257784315818,343,0.0003249994544898,0.0002407754373276,0.00042103360033860003,2.0748548800915423e-06,0.0012257784315818,0,,,,,
Polymer+T-Mart,20230610_CST,2,8,704,345,72.82,53.03,102.13,13.39,362.09,345,-72.82,-102.13,-53.03,-362.09,-13.39,345,0.0003538953124292,0.0002881253377334,0.0004193561027858,0.0001125696138707,0.001276454196,345,0.0003538953124292,0.0002881253377334,0.0004193561027858,0.0001125696138707,0.001276454196,0,,,,,
Polymer+Radcor,20230610_CST,2,9,704,345,135.7,102.33,187.08,34.82,741.8,345,-135.7,-187.08,-102.33,-741.8,-34.82,345,0.0004822037569486,0.0004128799049529,0.000556764652725,0.0002217609597914,0.0012847284261952,345,0.0004822037569486,0.0004128799049529,0.000556764652725,0.0002217609597914,0.0012847284261952,0,,,,,
Polymer,20230610_CST,2,10,704,345,156.85,127.55,219.53,48.8,830.65,345,-156.85,-219.53,-127.55,-830.65,-48.8,345,0.0005128530762206,0.0004456137068499,0.0005878917803408,0.0002715238473154,0.0014137139288012,345,0.0005128530762206,0.0004456137068499,0.0005878917803408,0.0002715238473154,0.0014137139288012,0,,,,,
ACOLITE+RAdCor,20230610_CST,2,11,704,345,320.21,261.4,355.68,102.17,459.88,345,320.21,261.4,355.68,102.17,459.88,345,0.002598834180907,0.0024758734103287,0.0026980026356101,0.001664383022347,0.0033711964983804,345,0.002598834180907,0.0024758734103287,0.0026980026356101,0.001664383022347,0.0033711964983804,0,,,,,
Polymer+T-Mart,20230610_CST,2,1,overall,690,19.48,10.575,28.0925,2.32,41.6,690,-4.140000000000001,-8.36,0.7,-26.04,19.13,690,0.0007,0.0004,0.00094,0.00024,0.00126,690,0.00081,0.0005,0.00104,0.00026,0.00158,690,8.062792964268658,5.632307652013292,11.831387302160639,3.15561732497459,16.294113568172055
Polymer+Radcor,20230610_CST,2,2,overall,690,20.365000000000002,13.27,26.145,4.7,41.65,690,5.485,-2.4725,12.8725,-23.32,30.28,690,0.00088,0.0005325,0.00106,0.00027,0.00158,690,0.001065,0.00067,0.0013375000000000001,0.00035,0.00196,690,8.809992891567573,7.27935896781371,10.611496240031013,4.588146002313001,13.451649316471904
Polymer,20230610_CST,2,3,overall,690,21.04,15.05,26.6025,4.73,47.71,690,5.97,-3.1025,15.5025,-22.42,30.43,690,0.00093,0.00058,0.00111,0.00033,0.00162,690,0.00111,0.00072,0.00142,0.0004,0.00198,690,8.991160589118039,7.650105496600599,10.568699877226777,4.692278089515201,13.76384046277004
RAdCor+ACOLITE,20230610_CST,2,4,overall,690,37.19,21.775,74.4875,3.27,122.34,690,13.01,2.51,74.4875,-16.54,122.34,690,0.00116,0.00094,0.00296,0.00032,0.00361,690,0.00168,0.0013925,0.0032775,0.00043,0.00391,690,12.071482567059839,10.208798960501417,13.397776024573076,4.24254985624511,15.906422468760123
C2RCC+RAdCor,20230610_CST,2,5,overall,690,40.965,32.14,48.9725,18.66,65.22,690,1.665,-31.9925,18.142500000000002,-55.29,37.23,690,0.00117,0.0008125,0.00156,0.00064,0.00196,690,0.00151,0.00098,0.00189,0.00076,0.00249,690,13.046368806316131,12.045587424762104,14.393220489991847,8.299129151156558,17.51269650123201
ACOLITE,20230610_CST,2,6,overall,690,41.885,23.1525,74.85000000000001,1.97,127.95,690,10.309999999999999,1.3875000000000002,74.85000000000001,-29.52,127.95,690,0.00113,0.00092,0.0028975,0.00029,0.00373,690,0.00163,0.00134,0.0031475,0.00038,0.004,690,11.148017668459474,9.405722793110638,12.725963194640581,3.457961409127498,15.740841669773296
C2RCC,20230610_CST,2,7,overall,690,43.21,33.95,51.6875,18.51,65.83,690,-2.3449999999999998,-33.5075,20.259999999999998,-57.65,35.95,690,0.00125,0.00083,0.00158,0.00067,0.00188,690,0.001595,0.00099,0.00195,0.00077,0.00239,690,13.11805134757859,12.280868642640744,14.591039952979894,9.327184696792925,17.833857708504958
C2RCC+T-Mart,20230610_CST,2,8,overall,690,44.41,21.48,90.09,5.11,226.46,690,25.53,-17.335,90.09,-52.21,226.46,690,0.00165,0.00071,0.0038375,0.00052,0.01177,690,0.001995,0.00091,0.00386,0.00066,0.01204,690,9.47625354496774,7.296583148742588,11.106420601125569,3.694660354565584,14.439267443800771
GAAC,20230610_CST,2,9,overall,690,46.155,26.314999999999998,77.185,3.37,114.95,690,19.145,-15.862499999999999,77.185,-39.08,114.95,690,0.0017528037087355501,0.00062,0.00273,0.00033,0.00379,690,0.0020192833959712,0.00075,0.0029675,0.00042,0.00399,690,10.531920296216668,9.00522555913059,11.808805541811882,3.6562274680665663,13.872066560825584
ACOLITE+T-Mart,20230610_CST,2,10,overall,690,52.655,29.42,99.315,5.28,153.3,690,52.655,29.2025,99.315,-8.08,153.3,690,0.002275,0.00145,0.0034575,0.00088,0.00597,690,0.002685,0.00202,0.00375,0.00122,0.00628,690,13.32739394327337,11.829027416717487,14.409621820703384,6.881422573183861,16.94076135767245
ACOLITE+RAdCor,20230610_CST,2,11,overall,690,160.875,134.345,202.565,77.78,284.71,690,160.875,134.345,202.565,77.78,284.71,690,0.00469,0.00452,0.00492,0.00359,0.006,690,0.00512,0.00495,0.0053,0.00417,0.00631,690,15.51931910969153,14.197223816153787,17.81050854194855,10.739908138687916,20.044972670105462
GAAC,20231008_ZRH,1,1,443,584,5.1850000000000005,2.3575,8.805,0.01,66.74,584,1.8250000000000002,-2.9850000000000003,6.9,-19.8,66.74,584,0.0003232439612681,0.000145417264617325,0.0005284178518308749,4.000850988864976e-07,0.003681350202113,584,0.0003232439612681,0.000145417264617325,0.0005284178518308749,4.000850988864976e-07,0.003681350202113,0,,,,,
ACOLITE,20231008_ZRH,1,2,443,584,7.005,3.16,11.225000000000001,0.02,35.69,584,-0.8,-7.6325,6.045,-24.75,35.69,584,0.00042133843098525,0.00019605035265815,0.0006598081427068,1.2407353208064228e-06,0.0019684013569481,584,0.00042133843098525,0.00019605035265815,0.0006598081427068,1.2407353208064228e-06,0.0019684013569481,0,,,,,
RAdCor+ACOLITE,20231008_ZRH,1,3,443,584,10.65,4.57,18.29,0.06,53.07,584,10.59,3.4,18.29,-12.37,53.07,584,0.0006656899561114,0.000295809422627975,0.0010861082311045501,3.821738811254569e-06,0.0029272589491434,584,0.0006656899561114,0.000295809422627975,0.0010861082311045501,3.821738811254569e-06,0.0029272589491434,0,,,,,
ACOLITE+T-Mart,20231008_ZRH,1,4,443,584,10.81,5.1475,17.237499999999997,0.09,41.31,584,5.455,-4.9575000000000005,15.185,-25.7,41.31,584,0.0006613534036072,0.0003271530233415,0.0010363845005399,4.958977438688367e-06,0.0022875348645291,584,0.0006613534036072,0.0003271530233415,0.0010363845005399,4.958977438688367e-06,0.0022875348645291,0,,,,,
Polymer+T-Mart,20231008_ZRH,1,5,443,583,14.61,6.42,22.805,0.01,50.66,583,13.43,0.015,22.75,-25.08,50.66,583,0.0008991331904644,0.00039119109725684997,0.0014230693852043,4.809360150317271e-07,0.0028023467839702,583,0.0008991331904644,0.00039119109725684997,0.0014230693852043,4.809360150317271e-07,0.0028023467839702,0,,,,,
ACOLITE+RAdCor,20231008_ZRH,1,6,443,584,15.850000000000001,8.73,24.765,0.01,59.42,584,-15.649999999999999,-24.604999999999997,-8.567499999999999,-59.42,31.97,584,0.00087881182376345,0.0005040068017876001,0.0012940117048826,6.137685527804471e-07,0.0025375635988271,584,0.00087881182376345,0.0005040068017876001,0.0012940117048826,6.137685527804471e-07,0.0025375635988271,0,,,,,
C2RCC+T-Mart,20231008_ZRH,1,7,443,584,20.695,13.227500000000001,28.11,0.0,54.67,584,-20.695,-28.11,-13.15,-54.67,13.97,584,0.0010848778276125,0.0007074688914973999,0.00142984418615095,1.4511164142267524e-07,0.0024282270455606,584,0.0010848778276125,0.0007074688914973999,0.00142984418615095,1.4511164142267524e-07,0.0024282270455606,0,,,,,
Polymer+Radcor,20231008_ZRH,1,8,443,583,28.94,22.52,36.855000000000004,0.92,73.12,583,28.94,22.52,36.855000000000004,0.92,73.12,583,0.0018163529693755,0.0014565460247382,0.002221412839753,6.834321062110932e-05,0.0041392652633916,583,0.0018163529693755,0.0014565460247382,0.002221412839753,6.834321062110932e-05,0.0041392652633916,0,,,,,
C2RCC+RAdCor,20231008_ZRH,1,9,443,580,33.29,15.2425,59.295,0.14,92.91,580,-33.29,-59.295,-15.2425,-92.91,6.6,580,0.00153491406722705,0.000830898735156175,0.0023425040788696,7.677509610556216e-06,0.0034480413094808,580,0.00153491406722705,0.000830898735156175,0.0023425040788696,7.677509610556216e-06,0.0034480413094808,0,,,,,
Polymer,20231008_ZRH,1,10,443,583,39.58,32.18,49.515,12.91,84.36,583,39.58,32.18,49.515,12.91,84.36,583,0.0024830054385095,0.0020763370105297,0.0029807300088759,0.0009332920852586,0.004892576155287,583,0.0024830054385095,0.0020763370105297,0.0029807300088759,0.0009332920852586,0.004892576155287,0,,,,,
C2RCC,20231008_ZRH,1,11,443,584,47.59,16.5775,77.5575,0.02,118.23,584,-47.59,-77.5575,-16.5775,-118.23,4.47,584,0.0019577316997351,0.000895763959506575,0.0027288682449200753,1.318941247064817e-06,0.0040387452903935,584,0.0019577316997351,0.000895763959506575,0.0027288682449200753,1.318941247064817e-06,0.0040387452903935,0,,,,,
Polymer+Radcor,20231008_ZRH,1,1,490,583,5.59,2.53,10.56,0.06,31.45,583,0.68,-4.455,7.265000000000001,-31.45,26.46,583,0.00056139997899,0.000256032384225,0.00101972094206665,6.380393475440005e-06,0.0029660184842527,583,0.00056139997899,0.000256032384225,0.00101972094206665,6.380393475440005e-06,0.0029660184842527,0,,,,,
GAAC,20231008_ZRH,1,2,490,584,6.195,3.04,11.0425,0.03,24.42,584,-4.77,-10.3375,0.0,-24.42,17.93,584,0.0006022993137299001,0.00030628534760895,0.0010142918341339,2.351598299322674e-06,0.0022891506835721,584,0.0006022993137299001,0.00030628534760895,0.0010142918341339,2.351598299322674e-06,0.0022891506835721,0,,,,,
RAdCor+ACOLITE,20231008_ZRH,1,3,490,584,6.84,3.6125,11.5625,0.0,28.29,584,2.625,-4.42,9.5575,-22.18,28.29,584,0.00068592651634855,0.000366806596846175,0.001112135247475825,2.416119713778697e-07,0.0024517816772694,584,0.00068592651634855,0.000366806596846175,0.001112135247475825,2.416119713778697e-07,0.0024517816772694,0,,,,,
Polymer,20231008_ZRH,1,4,490,583,7.45,3.5700000000000003,12.825,0.01,34.13,583,5.84,0.42,12.27,-23.06,34.13,583,0.0007526566823178,0.00037071373882470004,0.00127803867110215,6.737171823201216e-07,0.002913436050386,583,0.0007526566823178,0.00037071373882470004,0.00127803867110215,6.737171823201216e-07,0.002913436050386,0,,,,,
ACOLITE,20231008_ZRH,1,5,490,584,7.77,3.1775,13.5275,0.01,32.54,584,-5.140000000000001,-12.7475,1.9175,-32.54,19.84,584,0.0007398986775264,0.000313974651927225,0.001272834024228075,4.895406198503205e-07,0.0028781638716788,584,0.0007398986775264,0.000313974651927225,0.001272834024228075,4.895406198503205e-07,0.0028781638716788,0,,,,,
Polymer+T-Mart,20231008_ZRH,1,6,490,583,8.52,3.875,15.555,0.04,44.06,583,-7.38,-15.39,-1.21,-44.06,19.02,583,0.0007930469451125,0.0003832893080616,0.00142356647230385,3.2988786692542127e-06,0.0037911332022134,583,0.0007930469451125,0.0003832893080616,0.00142356647230385,3.2988786692542127e-06,0.0037911332022134,0,,,,,
ACOLITE+T-Mart,20231008_ZRH,1,7,490,584,8.96,4.38,14.795,0.08,30.01,584,-0.13,-9.9625,8.225000000000001,-30.01,28.42,584,0.0008658920407135,0.00043250650800045,0.0013864694533787499,8.649559444427746e-06,0.0026813104376292,584,0.0008658920407135,0.00043250650800045,0.0013864694533787499,8.649559444427746e-06,0.0026813104376292,0,,,,,
ACOLITE+RAdCor,20231008_ZRH,1,8,490,584,12.18,5.87,19.74,0.02,43.46,584,-12.17,-19.7325,-5.507499999999999,-43.46,23.1,584,0.0011142119967684,0.000540621227494675,0.001755350570879775,1.8237536931042103e-06,0.003519437424848,584,0.0011142119967684,0.000540621227494675,0.001755350570879775,1.8237536931042103e-06,0.003519437424848,0,,,,,
C2RCC+T-Mart,20231008_ZRH,1,9,490,584,27.4,19.5075,34.9,3.19,64.24,584,-27.4,-34.9,-19.5075,-64.24,-3.19,584,0.0021874696734515,0.00157366409080825,0.0027466749624834,0.0002727020984636,0.0045079068785771,584,0.0021874696734515,0.00157366409080825,0.0027466749624834,0.0002727020984636,0.0045079068785771,0,,,,,
C2RCC+RAdCor,20231008_ZRH,1,10,490,580,38.05,18.475,59.8725,0.5,92.77,580,-38.05,-59.8725,-18.475,-92.77,0.61,580,0.00278166999140635,0.0015332218768570002,0.003898505685122875,4.4286269438561024e-05,0.0059051880782874,580,0.00278166999140635,0.0015332218768570002,0.003898505685122875,4.4286269438561024e-05,0.0059051880782874,0,,,,,
C2RCC,20231008_ZRH,1,11,490,584,50.01,21.5475,72.4625,3.55,113.22,584,-50.01,-72.4625,-21.5475,-113.22,-3.55,584,0.00328175973819255,0.0017494252566176,0.004398192678165776,0.0002831773893676,0.006582134074269,584,0.00328175973819255,0.0017494252566176,0.004398192678165776,0.0002831773893676,0.006582134074269,0,,,,,
GAAC,20231008_ZRH,1,1,560,584,4.75,2.1750000000000003,8.774999999999999,0.03,22.15,584,-1.04,-5.2725,3.7824999999999998,-20.98,22.15,584,0.00052529719016995,0.000242264164405775,0.000949415679188775,2.976288101053451e-06,0.0023531042225322,584,0.00052529719016995,0.000242264164405775,0.000949415679188775,2.976288101053451e-06,0.0023531042225322,0,,,,,
RAdCor+ACOLITE,20231008_ZRH,1,2,560,584,6.35,2.9850000000000003,10.692499999999999,0.01,23.68,584,1.8050000000000002,-4.7375,7.835,-20.98,23.68,584,0.00069775482102865,0.000337822856387575,0.001136535866127425,5.704375152584817e-07,0.0023387191747965,584,0.00069775482102865,0.000337822856387575,0.001136535866127425,5.704375152584817e-07,0.0023387191747965,0,,,,,
ACOLITE,20231008_ZRH,1,3,560,584,7.67,3.29,12.0425,0.01,28.66,584,-2.0149999999999997,-9.8025,4.2725,-28.66,22.02,584,0.00080729498634,0.00036514210368675,0.001277134545715625,1.40925483989654e-06,0.0030221510050468,584,0.00080729498634,0.00036514210368675,0.001277134545715625,1.40925483989654e-06,0.0030221510050468,0,,,,,
ACOLITE+RAdCor,20231008_ZRH,1,4,560,584,8.29,3.7925,14.782499999999999,0.04,44.38,584,-7.535,-14.675,-1.4049999999999998,-38.39,44.38,584,0.00086983754770535,0.000396324827659925,0.00151541606036935,4.659691473007932e-06,0.0044375310685358,584,0.00086983754770535,0.000396324827659925,0.00151541606036935,4.659691473007932e-06,0.0044375310685358,0,,,,,
ACOLITE+T-Mart,20231008_ZRH,1,5,560,584,8.75,3.8675,14.5725,0.02,35.02,584,-4.225,-13.2375,3.575,-35.02,21.95,584,0.0009349725770609,0.000411050085312,0.00148559186741295,2.231288200855649e-06,0.0033500523911275,584,0.0009349725770609,0.000411050085312,0.00148559186741295,2.231288200855649e-06,0.0033500523911275,0,,,,,
Polymer,20231008_ZRH,1,6,560,583,12.49,6.21,18.285,0.01,41.97,583,-12.49,-18.285,-5.875,-41.97,10.95,583,0.0012475476779917,0.0006554069468967,0.00180824360959295,1.203641879179984e-06,0.0040126540008735,583,0.0012475476779917,0.0006554069468967,0.00180824360959295,1.203641879179984e-06,0.0040126540008735,0,,,,,
Polymer+Radcor,20231008_ZRH,1,7,560,583,18.15,10.969999999999999,24.475,0.26,46.57,583,-18.15,-24.475,-10.969999999999999,-46.57,4.86,583,0.001738348731421,0.0011011556155434,0.0022779448674375,2.4577577914084228e-05,0.0042406215805999,583,0.001738348731421,0.0011011556155434,0.0022779448674375,2.4577577914084228e-05,0.0042406215805999,0,,,,,
C2RCC+T-Mart,20231008_ZRH,1,8,560,584,23.869999999999997,16.2775,31.9725,0.03,109.76,584,-23.869999999999997,-31.9725,-16.2775,-109.76,10.6,584,0.00217029887391985,0.001520307761303025,0.00283274628847135,3.5972846111204104e-06,0.0053178972957397,584,0.00217029887391985,0.001520307761303025,0.00283274628847135,3.5972846111204104e-06,0.0053178972957397,0,,,,,
Polymer+T-Mart,20231008_ZRH,1,9,560,583,24.55,17.66,31.67,0.31,55.44,583,-24.55,-31.67,-17.66,-55.44,-0.31,583,0.0022392726570252,0.00162710958199765,0.0027897745828549,3.129915872378611e-05,0.0048113017556855,583,0.0022392726570252,0.00162710958199765,0.0027897745828549,3.129915872378611e-05,0.0048113017556855,0,,,,,
C2RCC+RAdCor,20231008_ZRH,1,10,560,580,39.065,24.447499999999998,53.3675,7.05,96.28,580,-39.065,-53.3675,-24.447499999999998,-96.28,-7.05,580,0.0030921590301015503,0.002204530725052625,0.0040576236093284,0.0006494940095559,0.0064560421385395,580,0.0030921590301015503,0.002204530725052625,0.0040576236093284,0.0006494940095559,0.0064560421385395,0,,,,,
C2RCC,20231008_ZRH,1,11,560,584,54.69,31.22,76.6925,11.58,116.63,584,-54.69,-76.6925,-31.22,-116.63,-11.58,584,0.0039643633882819,0.0026755711127898,0.004992891867725925,0.0010234640606667,0.0073045229810827,584,0.0039643633882819,0.0026755711127898,0.004992891867725925,0.0010234640606667,0.0073045229810827,0,,,,,
ACOLITE+RAdCor,20231008_ZRH,1,1,665,584,11.254999999999999,5.0175,22.145,0.01,187.83,584,-9.440000000000001,-21.2875,-0.615,-84.28,187.83,584,0.00031615442843275,0.000144295939734875,0.0005660816165219251,3.192512146232493e-07,0.0055744872103071,584,0.00031615442843275,0.000144295939734875,0.0005660816165219251,3.192512146232493e-07,0.0055744872103071,0,,,,,
ACOLITE,20231008_ZRH,1,2,665,584,13.620000000000001,6.675,23.509999999999998,0.01,57.21,584,10.094999999999999,-1.605,22.8075,-29.95,57.21,584,0.00040152418999780004,0.000198350500925725,0.0007305569811556499,3.649032727479247e-07,0.001507247375184,584,0.00040152418999780004,0.000198350500925725,0.0007305569811556499,3.649032727479247e-07,0.001507247375184,0,,,,,
GAAC,20231008_ZRH,1,3,665,584,17.075,7.6274999999999995,27.6875,0.0,72.01,584,9.485,-6.779999999999999,25.5225,-50.58,72.01,584,0.0004917150618541,0.000228300249796125,0.000785502339587675,1.2210031025009296e-07,0.0018843586440419,584,0.0004917150618541,0.000228300249796125,0.000785502339587675,1.2210031025009296e-07,0.0018843586440419,0,,,,,
RAdCor+ACOLITE,20231008_ZRH,1,4,665,584,17.41,8.387500000000001,27.655,0.0,61.45,584,17.055,5.949999999999999,27.655,-21.85,61.45,584,0.0005161225932532999,0.0002478385662677,0.00083919890375775,3.433353543309814e-09,0.0016188738363323,584,0.0005161225932532999,0.0002478385662677,0.00083919890375775,3.433353543309814e-09,0.0016188738363323,0,,,,,
ACOLITE+T-Mart,20231008_ZRH,1,5,665,584,17.45,8.24,26.520000000000003,0.08,56.77,584,1.2000000000000002,-15.427499999999998,18.6825,-56.77,53.5,584,0.0004945529183674,0.00023816766590432502,0.00072506609174275,2.83796061062826e-06,0.0014096624644932,584,0.0004945529183674,0.00023816766590432502,0.00072506609174275,2.83796061062826e-06,0.0014096624644932,0,,,,,
Polymer+T-Mart,20231008_ZRH,1,6,665,583,62.66,31.05,85.35,0.09,156.78,583,-62.66,-85.35,-31.05,-156.78,7.39,583,0.001149291997701,0.00067380817986765,0.0015029118699918,2.040660731094865e-06,0.0024971409854649,583,0.001149291997701,0.00067380817986765,0.0015029118699918,2.040660731094865e-06,0.0024971409854649,0,,,,,
Polymer+Radcor,20231008_ZRH,1,7,665,583,68.75,55.769999999999996,86.285,21.18,138.07,583,-68.75,-86.285,-55.769999999999996,-138.07,-21.18,583,0.0012534928062518,0.00102071590299175,0.00151035318740765,0.0004223839424219,0.002398450980792,583,0.0012534928062518,0.00102071590299175,0.00151035318740765,0.0004223839424219,0.002398450980792,0,,,,,
Polymer,20231008_ZRH,1,8,665,583,76.91,61.345,96.61500000000001,25.76,172.45,583,-76.91,-96.61500000000001,-61.345,-172.45,-25.76,583,0.0013117037123345,0.0011185432071468,0.00154617475563325,0.00049357123923,0.0022563762277246,583,0.0013117037123345,0.0011185432071468,0.00154617475563325,0.00049357123923,0.0022563762277246,0,,,,,
C2RCC+T-Mart,20231008_ZRH,1,9,665,584,97.25999999999999,59.47,118.625,7.15,184.54,584,-97.25999999999999,-118.625,-59.47,-184.54,-7.15,584,0.00148341296087985,0.001072982943288075,0.00176598174647535,0.0001545345463746,0.0026756094540065,584,0.00148341296087985,0.001072982943288075,0.00176598174647535,0.0001545345463746,0.0026756094540065,0,,,,,
C2RCC+RAdCor,20231008_ZRH,1,10,665,580,133.43,114.4025,159.8525,70.33,272.61,580,-133.43,-159.8525,-114.4025,-272.61,-70.33,580,0.0017399566076457,0.001575850925921075,0.001964751248229175,0.0009948931911973,0.002677087401407,580,0.0017399566076457,0.001575850925921075,0.001964751248229175,0.0009948931911973,0.002677087401407,0,,,,,
C2RCC,20231008_ZRH,1,11,665,584,171.35,137.1925,206.35250000000002,83.31,344.26,584,-171.35,-206.35250000000002,-137.1925,-344.26,-83.31,584,0.00190363710961665,0.0017258038117566501,0.0021106511902022253,0.0010950605537733,0.0027491088410028,584,0.00190363710961665,0.0017258038117566501,0.0021106511902022253,0.0010950605537733,0.0027491088410028,0,,,,,
ACOLITE+T-Mart,20231008_ZRH,1,1,704,292,14.785,7.705,26.012500000000003,0.19,71.49,292,-4.109999999999999,-19.262500000000003,11.59,-49.91,71.49,292,0.00023249786363735,0.00012263841660225,0.00039193051736045,3.378872437298248e-06,0.0008898246911318,292,0.00023249786363735,0.00012263841660225,0.00039193051736045,3.378872437298248e-06,0.0008898246911318,0,,,,,
ACOLITE+RAdCor,20231008_ZRH,1,2,704,292,33.72,20.535,51.462500000000006,0.03,126.49,292,33.72,19.285,51.462500000000006,-31.54,126.49,292,0.0005725068331255999,0.0003570518248133,0.000815160392303625,4.552799433470492e-07,0.0015744131402076,292,0.0005725068331255999,0.0003570518248133,0.000815160392303625,4.552799433470492e-07,0.0015744131402076,0,,,,,
RAdCor+ACOLITE,20231008_ZRH,1,3,704,292,45.04,29.4775,61.475,1.2,135.53,292,45.04,29.4775,61.475,-1.2,135.53,292,0.00074163741293875,0.0005220115407373,0.000973501174025675,2.6091840157151103e-05,0.0016869781416804,292,0.00074163741293875,0.0005220115407373,0.000973501174025675,2.6091840157151103e-05,0.0016869781416804,0,,,,,
GAAC,20231008_ZRH,1,4,704,292,52.74,41.02,67.755,12.64,111.39,292,52.74,41.02,67.755,12.64,111.39,292,0.00089512166429075,0.000708996890442825,0.001066015420325175,0.0002805045525514,0.0014225666403001,292,0.00089512166429075,0.000708996890442825,0.001066015420325175,0.0002805045525514,0.0014225666403001,0,,,,,
C2RCC+T-Mart,20231008_ZRH,1,5,704,292,53.185,33.815,74.5675,0.37,193.08,292,-53.185,-74.5675,-33.815,-193.08,7.68,292,0.0005857113477663,0.000398349596564075,0.000763811215401,5.648899147746951e-06,0.0013606095684692,292,0.0005857113477663,0.000398349596564075,0.000763811215401,5.648899147746951e-06,0.0013606095684692,0,,,,,
ACOLITE,20231008_ZRH,1,6,704,292,54.575,39.3275,72.785,4.6,146.92,292,54.575,39.3275,72.785,4.6,146.92,292,0.0009017268969191,0.000692633021224125,0.001120483727883025,0.0001009268220124,0.0018287813168914,292,0.0009017268969191,0.000692633021224125,0.001120483727883025,0.0001009268220124,0.0018287813168914,0,,,,,
Polymer+T-Mart,20231008_ZRH,1,7,704,292,114.41,79.2025,153.20499999999998,17.36,329.72,292,-114.41,-153.20499999999998,-79.2025,-329.72,-17.36,292,0.00089154732242825,0.000721787571372025,0.0010818909075165,0.0001841315417833,0.0015332095275076,292,0.00089154732242825,0.000721787571372025,0.0010818909075165,0.0001841315417833,0.0015332095275076,0,,,,,
C2RCC+RAdCor,20231008_ZRH,1,8,704,288,147.865,124.1675,178.055,63.65,293.56,288,-147.865,-178.055,-124.1675,-293.56,-63.65,288,0.00100677668577115,0.000873299501176975,0.001161428153210925,0.0004521767274207,0.0015765730763846,288,0.00100677668577115,0.000873299501176975,0.001161428153210925,0.0004521767274207,0.0015765730763846,0,,,,,
C2RCC,20231008_ZRH,1,9,704,292,203.86,180.1375,236.025,100.47,376.87,292,-203.86,-236.025,-180.1375,-376.87,-100.47,292,0.0011263922507613999,0.001010934933184825,0.0012739144332746,0.0005547417339304,0.0016930579654377,292,0.0011263922507613999,0.001010934933184825,0.0012739144332746,0.0005547417339304,0.0016930579654377,0,,,,,
Polymer+Radcor,20231008_ZRH,1,10,704,292,385.1,265.055,581.985,117.14,7649.92,292,-385.1,-581.985,-265.055,-7649.92,-117.14,292,0.0013390746203557,0.0011687274046483249,0.001499179001721175,0.0007680018808812,0.0019699324322335,292,0.0013390746203557,0.0011687274046483249,0.001499179001721175,0.0007680018808812,0.0019699324322335,0,,,,,
Polymer,20231008_ZRH,1,11,704,223,1205.14,780.0350000000001,2237.2650000000003,293.82,13695.62,223,-1205.14,-2237.2650000000003,-780.0350000000001,-13695.62,-293.82,223,0.0015438489596844,0.0013960973927573499,0.0016801359767714499,0.001032028007676,0.0021544721044431,223,0.0015438489596844,0.0013960973927573499,0.0016801359767714499,0.001032028007676,0.0021544721044431,0,,,,,
GAAC,20231008_ZRH,1,1,overall,584,6.985,4.3950000000000005,11.105,0.69,66.74,584,0.63,-5.24,5.9625,-21.68,66.74,584,0.00053,0.00038,0.00073,0.00016,0.0021,584,0.00062,0.00047,0.00083,0.0002,0.00225,584,2.8204718732300886,1.9015748396406496,4.087392832226049,1.0640815016874556,9.02352809077274
ACOLITE,20231008_ZRH,1,2,overall,584,8.335,5.1274999999999995,12.315000000000001,0.6,28.46,584,-0.38,-7.8325000000000005,6.39,-28.46,24.7,584,0.00063,0.00046,0.0009,0.00015,0.00173,584,0.00073,0.00054,0.00098,0.00021,0.00196,584,3.002262232663772,2.1044376368147306,4.193606447998846,1.0936505520051312,8.62071157782604
RAdCor+ACOLITE,20231008_ZRH,1,3,overall,584,10.585,6.5275,15.945,2.36,38.19,584,8.69,1.75,15.5975,-20.43,38.19,584,0.00062,0.00044,0.00097,0.0002,0.00207,584,0.0007,0.00053,0.00103,0.00024,0.0021,584,2.873615708660921,2.401059689863435,3.4405902605161653,0.6449859121495557,8.677684176115028
ACOLITE+T-Mart,20231008_ZRH,1,4,overall,584,11.004999999999999,6.1075,16.7525,1.22,35.02,584,1.06,-10.03,11.45,-35.02,34.71,584,0.00067,0.00041,0.00103,0.00012,0.00208,584,0.000785,0.0005,0.00114,0.00015,0.00212,584,2.1950627686061854,1.77615292549721,2.6442634498401487,0.2345693895748141,8.074794116025126
ACOLITE+RAdCor,20231008_ZRH,1,5,overall,584,12.795,6.3374999999999995,20.2425,1.08,43.46,584,-10.265,-18.5525,-4.2675,-43.46,38.04,584,0.0007700000000000001,0.00042,0.0011625,9e-05,0.0035,584,0.00085,0.0005,0.0012625000000000002,9e-05,0.00383,584,2.7912599949956185,1.8811903944724162,3.72356178936954,0.1874660232183837,12.54819910604083
Polymer+T-Mart,20231008_ZRH,1,6,overall,583,23.88,20.995,27.45,4.83,54.95,583,-17.53,-25.73,-10.21,-54.95,6.94,583,0.00127,0.00105,0.001515,0.00034,0.00257,583,0.00143,0.001235,0.00171,0.0004,0.00292,583,8.78307438175507,5.350523518309382,10.151527064256058,2.066064541783229,12.50810043944382
Polymer+Radcor,20231008_ZRH,1,7,overall,583,26.35,23.42,31.45,17.15,61.05,583,-11.9,-20.13,-4.76,-44.17,14.29,583,0.00135,0.001245,0.00149,0.00081,0.00222,583,0.00149,0.00138,0.00167,0.00095,0.00257,583,10.154856600357045,9.533416745130399,10.969033500585917,7.179221754768011,14.309328015851069
C2RCC+T-Mart,20231008_ZRH,1,8,overall,584,28.1,20.4375,36.175,2.76,109.76,584,-28.1,-36.175,-20.4375,-109.76,4.38,584,0.00163,0.00119,0.00205,0.00026,0.00337,584,0.001715,0.0013,0.00217,0.00036,0.00348,584,4.336098445534644,3.6596738768667683,4.943328603748194,2.702919307154475,9.09523194118546
Polymer,20231008_ZRH,1,9,overall,583,30.75305959047812,24.27,38.639388041376854,19.5,74.28,583,-5.23,-12.885,0.49,-41.97,21.99,583,0.00146,0.00135,0.0016312822977323,0.00111,0.0023224322452545,583,0.00167,0.0015,0.00189758472527045,0.00127,0.0028430778947503,583,10.961591440174333,9.70446112401344,12.430177355168567,7.978461392093673,14.966506460078287
C2RCC+RAdCor,20231008_ZRH,1,10,overall,580,40.730000000000004,21.490000000000002,61.195,4.34,96.28,580,-40.730000000000004,-61.195,-21.490000000000002,-96.28,-3.41,580,0.00214,0.0015574999999999999,0.00266,0.00053,0.00387,580,0.00229,0.00165,0.0029024999999999997,0.00065,0.0043,580,5.00601395070998,4.466525748103072,5.571701680007751,2.739449469342562,7.829278787342567
C2RCC,20231008_ZRH,1,11,overall,584,56.835,26.27,81.6725,8.29,118.23,584,-56.835,-81.6725,-26.27,-118.23,-8.29,584,0.002565,0.0018,0.00309,0.00067,0.00439,584,0.00279,0.00191,0.0034,0.00082,0.00487,584,5.642843544273953,4.9053225166438885,6.161112157206061,2.951848830327836,10.73710119908406
ACOLITE,20231008_ZRH,2,1,443,538,6.08,3.12,11.0975,0.0,31.86,538,5.675,1.3625,11.045,-16.22,31.86,538,0.00034633624581045,0.00017814387392585,0.0006025004431098,5.7359561917921806e-09,0.0016370134360742,538,0.00034633624581045,0.00017814387392585,0.0006025004431098,5.7359561917921806e-09,0.0016370134360742,0,,,,,
ACOLITE+RAdCor,20231008_ZRH,2,2,443,538,7.965,3.66,13.7775,0.02,37.77,538,-7.485,-13.512500000000001,-2.3625,-37.77,18.17,538,0.0003940993284494,0.00019323985721425,0.00069232529591055,9.569328181741402e-07,0.0016639811550199,538,0.0003940993284494,0.00019323985721425,0.00069232529591055,9.569328181741402e-07,0.0016639811550199,0,,,,,
GAAC,20231008_ZRH,2,3,443,538,9.055,5.592499999999999,13.4225,0.06,58.35,538,9.045,5.395,13.4225,-10.74,58.35,538,0.00050635101643815,0.00031504801656505,0.000742468664070075,3.731719601123354e-06,0.0033277086177052,538,0.00050635101643815,0.00031504801656505,0.000742468664070075,3.731719601123354e-06,0.0033277086177052,0,,,,,
C2RCC+T-Mart,20231008_ZRH,2,4,443,538,11.0,6.4325,15.8375,0.05,39.43,538,-11.0,-15.8375,-6.13,-39.43,9.12,538,0.00055472626103625,0.000335125211176325,0.000782009892149075,2.468725913396496e-06,0.0016987304629649,538,0.00055472626103625,0.000335125211176325,0.000782009892149075,2.468725913396496e-06,0.0016987304629649,0,,,,,
ACOLITE+T-Mart,20231008_ZRH,2,5,443,538,11.43,3.6475,21.6475,0.02,44.29,538,11.315,1.6675,21.6475,-17.22,44.29,538,0.00066151855268425,0.00020502009175265,0.001197450738494925,1.3844864151478509e-06,0.0022755109637629,538,0.00066151855268425,0.00020502009175265,0.001197450738494925,1.3844864151478509e-06,0.0022755109637629,0,,,,,
RAdCor+ACOLITE,20231008_ZRH,2,6,443,538,18.435000000000002,13.5175,24.41,0.15,43.11,538,18.435000000000002,13.5175,24.41,-3.56,43.11,538,0.0010361396358833,0.000769463140325525,0.001334556107417375,9.156913024187252e-06,0.0024587466253509,538,0.0010361396358833,0.000769463140325525,0.001334556107417375,9.156913024187252e-06,0.0024587466253509,0,,,,,
C2RCC+RAdCor,20231008_ZRH,2,7,443,537,21.93,4.01,51.28,0.01,87.14,537,-21.93,-51.28,-3.28,-87.14,11.77,537,0.0011826017887356,0.0002132268744561,0.0018804184368306,2.829690357430276e-07,0.0030731311284121,537,0.0011826017887356,0.0002132268744561,0.0018804184368306,2.829690357430276e-07,0.0030731311284121,0,,,,,
Polymer+T-Mart,20231008_ZRH,2,8,443,537,26.08,10.56,35.16,0.3,54.74,537,26.08,10.56,35.16,-6.18,54.74,537,0.0014736144509932,0.0005939056194636,0.0019487135449993,1.796827241806829e-05,0.0027553853678278,537,0.0014736144509932,0.0005939056194636,0.0019487135449993,1.796827241806829e-05,0.0027553853678278,0,,,,,
C2RCC,20231008_ZRH,2,9,443,538,36.535,8.3025,63.9525,0.04,101.82,538,-36.535,-63.9525,-8.155000000000001,-101.82,10.49,538,0.0013587911100755,0.00044257357658445003,0.002166543099437275,2.194869120892076e-06,0.0033297049315699,538,0.0013587911100755,0.00044257357658445003,0.002166543099437275,2.194869120892076e-06,0.0033297049315699,0,,,,,
Polymer+Radcor,20231008_ZRH,2,10,443,537,41.82,36.95,48.97,13.82,83.37,537,41.82,36.95,48.97,13.82,83.37,537,0.0023530749702752,0.0021173452531085,0.002682716876911,0.0009122385991161,0.0042832182701309,537,0.0023530749702752,0.0021173452531085,0.002682716876911,0.0009122385991161,0.0042832182701309,0,,,,,
Polymer,20231008_ZRH,2,11,443,537,56.36,49.39,63.92,24.06,116.57,537,56.36,49.39,63.92,24.06,116.57,537,0.0031799624324777,0.0028011467101625,0.0035513584911939,0.0015932669291712,0.0059565635986762,537,0.0031799624324777,0.0028011467101625,0.0035513584911939,0.0015932669291712,0.0059565635986762,0,,,,,
GAAC,20231008_ZRH,2,1,490,538,3.895,1.755,7.85,0.01,25.68,538,2.59,-0.40499999999999997,6.455,-17.99,25.68,538,0.00033895805546455004,0.0001527031767379,0.000712588408966525,8.087298195725429e-07,0.0021627755076828,538,0.00033895805546455004,0.0001527031767379,0.000712588408966525,8.087298195725429e-07,0.0021627755076828,0,,,,,
ACOLITE+RAdCor,20231008_ZRH,2,2,490,538,5.8100000000000005,2.6425,9.5525,0.0,33.22,538,-4.234999999999999,-9.3,1.46,-33.22,17.69,538,0.0004901991939084,0.00022990010702095,0.000799566704313375,1.6215523433726897e-07,0.0026543768054103,538,0.0004901991939084,0.00022990010702095,0.000799566704313375,1.6215523433726897e-07,0.0026543768054103,0,,,,,
ACOLITE,20231008_ZRH,2,3,490,538,6.76,3.1225,10.3675,0.02,26.33,538,2.49,-3.4275,9.895,-25.77,26.33,538,0.0006034770960593,0.000284094401721075,0.000897986227603,1.3542026095388071e-06,0.0021810851922488,538,0.0006034770960593,0.000284094401721075,0.000897986227603,1.3542026095388071e-06,0.0021810851922488,0,,,,,
Polymer+T-Mart,20231008_ZRH,2,4,490,537,7.27,3.87,10.87,0.0,27.18,537,3.73,-3.95,9.38,-24.92,27.18,537,0.0006439365460265,0.0003386587848369,0.0009240244419507,1.85377886142285e-07,0.0020761611595883,537,0.0006439365460265,0.0003386587848369,0.0009240244419507,1.85377886142285e-07,0.0020761611595883,0,,,,,
ACOLITE+T-Mart,20231008_ZRH,2,5,490,538,10.059999999999999,3.3625,16.8275,0.01,33.94,538,7.255,-2.28,16.8025,-24.4,33.94,538,0.00091124417120735,0.00028438774696157504,0.001448737110293675,1.094153997897862e-06,0.0026676955138707,538,0.00091124417120735,0.00028438774696157504,0.001448737110293675,1.094153997897862e-06,0.0026676955138707,0,,,,,
RAdCor+ACOLITE,20231008_ZRH,2,6,490,538,10.84,5.3675,17.4975,0.01,35.02,538,10.8,5.2225,17.4975,-15.81,35.02,538,0.00095913407425615,0.0004991332154871,0.001497458276953325,7.160696082111201e-07,0.0027528379549646,538,0.00095913407425615,0.0004991332154871,0.001497458276953325,7.160696082111201e-07,0.0027528379549646,0,,,,,
Polymer+Radcor,20231008_ZRH,2,7,490,537,12.28,7.23,17.2,0.23,38.62,537,12.25,7.22,17.2,-15.86,38.62,537,0.0011065841730367,0.0006688058796277,0.0014682643904274,2.1254998606655764e-05,0.0029874541155351,537,0.0011065841730367,0.0006688058796277,0.0014682643904274,2.1254998606655764e-05,0.0029874541155351,0,,,,,
C2RCC+T-Mart,20231008_ZRH,2,8,490,538,15.14,9.9075,23.015,0.25,49.78,538,-15.14,-23.015,-9.9075,-49.78,6.74,538,0.0011846305791027999,0.000774439362275225,0.001687548442965725,2.1119485861339007e-05,0.0033174888446607,538,0.0011846305791027999,0.000774439362275225,0.001687548442965725,2.1119485861339007e-05,0.0033174888446607,0,,,,,
Polymer,20231008_ZRH,2,9,490,537,19.15,13.73,24.64,0.07,47.5,537,19.15,13.73,24.64,-4.19,47.5,537,0.0017158232888997,0.0012846747001339,0.0021187537459851,6.646323002361745e-06,0.0037734191615267,537,0.0017158232888997,0.0012846747001339,0.0021187537459851,6.646323002361745e-06,0.0037734191615267,0,,,,,
C2RCC+RAdCor,20231008_ZRH,2,10,490,537,22.96,5.74,48.87,0.04,82.9,537,-22.96,-48.87,-5.61,-82.9,8.62,537,0.0018232479059171,0.0004697251662987,0.0030002906075071,3.304420453143636e-06,0.0048248374283828,537,0.0018232479059171,0.0004697251662987,0.0030002906075071,3.304420453143636e-06,0.0048248374283828,0,,,,,
C2RCC,20231008_ZRH,2,11,490,538,30.98,11.4775,56.2325,0.31,88.93,538,-30.98,-56.2325,-11.4775,-88.93,6.92,538,0.0020072626641024502,0.000901838618754275,0.0033303213224276,2.432713794515984e-05,0.0050104881361667,538,0.0020072626641024502,0.000901838618754275,0.0033303213224276,2.432713794515984e-05,0.0050104881361667,0,,,,,
Polymer,20231008_ZRH,2,1,560,537,3.87,1.78,7.14,0.02,27.32,537,-0.8,-4.1,3.44,-27.32,21.7,537,0.0003786942905364,0.0001801873042052,0.0007036369882559,1.546183012785321e-06,0.0025413101241683,537,0.0003786942905364,0.0001801873042052,0.0007036369882559,1.546183012785321e-06,0.0025413101241683,0,,,,,
ACOLITE+RAdCor,20231008_ZRH,2,2,560,538,4.725,2.1025,7.6575,0.03,22.1,538,0.215,-3.9025,5.2375,-22.1,20.92,538,0.00046582653134625,0.0002108587787196,0.000755153472104275,2.826583216189796e-06,0.0021433413022561,538,0.00046582653134625,0.0002108587787196,0.000755153472104275,2.826583216189796e-06,0.0021433413022561,0,,,,,
Polymer+Radcor,20231008_ZRH,2,3,560,537,7.09,4.37,10.13,0.06,30.13,537,-6.66,-9.87,-2.88,-30.13,11.61,537,0.0006705090334942,0.0004143495563723,0.0009452391600203,6.235367647594928e-06,0.0027420495024546,537,0.0006705090334942,0.0004143495563723,0.0009452391600203,6.235367647594928e-06,0.0027420495024546,0,,,,,
GAAC,20231008_ZRH,2,4,560,538,7.295,4.6375,10.495,0.13,24.55,538,7.27,4.5375,10.495,-10.15,24.55,538,0.00073378437328695,0.00047964573776895,0.001037663587294525,1.4138667602447629e-05,0.0023477416359704,538,0.00073378437328695,0.00047964573776895,0.001037663587294525,1.4138667602447629e-05,0.0023477416359704,0,,,,,
ACOLITE,20231008_ZRH,2,5,560,538,7.705,2.6625,12.4125,0.03,28.65,538,6.115,0.035,12.195,-18.44,28.65,538,0.00076525399970385,0.000268886433561125,0.001225973467577325,2.921051841258196e-06,0.0026430534388246,538,0.00076525399970385,0.000268886433561125,0.001225973467577325,2.921051841258196e-06,0.0026430534388246,0,,,,,
ACOLITE+T-Mart,20231008_ZRH,2,6,560,538,8.235,4.1725,12.25,0.06,27.41,538,3.355,-4.2924999999999995,11.155000000000001,-23.4,27.41,538,0.0008207701241364,0.000401399191730675,0.0012134296518563751,5.800675235270725e-06,0.0025284113551797,538,0.0008207701241364,0.000401399191730675,0.0012134296518563751,5.800675235270725e-06,0.0025284113551797,0,,,,,
RAdCor+ACOLITE,20231008_ZRH,2,7,560,538,10.16,5.88,14.0725,0.1,30.48,538,10.07,5.76,14.0725,-11.22,30.48,538,0.00101467446048565,0.0006041946599681,0.0013894957822078251,9.778861785889397e-06,0.0027177985946955,538,0.00101467446048565,0.0006041946599681,0.0013894957822078251,9.778861785889397e-06,0.0027177985946955,0,,,,,
Polymer+T-Mart,20231008_ZRH,2,8,560,537,12.81,8.46,16.21,0.01,32.79,537,-12.81,-16.21,-8.46,-32.79,5.37,537,0.0011470050259717,0.0007719405724087,0.0014381588683378,6.920354195943945e-07,0.0028665042054484,537,0.0011470050259717,0.0007719405724087,0.0014381588683378,6.920354195943945e-07,0.0028665042054484,0,,,,,
C2RCC+T-Mart,20231008_ZRH,2,9,560,538,14.675,10.8825,19.0375,0.19,61.97,538,-14.675,-19.0375,-10.8825,-61.97,4.66,538,0.0012848178142665,0.000977593422604125,0.001637979004669375,2.028389371906518e-05,0.0037956573217143,538,0.0012848178142665,0.000977593422604125,0.001637979004669375,2.028389371906518e-05,0.0037956573217143,0,,,,,
C2RCC+RAdCor,20231008_ZRH,2,10,560,537,28.25,14.2,47.56,0.17,78.29,537,-28.25,-47.56,-14.2,-78.29,0.88,537,0.0022573911193869,0.0012480771910517,0.0032789979305208,1.5307172249342388e-05,0.0052007830157303,537,0.0022573911193869,0.0012480771910517,0.0032789979305208,1.5307172249342388e-05,0.0052007830157303,0,,,,,
C2RCC,20231008_ZRH,2,11,560,538,48.54,21.925,64.4675,4.09,95.49,538,-48.54,-64.4675,-21.925,-95.49,-4.09,538,0.0030562814170605,0.0018086984386981,0.004000782111686625,0.0003389008011211,0.0057853813969648,538,0.0030562814170605,0.0018086984386981,0.004000782111686625,0.0003389008011211,0.0057853813969648,0,,,,,
ACOLITE+RAdCor,20231008_ZRH,2,1,665,538,7.69,3.5524999999999998,13.084999999999999,0.02,45.33,538,2.04,-5.91,8.5875,-45.33,38.44,538,0.00019750519605039998,8.746050576478252e-05,0.000326052546945175,3.348237277269253e-07,0.0008297180561802,538,0.00019750519605039998,8.746050576478252e-05,0.000326052546945175,3.348237277269253e-07,0.0008297180561802,0,,,,,
GAAC,20231008_ZRH,2,2,665,538,18.65,5.655,44.04,0.0,80.71,538,18.195,3.755,44.04,-20.78,80.71,538,0.00046193187559040005,0.000151472185966225,0.0010664527093165001,9.610422245205989e-08,0.001831151285611,538,0.00046193187559040005,0.000151472185966225,0.0010664527093165001,9.610422245205989e-08,0.001831151285611,0,,,,,
ACOLITE+T-Mart,20231008_ZRH,2,3,665,538,19.595,6.1825,29.665,0.0,51.11,538,14.094999999999999,-4.5,29.369999999999997,-47.22,51.11,538,0.0004900331075015499,0.000143832896862625,0.000803534670824325,7.281942594056234e-08,0.0011989353818072,538,0.0004900331075015499,0.000143832896862625,0.000803534670824325,7.281942594056234e-08,0.0011989353818072,0,,,,,
ACOLITE,20231008_ZRH,2,4,665,538,24.605,11.934999999999999,35.0925,0.03,57.04,538,24.605,11.905000000000001,35.0925,-23.25,57.04,538,0.0006302144530171,0.00028670638145805,0.00095171488377985,8.6492446637167e-07,0.0013808571395648,538,0.0006302144530171,0.00028670638145805,0.00095171488377985,8.6492446637167e-07,0.0013808571395648,0,,,,,
RAdCor+ACOLITE,20231008_ZRH,2,5,665,538,30.995,22.7175,39.525,1.7,61.45,538,30.995,22.7175,39.525,-8.42,61.45,538,0.0008047457355299,0.0005668108281010999,0.00104241312091335,4.607658279013639e-05,0.0014755631530919,538,0.0008047457355299,0.0005668108281010999,0.00104241312091335,4.607658279013639e-05,0.0014755631530919,0,,,,,
Polymer+T-Mart,20231008_ZRH,2,6,665,537,33.52,13.97,56.24,0.07,98.56,537,-33.52,-56.24,-13.97,-98.56,8.76,537,0.0006289908006124,0.000296777770661,0.0009794284687929,1.5576907861436851e-06,0.0015690022091848,537,0.0006289908006124,0.000296777770661,0.0009794284687929,1.5576907861436851e-06,0.0015690022091848,0,,,,,
Polymer+Radcor,20231008_ZRH,2,7,665,537,45.57,37.49,54.35,17.2,91.36,537,-45.57,-54.35,-37.49,-91.36,-17.2,537,0.0007919761760418,0.0006528474865254,0.0009384229631083,0.000318609288554,0.0014306482567886,537,0.0007919761760418,0.0006528474865254,0.0009384229631083,0.000318609288554,0.0014306482567886,0,,,,,
Polymer,20231008_ZRH,2,8,665,537,54.07,36.87,69.05,6.55,129.53,537,-54.07,-69.05,-36.87,-129.53,-6.55,537,0.0008834665173216,0.0007248427052129,0.0010233692939352,0.0001420545598941,0.0016504204171912,537,0.0008834665173216,0.0007248427052129,0.0010233692939352,0.0001420545598941,0.0016504204171912,0,,,,,
C2RCC+T-Mart,20231008_ZRH,2,9,665,538,67.96000000000001,43.295,88.205,0.46,126.29,538,-67.96000000000001,-88.205,-43.295,-126.29,-0.46,538,0.0010186443135235,0.0007145637402114001,0.0012800931864675,1.0662478704424884e-05,0.0018371428665542,538,0.0010186443135235,0.0007145637402114001,0.0012800931864675,1.0662478704424884e-05,0.0018371428665542,0,,,,,
C2RCC+RAdCor,20231008_ZRH,2,10,665,537,107.3,91.45,127.12,60.57,184.62,537,-107.3,-127.12,-91.45,-184.62,-60.57,537,0.0013219641716021,0.0012132034600469,0.0014325740653748,0.0008772376552749,0.0018970829607106,537,0.0013219641716021,0.0012132034600469,0.0014325740653748,0.0008772376552749,0.0018970829607106,0,,,,,
C2RCC,20231008_ZRH,2,11,665,538,141.37,109.95,168.125,74.7,259.65,538,-141.37,-168.125,-109.95,-259.65,-74.7,538,0.0014675979873743999,0.0013614991204655,0.0015912477407464501,0.0009943361200239,0.0020240442897689,538,0.0014675979873743999,0.0013614991204655,0.0015912477407464501,0.0009943361200239,0.0020240442897689,0,,,,,
ACOLITE+T-Mart,20231008_ZRH,2,1,704,269,15.02,8.19,24.02,0.14,74.75,269,12.46,1.86,22.29,-34.4,74.75,269,0.0002100265186012,0.0001162919393488,0.0003105547720791,2.123920188188593e-06,0.0008813359836841,269,0.0002100265186012,0.0001162919393488,0.0003105547720791,2.123920188188593e-06,0.0008813359836841,0,,,,,
C2RCC+T-Mart,20231008_ZRH,2,2,704,269,34.86,24.31,47.41,1.73,85.72,269,-34.86,-47.41,-24.31,-85.72,10.46,269,0.0003540329213195,0.0002664795692995,0.0004490548527854,2.1592164909289098e-05,0.0007022009572674,269,0.0003540329213195,0.0002664795692995,0.0004490548527854,2.1592164909289098e-05,0.0007022009572674,0,,,,,
ACOLITE+RAdCor,20231008_ZRH,2,3,704,269,59.46,42.24,71.75,1.4,142.33,269,59.46,42.24,71.75,-19.82,142.33,269,0.000837217671396,0.0005907679160513,0.0010001396039842,2.271565312868349e-05,0.0016782298280651,269,0.000837217671396,0.0005907679160513,0.0010001396039842,2.271565312868349e-05,0.0016782298280651,0,,,,,
RAdCor+ACOLITE,20231008_ZRH,2,4,704,269,68.87,59.38,83.42,29.3,141.57,269,68.87,59.38,83.42,29.3,141.57,269,0.0009871188263673,0.0008297639213268,0.0011323507276552,0.0004648772467174,0.0016692365116233,269,0.0009871188263673,0.0008297639213268,0.0011323507276552,0.0004648772467174,0.0016692365116233,0,,,,,
GAAC,20231008_ZRH,2,5,704,269,80.17,64.61,92.73,38.98,144.01,269,80.17,64.61,92.73,38.98,144.01,269,0.0011152596833522,0.0009201633285744,0.0012804849999117,0.0005211961189202,0.0016833402500824,269,0.0011152596833522,0.0009201633285744,0.0012804849999117,0.0005211961189202,0.0016833402500824,0,,,,,
ACOLITE,20231008_ZRH,2,6,704,269,81.55,71.83,97.6,44.78,154.32,269,81.55,71.83,97.6,44.78,154.32,269,0.0011643322337899,0.001031596056583,0.0013063767772225,0.0007139130364432,0.0018196506953592,269,0.0011643322337899,0.001031596056583,0.0013063767772225,0.0007139130364432,0.0018196506953592,0,,,,,
Polymer+T-Mart,20231008_ZRH,2,7,704,269,88.0,69.58,106.26,27.92,304.75,269,-88.0,-106.26,-69.58,-304.75,-27.92,269,0.000643728463416,0.0005556842709412,0.0007305577027968,0.0002539286578066,0.0011393562645253,269,0.000643728463416,0.0005556842709412,0.0007305577027968,0.0002539286578066,0.0011393562645253,0,,,,,
C2RCC+RAdCor,20231008_ZRH,2,8,704,268,121.385,109.03,134.605,62.02,188.77,268,-121.385,-134.605,-109.03,-188.77,-62.02,268,0.0007560100005019001,0.00068979372110825,0.000827339211459975,0.0004513724263033,0.0011491397103121,268,0.0007560100005019001,0.00068979372110825,0.000827339211459975,0.0004513724263033,0.0011491397103121,0,,,,,
C2RCC,20231008_ZRH,2,9,704,269,164.99,151.09,181.99,111.04,253.54,269,-164.99,-181.99,-151.09,-253.54,-111.04,269,0.0008621164978656,0.0008023021564745,0.0009384655750713,0.0006146057587001,0.0012284467220787,269,0.0008621164978656,0.0008023021564745,0.0009384655750713,0.0006146057587001,0.0012284467220787,0,,,,,
Polymer+Radcor,20231008_ZRH,2,10,704,265,387.83,274.14,548.73,106.33,5956.83,265,-387.83,-548.73,-274.14,-5956.83,-106.33,265,0.001104210231586,0.0010173183547005,0.0011972299490826,0.0006076381646917,0.0015679392863297,265,0.001104210231586,0.0010173183547005,0.0011972299490826,0.0006076381646917,0.0015679392863297,0,,,,,
Polymer,20231008_ZRH,2,11,704,172,1132.615,756.7075,2175.4700000000003,380.95,7593.02,172,-1132.615,-2175.4700000000003,-756.7075,-7593.02,-380.95,172,0.00128738338169725,0.00121241662272,0.001348398387083275,0.0009345405927249,0.0017274773279884,172,0.00128738338169725,0.00121241662272,0.001348398387083275,0.0009345405927249,0.0017274773279884,0,,,,,
ACOLITE+RAdCor,20231008_ZRH,2,1,overall,538,6.605,4.415,10.49,0.82,32.66,538,-1.7850000000000001,-5.91,2.6025,-28.95,18.43,538,0.00043,0.00031,0.00059,0.0001,0.00154,538,0.00053,0.00038250000000000003,0.00067,0.00014,0.00172,538,2.959070677380419,2.0098267712674236,4.2608461476341315,0.3918754987030374,7.853908321624546
ACOLITE,20231008_ZRH,2,2,overall,538,7.955,5.1875,12.015,0.87,30.15,538,7.165,2.1025,11.9025,-18.44,30.15,538,0.0006,0.00045,0.00092,0.00026,0.00192,538,0.00071,0.00059,0.00095,0.00032,0.00198,538,3.162100008275102,2.472107191610854,4.8199284515188,1.773362367193997,7.489987453339472
GAAC,20231008_ZRH,2,3,overall,538,8.1,4.9025,11.9475,0.71,58.35,538,7.915,4.074999999999999,11.92,-12.64,58.35,538,0.0005549999999999999,0.00034,0.0008575,0.00012,0.00187,538,0.00064,0.00042,0.0009075,0.00013,0.00202,538,3.054899150629958,1.8782020346864936,4.744438812918768,0.404085988576256,7.757384576962408
ACOLITE+T-Mart,20231008_ZRH,2,4,overall,538,12.145,4.9975000000000005,19.049999999999997,0.64,39.02,538,9.329999999999998,-2.1350000000000002,18.927500000000002,-23.4,39.02,538,0.000655,0.0002625,0.00115,7e-05,0.00216,538,0.00075,0.00032,0.00118,9e-05,0.00224,538,1.9725825055895416,1.5648697609629225,2.3978222189110436,0.4920115197175008,6.893608700218864
C2RCC+T-Mart,20231008_ZRH,2,5,overall,538,16.075,11.665000000000001,22.982499999999998,2.42,61.97,538,-16.075,-22.982499999999998,-11.665000000000001,-61.97,4.66,538,0.00095,0.00073,0.00117,0.00027,0.00207,538,0.00104,0.00082,0.00127,0.00033,0.00236,538,3.9647637391351402,2.8083783391514014,4.5128131809193,1.387456994353854,7.36164105339995
RAdCor+ACOLITE,20231008_ZRH,2,6,overall,538,17.63,12.62,21.7375,2.29,38.63,538,17.63,12.62,21.7375,-8.42,38.63,538,0.00096,0.0007,0.00132,0.00023,0.00228,538,0.000985,0.00072,0.00133,0.00028,0.00234,538,3.081168495115742,2.4975076443374435,3.893163718225324,1.141714609400191,7.616462290442463
Polymer+T-Mart,20231008_ZRH,2,7,overall,537,20.99,13.45,23.98,4.57,32.79,537,-5.27,-11.78,-1.01,-32.79,15.02,537,0.00104,0.00066,0.00119,0.00037,0.00151,537,0.00116,0.00076,0.00132,0.00044,0.00174,537,7.944140089159188,5.312800258724342,9.483851152078364,3.168043961179466,11.865665390298265
C2RCC+RAdCor,20231008_ZRH,2,8,overall,537,28.23,10.07,52.94,4.33,87.14,537,-28.23,-52.94,-10.07,-87.14,4.68,537,0.00151,0.00081,0.00205,0.00038,0.00323,537,0.00159,0.00094,0.00227,0.00049,0.0036,537,4.642041637570296,3.778066290603933,5.282356567603858,2.7583981981336563,7.236376285726654
Polymer+Radcor,20231008_ZRH,2,9,overall,537,30.16,26.41,36.43,15.726385149979215,62.18,537,-0.1,-7.33,4.87,-30.13,22.99,537,0.00123,0.00113,0.00137,0.00084,0.0019,537,0.0014,0.00128,0.00159,0.00094,0.00242,537,9.833841989713866,9.259528544420638,10.512836573169183,7.567945597630352,14.220889148519651
Polymer,20231008_ZRH,2,10,overall,537,33.81,29.13,53.25,19.96,72.28,537,7.371147169712611,-0.95,13.35,-27.32,31.9,537,0.0015,0.00139,0.00163,0.00111,0.0028908310987212,537,0.00182,0.00168,0.00204,0.00126,0.0035848024530746,537,10.873727181595394,9.274636371628894,12.35596776544189,7.749647470663645,15.961684854523918
C2RCC,20231008_ZRH,2,11,overall,538,48.894999999999996,16.845,66.3875,4.62,101.82,538,-48.894999999999996,-66.3875,-16.845,-101.82,1.35,538,0.00183,0.00114,0.00237,0.00047,0.00348,538,0.001975,0.00125,0.00264,0.00057,0.00388,538,5.308331441357648,4.413925315577851,5.833012986817963,3.149875944969379,8.894742816851519
ACOLITE,20231008_ZRH,3,1,443,490,5.11,2.58,8.9,0.01,24.69,490,0.26,-4.9625,5.19,-24.69,18.16,490,0.00028882215532724997,0.00015039444746175,0.00049679323427145,7.651423847678321e-07,0.0014063829842619,490,0.00028882215532724997,0.00015039444746175,0.00049679323427145,7.651423847678321e-07,0.0014063829842619,0,,,,,
ACOLITE+T-Mart,20231008_ZRH,3,2,443,490,6.23,2.72,13.625,0.03,29.66,490,3.4450000000000003,-1.98,12.4675,-21.98,29.66,490,0.00036312915407974995,0.00016219620691035,0.00080119092584305,1.585081781148821e-06,0.0015475266364965,490,0.00036312915407974995,0.00016219620691035,0.00080119092584305,1.585081781148821e-06,0.0015475266364965,0,,,,,
GAAC,20231008_ZRH,3,3,443,490,8.015,4.255,13.7,0.01,33.18,490,5.045,-1.9024999999999999,10.9525,-31.2,33.18,490,0.00046502609236324997,0.00025054476162434996,0.000779821792255475,5.455459137675492e-07,0.001740223677221,490,0.00046502609236324997,0.00025054476162434996,0.000779821792255475,5.455459137675492e-07,0.001740223677221,0,,,,,
ACOLITE+RAdCor,20231008_ZRH,3,4,443,490,11.075,5.4725,17.215,0.12,45.22,490,-11.075,-17.215,-5.0649999999999995,-45.22,9.67,490,0.0005798886898729,0.00030249217155327497,0.000877439071102125,6.954414532900181e-06,0.0020070390130989,490,0.0005798886898729,0.00030249217155327497,0.000877439071102125,6.954414532900181e-06,0.0020070390130989,0,,,,,
RAdCor+ACOLITE,20231008_ZRH,3,5,443,490,13.17,7.885,18.2425,0.06,32.03,490,13.17,7.8725000000000005,18.2425,-8.13,32.03,490,0.00076463062378045,0.0004743627665472,0.0010519352452006,4.08699127745632e-06,0.0017006951048491,490,0.00076463062378045,0.0004743627665472,0.0010519352452006,4.08699127745632e-06,0.0017006951048491,0,,,,,
C2RCC+T-Mart,20231008_ZRH,3,6,443,490,16.595,8.295,23.072499999999998,0.02,53.62,490,-16.595,-23.072499999999998,-8.295,-53.62,7.46,490,0.0008423856977654,0.00043653297062145,0.001117119723298525,1.2098321700631728e-06,0.0021819831207764,490,0.0008423856977654,0.00043653297062145,0.001117119723298525,1.2098321700631728e-06,0.0021819831207764,0,,,,,
Polymer+T-Mart,20231008_ZRH,3,7,443,490,26.335,12.555,34.83,0.04,56.08,490,26.335,12.4375,34.83,-13.51,56.08,490,0.0015798162520575501,0.0007157155517698249,0.00202941398676435,2.2759382540381984e-06,0.0029037961355938,490,0.0015798162520575501,0.0007157155517698249,0.00202941398676435,2.2759382540381984e-06,0.0029037961355938,0,,,,,
C2RCC+RAdCor,20231008_ZRH,3,8,443,490,36.515,8.7925,58.125,0.0,92.39,490,-36.515,-58.125,-8.7925,-92.39,7.48,490,0.00153618280791505,0.000477526684968,0.00213662672984405,2.7292996709026025e-08,0.0033742350504073,490,0.00153618280791505,0.000477526684968,0.00213662672984405,2.7292996709026025e-08,0.0033742350504073,0,,,,,
C2RCC,20231008_ZRH,3,9,443,490,42.06999999999999,24.1775,62.695,7.16,104.99,490,-42.06999999999999,-62.695,-24.1775,-104.99,-7.16,490,0.0017014001913797,0.0011352422545682999,0.0022557012078353498,0.0003626640040781,0.0036243910252082,490,0.0017014001913797,0.0011352422545682999,0.0022557012078353498,0.0003626640040781,0.0036243910252082,0,,,,,
Polymer+Radcor,20231008_ZRH,3,10,443,490,43.245000000000005,36.2325,50.155,9.13,96.52,490,43.245000000000005,36.2325,50.155,9.13,96.52,490,0.00251751009330845,0.00217655157108995,0.002840691697964025,0.0006463996789996,0.0051175855516021,490,0.00251751009330845,0.00217655157108995,0.002840691697964025,0.0006463996789996,0.0051175855516021,0,,,,,
Polymer,20231008_ZRH,3,11,443,490,55.805,47.769999999999996,65.64500000000001,28.49,118.01,490,55.805,47.769999999999996,65.64500000000001,28.49,118.01,490,0.0032306965757239,0.0028710833459854,0.0036906380619954,0.0019459013622797,0.0062567816567793,490,0.0032306965757239,0.0028710833459854,0.0036906380619954,0.0019459013622797,0.0062567816567793,0,,,,,
GAAC,20231008_ZRH,3,1,490,490,4.705,2.235,8.037500000000001,0.01,27.53,490,-2.235,-6.515000000000001,2.2175000000000002,-27.53,15.79,490,0.000426077133708,0.00020209083563505,0.000699223409443725,6.031114117479447e-07,0.0023678475223504,490,0.000426077133708,0.00020209083563505,0.000699223409443725,6.031114117479447e-07,0.0023678475223504,0,,,,,
RAdCor+ACOLITE,20231008_ZRH,3,2,490,490,6.24,2.485,10.955,0.02,20.86,490,4.825,-0.305,10.665,-17.93,20.86,490,0.00058802778301285,0.00023872423370775,0.0009966417368259752,1.9286400203700343e-06,0.0018065997641534,490,0.00058802778301285,0.00023872423370775,0.0009966417368259752,1.9286400203700343e-06,0.0018065997641534,0,,,,,
ACOLITE,20231008_ZRH,3,3,490,490,6.275,3.375,9.76,0.07,29.69,490,-3.215,-9.15,3.375,-29.69,13.11,490,0.0005562385800012999,0.000302247302593675,0.0008740939085094251,7.045970837116222e-06,0.0024378320446047,490,0.0005562385800012999,0.000302247302593675,0.0008740939085094251,7.045970837116222e-06,0.0024378320446047,0,,,,,
Polymer+T-Mart,20231008_ZRH,3,4,490,490,6.955,4.04,11.33,0.0,33.01,490,1.435,-6.065,7.9075,-33.01,21.99,490,0.0006339978639452,0.00037463656433504996,0.00101059363100305,2.090467461253465e-07,0.0029018531139373,490,0.0006339978639452,0.00037463656433504996,0.00101059363100305,2.090467461253465e-07,0.0029018531139373,0,,,,,
ACOLITE+RAdCor,20231008_ZRH,3,5,490,490,8.5,3.6525,14.18,0.02,40.6,490,-8.465,-14.18,-3.2325,-40.6,8.67,490,0.0007362825292408,0.00031751667107312497,0.001207931451531275,1.876396469115832e-06,0.0030550305108742,490,0.0007362825292408,0.00031751667107312497,0.001207931451531275,1.876396469115832e-06,0.0030550305108742,0,,,,,
ACOLITE+T-Mart,20231008_ZRH,3,6,490,490,8.72,5.4375,11.8475,0.02,28.76,490,-0.46499999999999997,-8.030000000000001,9.925,-28.76,21.06,490,0.00079687734676215,0.000504009521080825,0.001060762162862825,1.532164990901419e-06,0.0023631165112571,490,0.00079687734676215,0.000504009521080825,0.001060762162862825,1.532164990901419e-06,0.0023631165112571,0,,,,,
Polymer+Radcor,20231008_ZRH,3,7,490,490,11.575,5.4725,17.03,0.14,37.98,490,11.379999999999999,5.0249999999999995,17.017500000000002,-21.68,37.98,490,0.00107899646517695,0.000527646627878,0.0015432491785519749,1.443253826833614e-05,0.0033292423083256,490,0.00107899646517695,0.000527646627878,0.0015432491785519749,1.443253826833614e-05,0.0033292423083256,0,,,,,
Polymer,20231008_ZRH,3,8,490,490,18.155,10.965,25.35,0.01,45.09,490,18.155,10.965,25.35,-10.95,45.09,490,0.0016914815447444,0.001072285840608125,0.00231347661344295,9.09073441655861e-07,0.0039528030056458,490,0.0016914815447444,0.001072285840608125,0.00231347661344295,9.09073441655861e-07,0.0039528030056458,0,,,,,
C2RCC+T-Mart,20231008_ZRH,3,9,490,490,22.245,12.975000000000001,30.03,0.21,57.27,490,-22.245,-30.03,-12.975000000000001,-57.27,3.15,490,0.0017273330394528999,0.001042853851804625,0.0022354221506658252,1.8010156734986696e-05,0.0039453500868451,490,0.0017273330394528999,0.001042853851804625,0.0022354221506658252,1.8010156734986696e-05,0.0039453500868451,0,,,,,
C2RCC+RAdCor,20231008_ZRH,3,10,490,490,37.239999999999995,12.665,54.94,0.07,90.82,490,-37.239999999999995,-54.94,-12.665,-90.82,-0.07,490,0.002536577409249,0.0010235410255480999,0.00341146002218055,5.983482729792974e-06,0.0055655575211335,490,0.002536577409249,0.0010235410255480999,0.00341146002218055,5.983482729792974e-06,0.0055655575211335,0,,,,,
C2RCC,20231008_ZRH,3,11,490,490,39.68,25.605,58.4675,12.57,97.9,490,-39.68,-58.4675,-25.605,-97.9,-12.57,490,0.0026468181488697,0.00184967781132515,0.0035964768538999,0.0009625737482843,0.0057849951351711,490,0.0026468181488697,0.00184967781132515,0.0035964768538999,0.0009625737482843,0.0057849951351711,0,,,,,
GAAC,20231008_ZRH,3,1,560,490,3.51,1.63,6.03,0.01,20.46,490,1.795,-1.5550000000000002,4.7675,-20.46,14.69,490,0.00037581869224215,0.0001738452292278,0.0006282527460249,8.912215778492105e-07,0.0021626085468365,490,0.00037581869224215,0.0001738452292278,0.0006282527460249,8.912215778492105e-07,0.0021626085468365,0,,,,,
RAdCor+ACOLITE,20231008_ZRH,3,2,560,490,4.825,2.25,8.2575,0.0,19.13,490,4.195,0.28250000000000003,7.775,-16.33,19.13,490,0.0005228157326108999,0.000242407282283925,0.0008617282189799,4.995039982799016e-07,0.0018276244485068,490,0.0005228157326108999,0.000242407282283925,0.0008617282189799,4.995039982799016e-07,0.0018276244485068,0,,,,,
ACOLITE+RAdCor,20231008_ZRH,3,3,560,490,5.375,2.43,9.9775,0.01,30.83,490,-4.195,-9.74,-0.007499999999999998,-30.83,12.03,490,0.00055652871323725,0.00025321104591844996,0.0009796224787227748,1.50553976678916e-06,0.002857384059853,490,0.00055652871323725,0.00025321104591844996,0.0009796224787227748,1.50553976678916e-06,0.002857384059853,0,,,,,
Polymer,20231008_ZRH,3,4,560,490,5.48,2.56,9.447500000000002,0.02,34.8,490,-3.92,-8.790000000000001,0.1075,-34.8,13.99,490,0.00055527992419545,0.0002659272878055,0.00095276826095655,1.5707931377336587e-06,0.0033619027466875,490,0.00055527992419545,0.0002659272878055,0.00095276826095655,1.5707931377336587e-06,0.0033619027466875,0,,,,,
ACOLITE,20231008_ZRH,3,5,560,490,5.855,3.1425,8.907499999999999,0.13,23.93,490,0.185,-5.7475000000000005,6.0575,-23.93,17.21,490,0.0006078686106603,0.00033857536828432505,0.0009108258286613,1.2857616803169105e-05,0.0025142913767385,490,0.0006078686106603,0.00033857536828432505,0.0009108258286613,1.2857616803169105e-05,0.0025142913767385,0,,,,,
ACOLITE+T-Mart,20231008_ZRH,3,6,560,490,7.4350000000000005,4.135,11.02,0.02,28.57,490,-3.065,-10.3325,4.8475,-28.57,15.77,490,0.00075290882588525,0.00043835361672182497,0.001076536021624175,1.8305089302065453e-06,0.0028934467667031,490,0.00075290882588525,0.00043835361672182497,0.001076536021624175,1.8305089302065453e-06,0.0028934467667031,0,,,,,
Polymer+Radcor,20231008_ZRH,3,7,560,490,9.74,5.63,14.022499999999999,0.07,39.0,490,-9.74,-14.022499999999999,-5.5225,-39.0,7.98,490,0.00094097283837215,0.000549266064510525,0.001362807703781025,6.896554903912042e-06,0.0036538204072066,490,0.00094097283837215,0.000549266064510525,0.001362807703781025,6.896554903912042e-06,0.0036538204072066,0,,,,,
Polymer+T-Mart,20231008_ZRH,3,8,560,490,16.625,12.635000000000002,21.384999999999998,0.19,46.79,490,-16.625,-21.384999999999998,-12.635000000000002,-46.79,-0.19,490,0.00150783513665455,0.00116445732615995,0.00195141058084575,1.859471084862153e-05,0.0041507249699021,490,0.00150783513665455,0.00116445732615995,0.00195141058084575,1.859471084862153e-05,0.0041507249699021,0,,,,,
C2RCC+T-Mart,20231008_ZRH,3,9,560,490,21.81,17.5025,27.087500000000002,5.11,47.86,490,-21.81,-27.087500000000002,-17.5025,-47.86,-5.11,490,0.0019316126853131,0.001556698824459225,0.002346733828522325,0.0005006777938433,0.0040797277622326,490,0.0019316126853131,0.001556698824459225,0.002346733828522325,0.0005006777938433,0.0040797277622326,0,,,,,
C2RCC+RAdCor,20231008_ZRH,3,10,560,490,43.68,24.197499999999998,59.7325,10.73,97.24,490,-43.68,-59.7325,-24.197499999999998,-97.24,-10.73,490,0.0031538213363412,0.0020609236911306,0.004035676828272125,0.0009169060959863,0.0061194810034155,490,0.0031538213363412,0.0020609236911306,0.004035676828272125,0.0009169060959863,0.0061194810034155,0,,,,,
C2RCC,20231008_ZRH,3,11,560,490,59.42,36.345,73.03,19.84,108.55,490,-59.42,-73.03,-36.345,-108.55,-19.84,490,0.0038199654579551,0.00283312565339545,0.004563560113349875,0.0015666438490397,0.0067778173101333,490,0.0038199654579551,0.00283312565339545,0.004563560113349875,0.0015666438490397,0.0067778173101333,0,,,,,
ACOLITE+RAdCor,20231008_ZRH,3,1,665,490,9.72,4.71,16.9225,0.02,61.77,490,-1.495,-12.0175,7.82,-61.77,28.32,490,0.00025312260165155,0.0001291731776744,0.0004104580801555,6.101336662771122e-07,0.0012269368368072,490,0.00025312260165155,0.0001291731776744,0.0004104580801555,6.101336662771122e-07,0.0012269368368072,0,,,,,
ACOLITE+T-Mart,20231008_ZRH,3,2,665,490,16.71,8.8975,23.5075,0.08,42.85,490,6.585,-9.787500000000001,21.1925,-42.85,41.86,490,0.00044773449182125,0.00022335101339115,0.00061550451720195,1.94809362006167e-06,0.0010680772471668,490,0.00044773449182125,0.00022335101339115,0.00061550451720195,1.94809362006167e-06,0.0010680772471668,0,,,,,
ACOLITE,20231008_ZRH,3,3,665,490,19.02,8.25,27.8125,0.15,48.71,490,19.02,7.0825,27.8125,-17.36,48.71,490,0.0005034657790282,0.0002149112052241,0.00079725796950655,4.564913208603659e-06,0.0012387686516585,490,0.0005034657790282,0.0002149112052241,0.00079725796950655,4.564913208603659e-06,0.0012387686516585,0,,,,,
GAAC,20231008_ZRH,3,4,665,490,20.8,5.192500000000001,38.14,0.02,77.87,490,13.14,-2.7475,37.9875,-42.7,77.87,490,0.0005542582286644,0.00014468228351490001,0.000975541024157325,5.847097826476751e-07,0.0017541780992233,490,0.0005542582286644,0.00014468228351490001,0.000975541024157325,5.847097826476751e-07,0.0017541780992233,0,,,,,
RAdCor+ACOLITE,20231008_ZRH,3,5,665,490,24.15,15.99,31.9,0.41,51.36,490,24.15,15.99,31.9,-10.06,51.36,490,0.00067087641582165,0.000421656891278425,0.000871521692561575,1.1704611434459888e-05,0.001299258810985,490,0.00067087641582165,0.000421656891278425,0.000871521692561575,1.1704611434459888e-05,0.001299258810985,0,,,,,
Polymer+T-Mart,20231008_ZRH,3,6,665,490,41.965,22.85,64.5775,0.67,119.49,490,-41.965,-64.5775,-22.85,-119.49,-0.67,490,0.0007917970476689999,0.00047079182727145,0.0011141653824105749,1.5270109061764348e-05,0.0020368648297945,490,0.0007917970476689999,0.00047079182727145,0.0011141653824105749,1.5270109061764348e-05,0.0020368648297945,0,,,,,
Polymer+Radcor,20231008_ZRH,3,7,665,490,54.29,47.055,62.02,22.92,112.1,490,-54.29,-62.02,-47.055,-112.1,-22.92,490,0.00094653280369945,0.0008086598897683,0.00107881378444045,0.0004546962867936,0.0018987239573818,490,0.00094653280369945,0.0008086598897683,0.00107881378444045,0.0004546962867936,0.0018987239573818,0,,,,,
Polymer,20231008_ZRH,3,8,665,490,63.33,43.8225,83.9075,15.57,165.64,490,-63.33,-83.9075,-43.8225,-165.64,-15.57,490,0.0010369764397706,0.000852551840445725,0.0011852900525586999,0.0003350914916788,0.0020659721887795,490,0.0010369764397706,0.000852551840445725,0.0011852900525586999,0.0003350914916788,0.0020659721887795,0,,,,,
C2RCC+T-Mart,20231008_ZRH,3,9,665,490,84.13,61.902499999999996,97.85249999999999,24.0,153.82,490,-84.13,-97.85249999999999,-61.902499999999996,-153.82,-24.0,490,0.00121097875504315,0.000954928341680025,0.0014175595947445501,0.0004864421217136,0.0022673751172562,490,0.00121097875504315,0.000954928341680025,0.0014175595947445501,0.0004864421217136,0.0022673751172562,0,,,,,
C2RCC+RAdCor,20231008_ZRH,3,10,665,490,127.655,109.13,148.0175,77.24,228.43,490,-127.655,-148.0175,-109.13,-228.43,-77.24,490,0.0014926597462127,0.001400171214096175,0.0016118793699238,0.0011023365662449,0.0023156622423845,490,0.0014926597462127,0.001400171214096175,0.0016118793699238,0.0011023365662449,0.0023156622423845,0,,,,,
C2RCC,20231008_ZRH,3,11,665,490,164.345,133.42249999999999,190.78,97.94,268.16,490,-164.345,-190.78,-133.42249999999999,-268.16,-97.94,490,0.0016435513070057499,0.0015533199164864,0.00175794816710375,0.0012516341554249,0.0024652414582881,490,0.0016435513070057499,0.0015533199164864,0.00175794816710375,0.0012516341554249,0.0024652414582881,0,,,,,
ACOLITE+T-Mart,20231008_ZRH,3,1,704,245,8.73,3.22,15.32,0.02,29.88,245,6.32,-0.94,14.17,-26.92,29.88,245,0.0001262954344015,4.878911838287125e-05,0.0002250431944906,2.693988962769109e-07,0.0004156826660543,245,0.0001262954344015,4.878911838287125e-05,0.0002250431944906,2.693988962769109e-07,0.0004156826660543,0,,,,,
C2RCC+T-Mart,20231008_ZRH,3,2,704,245,54.31,39.97,68.63,15.72,114.95,245,-54.31,-68.63,-39.97,-114.95,-15.72,245,0.0005205982963049,0.00042037891571,0.0006245338306663,0.0001777062181823,0.0009284848665094,245,0.0005205982963049,0.00042037891571,0.0006245338306663,0.0001777062181823,0.0009284848665094,0,,,,,
ACOLITE+RAdCor,20231008_ZRH,3,3,704,245,55.44,31.66,70.36,0.14,97.37,245,55.44,31.66,70.36,-16.97,97.37,245,0.0008751750871634,0.0004710789235185,0.0010308675314927,2.3789749657510736e-06,0.0013202315418826,245,0.0008751750871634,0.0004710789235185,0.0010308675314927,2.3789749657510736e-06,0.0013202315418826,0,,,,,
RAdCor+ACOLITE,20231008_ZRH,3,4,704,245,63.89,54.12,73.05,28.0,93.0,245,63.89,54.12,73.05,28.0,93.0,245,0.0009472398047436,0.0008440478454648,0.0010383234836909,0.0004689177501857,0.0013223965040396,245,0.0009472398047436,0.0008440478454648,0.0010383234836909,0.0004689177501857,0.0013223965040396,0,,,,,
GAAC,20231008_ZRH,3,5,704,245,69.19,56.99,80.56,35.67,108.4,245,69.19,56.99,80.56,35.67,108.4,245,0.0010133668285314,0.0008865915947337,0.0011539668330883,0.0006266286173912,0.0015522440392363,245,0.0010133668285314,0.0008865915947337,0.0011539668330883,0.0006266286173912,0.0015522440392363,0,,,,,
ACOLITE,20231008_ZRH,3,6,704,245,77.81,66.43,87.6,40.67,107.96,245,77.81,66.43,87.6,40.67,107.96,245,0.0011398379457702,0.0010369702049092,0.0012354020949226,0.0006780115425497,0.0014918699714343,245,0.0011398379457702,0.0010369702049092,0.0012354020949226,0.0006780115425497,0.0014918699714343,0,,,,,
Polymer+T-Mart,20231008_ZRH,3,7,704,245,129.36,102.9,161.98,53.06,258.2,245,-129.36,-161.98,-102.9,-258.2,-53.06,245,0.0008464838326175,0.0007460092090644,0.0009113282097274,0.000453525354058,0.001247903376587,245,0.0008464838326175,0.0007460092090644,0.0009113282097274,0.000453525354058,0.001247903376587,0,,,,,
C2RCC+RAdCor,20231008_ZRH,3,8,704,245,144.21,132.75,159.73,98.71,235.69,245,-144.21,-159.73,-132.75,-235.69,-98.71,245,0.000875374503681,0.0008109773366578,0.0009612325046972,0.000649871503681,0.0013704758496074,245,0.000875374503681,0.0008109773366578,0.0009612325046972,0.000649871503681,0.0013704758496074,0,,,,,
C2RCC,20231008_ZRH,3,9,704,245,192.33,178.39,206.66,140.32,279.18,245,-192.33,-206.66,-178.39,-279.18,-140.32,245,0.000968185877266,0.0009084816146477,0.0010590792479502,0.000757403536457,0.0014699643435549,245,0.000968185877266,0.0009084816146477,0.0010590792479502,0.000757403536457,0.0014699643435549,0,,,,,
Polymer+Radcor,20231008_ZRH,3,10,704,235,832.24,491.985,1054.13,216.52,7056.91,235,-832.24,-1054.13,-491.985,-7056.91,-216.52,235,0.0012921089227531,0.00122086133135655,0.0013998387199142,0.0009697423935843,0.0017571503314452,235,0.0012921089227531,0.00122086133135655,0.0013998387199142,0.0009697423935843,0.0017571503314452,0,,,,,
Polymer,20231008_ZRH,3,11,704,79,1928.16,1441.38,6311.83,623.01,14856.02,79,-1928.16,-6311.83,-1441.38,-14856.02,-623.01,79,0.0014581131619199,0.00135705785531645,0.0015499279390501501,0.0012062399192122,0.001870994794851,79,0.0014581131619199,0.00135705785531645,0.0015499279390501501,0.0012062399192122,0.001870994794851,0,,,,,
GAAC,20231008_ZRH,3,1,overall,490,6.640000000000001,4.26,11.58,0.66,33.18,490,2.38,-2.8850000000000002,10.26,-27.64,33.18,490,0.00051,0.0003,0.0007375,0.00012,0.00176,490,0.00061,0.00037,0.00083,0.0002,0.00186,490,2.992143035482682,2.068710380341301,4.907310641856645,1.1964888855784468,6.6761768235333365
ACOLITE,20231008_ZRH,3,2,overall,490,7.265,5.782500000000001,9.627500000000001,1.31,23.93,490,2.89,-2.17,6.7524999999999995,-21.32,17.24,490,0.00056,0.00047,0.00068,0.0002,0.00152,490,0.00067,0.00057,0.00077,0.00026,0.00173,490,4.0541299203442005,2.6343245266087743,5.02745146701458,1.6758790634158087,6.237602397177177
ACOLITE+RAdCor,20231008_ZRH,3,3,overall,490,8.58,5.782500000000001,12.945,0.76,40.6,490,-5.515,-10.985,-1.1575,-40.6,10.16,490,0.00055,0.0003725,0.00079,5e-05,0.00181,490,0.000655,0.0004325,0.00088,7e-05,0.00213,490,3.162850467683881,2.1092627716624532,4.348695790933232,0.3422487756711952,6.331253888198806
ACOLITE+T-Mart,20231008_ZRH,3,4,overall,490,9.175,5.8525,12.7575,1.64,26.35,490,2.42,-6.555,11.125,-26.35,23.42,490,0.00054,0.00036,0.00075,0.00012,0.00146,490,0.00065,0.00044,0.00084,0.00013,0.00179,490,2.219957236146506,1.8754717986881044,2.5187934293629404,0.3230226917059398,3.762677706708773
RAdCor+ACOLITE,20231008_ZRH,3,5,overall,490,12.42,8.205,16.1475,0.78,32.03,490,12.379999999999999,7.3825,16.135,-10.06,32.03,490,0.00066,0.00048,0.0009075,0.00022,0.00151,490,0.00072,0.0005625,0.00093,0.00027,0.00153,490,3.2142902471882095,2.5807621442908824,4.193991100729452,1.470645726933195,5.374290426242767
C2RCC+T-Mart,20231008_ZRH,3,6,overall,490,23.16,16.1575,30.395,4.87,57.27,490,-23.16,-30.395,-16.1575,-57.27,-1.95,490,0.0012850000000000001,0.00102,0.00157,0.00044,0.00294,490,0.00139,0.00115,0.0017,0.00046,0.00304,490,3.714079252804723,2.8906138767221963,4.785548240940333,1.914135103862947,6.774168936082351
Polymer+T-Mart,20231008_ZRH,3,7,overall,490,24.005000000000003,19.6375,26.2,5.13,46.79,490,-9.625,-16.3675,-3.8575,-46.79,9.8,490,0.0011949999999999999,0.00084,0.00134,0.00053,0.0021,490,0.00133,0.00097,0.00148,0.00061,0.00244,490,8.867392628719763,6.082452159368483,10.342795662258313,3.0649664674689925,12.602754185384406
Polymer+Radcor,20231008_ZRH,3,8,overall,490,31.335,27.2375,39.677499999999995,20.13,72.57,490,-3.07,-10.864999999999998,3.0075,-39.0,17.38,490,0.0014,0.00127,0.00149,0.00098,0.00227,490,0.00157,0.00144,0.00173,0.00114,0.00284,490,10.645352756405208,10.051650963968655,11.38901589195434,8.326241851150597,14.316940644050463
Polymer,20231008_ZRH,3,9,overall,490,32.885,29.76,45.402063401916784,20.43,81.08,490,6.145,-1.2675,11.7525,-34.8,27.729798315346837,490,0.00159,0.00147,0.001819585583890925,0.00129,0.0031186105303838,490,0.00192,0.00174,0.0022,0.00138,0.0037869722795716,490,11.077292791312917,10.063224027704265,13.193692360912614,8.919050595059176,16.041883117461825
C2RCC+RAdCor,20231008_ZRH,3,10,overall,490,43.53,18.020000000000003,60.905,7.33,97.24,490,-43.53,-60.905,-18.020000000000003,-97.24,-7.33,490,0.001955,0.00125,0.0023775000000000003,0.00064,0.00373,490,0.00218,0.00139,0.00264,0.00078,0.00415,490,4.540330103544939,3.985829946141614,5.736903598601899,2.904246675294784,7.766159059372403
C2RCC,20231008_ZRH,3,11,overall,490,58.795,30.872500000000002,73.4525,16.33,108.55,490,-58.795,-73.4525,-30.872500000000002,-108.55,-16.33,490,0.00225,0.0018425,0.00262,0.00111,0.00401,490,0.00249,0.0019524999999999998,0.00291,0.00119,0.00448,490,5.0969667009043045,4.671973526514979,5.882833206462528,3.701005535244617,8.193744222833558
ACOLITE,20231008_ZRH,4,1,443,314,4.555,2.0875,7.6275,0.04,22.38,314,1.375,-3.2775,5.0275,-22.38,20.2,314,0.0002604165988967,0.0001190836342438,0.00044377647089435,2.111238057374981e-06,0.0012875706556949,314,0.0002604165988967,0.0001190836342438,0.00044377647089435,2.111238057374981e-06,0.0012875706556949,0,,,,,
ACOLITE+T-Mart,20231008_ZRH,4,2,443,314,6.5,3.2699999999999996,11.717500000000001,0.14,32.34,314,5.3149999999999995,0.9325,10.7475,-23.31,32.34,314,0.00038017039872155,0.00018741397344065002,0.0006681555843183,8.229748393058685e-06,0.0016022305863687,314,0.00038017039872155,0.00018741397344065002,0.0006681555843183,8.229748393058685e-06,0.0016022305863687,0,,,,,
GAAC,20231008_ZRH,4,3,443,314,9.0,3.7525,14.2775,0.01,35.71,314,5.585,-2.255,13.677499999999998,-23.83,35.71,314,0.0005218018413388999,0.0002137574654413,0.000791605287879775,7.008523094731781e-07,0.0017624546693995,314,0.0005218018413388999,0.0002137574654413,0.000791605287879775,7.008523094731781e-07,0.0017624546693995,0,,,,,
ACOLITE+RAdCor,20231008_ZRH,4,4,443,314,9.69,5.4075,16.4625,0.16,40.67,314,-9.69,-16.4625,-5.4075,-40.67,4.65,314,0.00050618779164105,0.00028855079778525,0.000838877507831625,8.317186702490147e-06,0.0020353383984181,314,0.00050618779164105,0.00028855079778525,0.000838877507831625,8.317186702490147e-06,0.0020353383984181,0,,,,,
C2RCC+T-Mart,20231008_ZRH,4,5,443,314,13.795,8.8625,20.395,0.0,55.1,314,-13.795,-20.395,-8.4825,-55.1,12.66,314,0.00070952399451165,0.00045926188785485,0.0010092095439905,3.929501415662201e-08,0.0025011206070424,314,0.00070952399451165,0.00045926188785485,0.0010092095439905,3.929501415662201e-08,0.0025011206070424,0,,,,,
RAdCor+ACOLITE,20231008_ZRH,4,6,443,314,14.29,9.1775,18.587500000000002,0.04,34.22,314,14.29,9.1775,18.587500000000002,-8.11,34.22,314,0.00082533242021355,0.0005386935793831251,0.001042200857102975,2.327485363483664e-06,0.0017173621633844,314,0.00082533242021355,0.0005386935793831251,0.001042200857102975,2.327485363483664e-06,0.0017173621633844,0,,,,,
Polymer+T-Mart,20231008_ZRH,4,7,443,314,24.835,13.1425,37.402499999999996,0.59,61.17,314,24.835,13.1425,37.402499999999996,-9.04,61.17,314,0.00155035791829705,0.000738236624582125,0.00215115203116435,3.569136079161796e-05,0.0030307584723848,314,0.00155035791829705,0.000738236624582125,0.00215115203116435,3.569136079161796e-05,0.0030307584723848,0,,,,,
C2RCC+RAdCor,20231008_ZRH,4,8,443,314,29.725,9.075,55.9775,0.77,107.34,314,-29.725,-55.9775,-9.075,-107.34,6.75,314,0.00137251454199315,0.000469810498519825,0.002046251556889225,3.998888537215962e-05,0.0036445832088574,314,0.00137251454199315,0.000469810498519825,0.002046251556889225,3.998888537215962e-05,0.0036445832088574,0,,,,,
C2RCC,20231008_ZRH,4,9,443,314,42.315,27.54,55.4,14.25,92.6,314,-42.315,-55.4,-27.54,-92.6,-14.25,314,0.00173379726195905,0.0012553183117421,0.002069414975245925,0.0006516025983921,0.0031918344554797,314,0.00173379726195905,0.0012553183117421,0.002069414975245925,0.0006516025983921,0.0031918344554797,0,,,,,
Polymer+Radcor,20231008_ZRH,4,10,443,314,45.595,39.455,51.325,22.76,93.22,314,45.595,39.455,51.325,22.76,93.22,314,0.0026165027980489,0.0023548092393043,0.002889402258217425,0.0014866726817797,0.0046004415511204,314,0.0026165027980489,0.0023548092393043,0.002889402258217425,0.0014866726817797,0.0046004415511204,0,,,,,
Polymer,20231008_ZRH,4,11,443,314,60.765,53.335,68.705,31.46,126.34,314,60.765,53.335,68.705,31.46,126.34,314,0.00353183446635075,0.003108532112961725,0.003896290267427975,0.0022022145194016,0.0062348921828421,314,0.00353183446635075,0.003108532112961725,0.003896290267427975,0.0022022145194016,0.0062348921828421,0,,,,,
GAAC,20231008_ZRH,4,1,490,314,5.045,2.06,9.205,0.01,26.16,314,0.6799999999999999,-3.4875000000000003,6.635,-24.83,26.16,314,0.00046825305354,0.000184975200793475,0.0008322388317756749,1.4163543189255057e-06,0.0021717254969585,314,0.00046825305354,0.000184975200793475,0.0008322388317756749,1.4163543189255057e-06,0.0021717254969585,0,,,,,
ACOLITE+RAdCor,20231008_ZRH,4,2,490,314,5.58,2.64,10.64,0.02,40.72,314,-5.029999999999999,-10.64,0.48750000000000004,-40.72,8.78,314,0.00049004732990785,0.00022793480892544998,0.000913896099363,2.069854868412546e-06,0.0033784055318064,314,0.00049004732990785,0.00022793480892544998,0.000913896099363,2.069854868412546e-06,0.0033784055318064,0,,,,,
ACOLITE,20231008_ZRH,4,3,490,314,6.105,2.8025,9.377500000000001,0.06,33.22,314,-0.165,-5.2925,6.907500000000001,-33.22,19.09,314,0.0005380020048307999,0.0002476195565521,0.0008068523704432751,5.567755473136898e-06,0.0029114171098299,314,0.0005380020048307999,0.0002476195565521,0.0008068523704432751,5.567755473136898e-06,0.0029114171098299,0,,,,,
ACOLITE+T-Mart,20231008_ZRH,4,4,490,314,8.175,2.925,14.5,0.03,31.47,314,2.3,-3.1,13.352500000000001,-31.47,26.6,314,0.0007443633304521501,0.00026381216878067497,0.0012544571572619,2.568504365920224e-06,0.0027947382237143,314,0.0007443633304521501,0.00026381216878067497,0.0012544571572619,2.568504365920224e-06,0.0027947382237143,0,,,,,
Polymer+T-Mart,20231008_ZRH,4,5,490,314,8.41,2.6100000000000003,13.15,0.03,32.34,314,3.74,-1.7775,12.4375,-24.17,32.34,314,0.0007578962607359501,0.00024889553785499997,0.0011434157521758,2.615375545090768e-06,0.002437171494408,314,0.0007578962607359501,0.00024889553785499997,0.0011434157521758,2.615375545090768e-06,0.002437171494408,0,,,,,
RAdCor+ACOLITE,20231008_ZRH,4,6,490,314,8.965,4.95,14.7875,0.03,25.72,314,8.46,3.54,14.4875,-22.21,25.72,314,0.0008101123152711,0.000460059910157725,0.0012875638731875,2.557593441010128e-06,0.0021212495099134,314,0.0008101123152711,0.000460059910157725,0.0012875638731875,2.557593441010128e-06,0.0021212495099134,0,,,,,
Polymer+Radcor,20231008_ZRH,4,7,490,314,14.555,9.2025,20.785,0.12,40.68,314,14.555,9.0875,20.785,-9.59,40.68,314,0.0013186037364346002,0.000872758719014675,0.001818470465744,1.18893695297672e-05,0.0032828178595238,314,0.0013186037364346002,0.000872758719014675,0.001818470465744,1.18893695297672e-05,0.0032828178595238,0,,,,,
C2RCC+T-Mart,20231008_ZRH,4,8,490,314,16.564999999999998,9.3375,25.1625,0.08,66.21,314,-16.564999999999998,-25.1625,-9.3375,-66.21,8.76,314,0.00130618371916165,0.000756263788480025,0.0018472542890299749,6.69343117541861e-06,0.0046502811742952,314,0.00130618371916165,0.000756263788480025,0.0018472542890299749,6.69343117541861e-06,0.0046502811742952,0,,,,,
Polymer,20231008_ZRH,4,9,490,314,22.415,17.11,28.305,0.13,52.57,314,22.415,17.11,28.305,-0.97,52.57,314,0.0020253978745172,0.001639312566833,0.0024724760903169,1.507360929829324e-05,0.0040783712578814,314,0.0020253978745172,0.001639312566833,0.0024724760903169,1.507360929829324e-05,0.0040783712578814,0,,,,,
C2RCC+RAdCor,20231008_ZRH,4,10,490,314,30.73,10.32,50.2325,0.25,98.51,314,-30.73,-50.2325,-10.32,-98.51,3.05,314,0.0021169337468568,0.0008011168960369,0.0030945320491663,2.0488614781337747e-05,0.0057934129388222,314,0.0021169337468568,0.0008011168960369,0.0030945320491663,2.0488614781337747e-05,0.0057934129388222,0,,,,,
C2RCC,20231008_ZRH,4,11,490,314,37.905,24.974999999999998,47.86,13.72,80.65,314,-37.905,-47.86,-24.974999999999998,-80.65,-13.72,314,0.00255570279877115,0.0017143046058033001,0.0030472874296139252,0.0009642548881423,0.0051707611546962,314,0.00255570279877115,0.0017143046058033001,0.0030472874296139252,0.0009642548881423,0.0051707611546962,0,,,,,
Polymer,20231008_ZRH,4,1,560,314,4.6899999999999995,2.4925,8.495,0.0,23.42,314,0.535,-4.2775,4.7975,-23.13,23.42,314,0.0004646330126099,0.000251958677951925,0.00083628181075935,4.3213360719635e-09,0.0024972775708191,314,0.0004646330126099,0.000251958677951925,0.00083628181075935,4.3213360719635e-09,0.0024972775708191,0,,,,,
Polymer+Radcor,20231008_ZRH,4,2,560,314,5.609999999999999,2.9925,10.675,0.04,28.77,314,-4.895,-10.4275,-1.5525,-28.77,11.69,314,0.0005439158267736,0.0002947845128386,0.0010348395879630251,4.243633123089674e-06,0.0029699456341317,314,0.0005439158267736,0.0002947845128386,0.0010348395879630251,4.243633123089674e-06,0.0029699456341317,0,,,,,
ACOLITE+RAdCor,20231008_ZRH,4,3,560,314,6.02,2.9775,9.649999999999999,0.09,36.78,314,-1.15,-6.987500000000001,4.64,-36.78,14.17,314,0.0005982852409961001,0.00029931309711987497,0.000927481514549225,9.535028824806877e-06,0.0035744105010104,314,0.0005982852409961001,0.00029931309711987497,0.000927481514549225,9.535028824806877e-06,0.0035744105010104,0,,,,,
ACOLITE,20231008_ZRH,4,4,560,314,6.79,2.87,12.795,0.01,29.75,314,2.9050000000000002,-2.5599999999999996,11.21,-29.75,22.79,314,0.0007055664678504,0.00029153000397705,0.0012703085116356249,1.2882262873641775e-06,0.0030472726105523,314,0.0007055664678504,0.00029153000397705,0.0012703085116356249,1.2882262873641775e-06,0.0030472726105523,0,,,,,
GAAC,20231008_ZRH,4,5,560,314,6.975,4.2225,10.475,0.01,23.24,314,6.09,1.0425,9.865,-20.81,23.24,314,0.00071004812214715,0.00043600254108744997,0.001051508421856925,5.812551888990242e-07,0.0022222424407646,314,0.00071004812214715,0.00043600254108744997,0.001051508421856925,5.812551888990242e-07,0.0022222424407646,0,,,,,
ACOLITE+T-Mart,20231008_ZRH,4,6,560,314,8.04,3.755,12.1875,0.05,35.37,314,-0.44499999999999995,-6.9375,9.7925,-35.37,20.93,314,0.00082431418541185,0.000382236358670425,0.00120044631797285,5.276473754405736e-06,0.003472949425764,314,0.00082431418541185,0.000382236358670425,0.00120044631797285,5.276473754405736e-06,0.003472949425764,0,,,,,
RAdCor+ACOLITE,20231008_ZRH,4,7,560,314,9.18,4.675,13.5275,0.13,21.27,314,8.39,2.9625,13.25,-20.53,21.27,314,0.00092802409405225,0.000493658888900675,0.0013400958864070499,1.4106610766411246e-05,0.0022642892329764,314,0.00092802409405225,0.000493658888900675,0.0013400958864070499,1.4106610766411246e-05,0.0022642892329764,0,,,,,
Polymer+T-Mart,20231008_ZRH,4,8,560,314,11.385,8.0475,17.8125,0.03,38.53,314,-11.385,-17.8125,-8.0475,-38.53,7.67,314,0.00104448038170735,0.000735583628149675,0.001600525392122625,2.457231489191511e-06,0.0036966593819717,314,0.00104448038170735,0.000735583628149675,0.001600525392122625,2.457231489191511e-06,0.0036966593819717,0,,,,,
C2RCC+T-Mart,20231008_ZRH,4,9,560,314,16.09,11.83,25.2425,1.34,67.19,314,-16.09,-25.2425,-11.83,-67.19,-1.34,314,0.00142318662945515,0.001050813280919475,0.0021116741650513,0.0001282164017773,0.0053418331735309,314,0.00142318662945515,0.001050813280919475,0.0021116741650513,0.0001282164017773,0.0053418331735309,0,,,,,
C2RCC+RAdCor,20231008_ZRH,4,10,560,314,37.875,18.9,53.9225,8.99,105.66,314,-37.875,-53.9225,-18.9,-105.66,-8.99,314,0.00288400376276545,0.00158680698643395,0.0036420809620237,0.0007801091445868,0.0068286722707993,314,0.00288400376276545,0.00158680698643395,0.0036420809620237,0.0007801091445868,0.0068286722707993,0,,,,,
C2RCC,20231008_ZRH,4,11,560,314,55.735,31.91,66.275,19.49,114.16,314,-55.735,-66.275,-31.91,-114.16,-19.49,314,0.0036256354869540998,0.002446966375939425,0.004190762756906525,0.0015330880726205,0.0070853284868299,314,0.0036256354869540998,0.002446966375939425,0.004190762756906525,0.0015330880726205,0.0070853284868299,0,,,,,
ACOLITE+RAdCor,20231008_ZRH,4,1,665,314,9.825,4.79,16.737499999999997,0.06,44.79,314,1.8050000000000002,-10.567499999999999,9.47,-44.79,26.05,314,0.00023437374875815,0.0001117070325513,0.00040246637460607503,1.3266827880143404e-06,0.0008954483752818,314,0.00023437374875815,0.0001117070325513,0.00040246637460607503,1.3266827880143404e-06,0.0008954483752818,0,,,,,
ACOLITE+T-Mart,20231008_ZRH,4,2,665,314,17.425,7.285,29.9625,0.14,45.03,314,7.959999999999999,-5.7775,28.835,-35.94,45.03,314,0.00041315581723835003,0.000169777799613875,0.0007823269961483,3.116167551636684e-06,0.0011045372135894,314,0.00041315581723835003,0.000169777799613875,0.0007823269961483,3.116167551636684e-06,0.0011045372135894,0,,,,,
ACOLITE,20231008_ZRH,4,3,665,314,22.885,11.7825,36.195,0.18,54.23,314,22.885,11.4125,36.195,-13.3,54.23,314,0.00055979444526625,0.000288653713060375,0.0009761923920078,4.502945130705881e-06,0.0012953413276729,314,0.00055979444526625,0.000288653713060375,0.0009761923920078,4.502945130705881e-06,0.0012953413276729,0,,,,,
GAAC,20231008_ZRH,4,4,665,314,23.775,6.6725,42.095,0.07,97.59,314,18.200000000000003,3.8674999999999997,42.095,-29.68,97.59,314,0.0006078418509326,0.00017625266033314998,0.001026948945496725,1.892657583512248e-06,0.0019047720109841,314,0.0006078418509326,0.00017625266033314998,0.001026948945496725,1.892657583512248e-06,0.0019047720109841,0,,,,,
RAdCor+ACOLITE,20231008_ZRH,4,5,665,314,29.715000000000003,20.07,39.917500000000004,0.47,56.13,314,29.715000000000003,20.07,39.917500000000004,-6.02,56.13,314,0.0007510570748769,0.000500134422013425,0.0010152159913955,1.3536993757009598e-05,0.0013708464427647,314,0.0007510570748769,0.000500134422013425,0.0010152159913955,1.3536993757009598e-05,0.0013708464427647,0,,,,,
Polymer+T-Mart,20231008_ZRH,4,6,665,314,35.114999999999995,18.1675,53.1575,0.04,90.15,314,-35.114999999999995,-53.1575,-18.1675,-90.15,6.08,314,0.0006605250215423501,0.000374606633986125,0.0009375460147567749,8.610299073110068e-07,0.0015231724947693,314,0.0006605250215423501,0.000374606633986125,0.0009375460147567749,8.610299073110068e-07,0.0015231724947693,0,,,,,
Polymer+Radcor,20231008_ZRH,4,7,665,314,46.975,38.6125,55.8875,12.19,85.92,314,-46.975,-55.8875,-38.6125,-85.92,-12.19,314,0.0008077532326548501,0.0006946799500916,0.00096059444833,0.0002407162634383,0.0014270629286064,314,0.0008077532326548501,0.0006946799500916,0.00096059444833,0.0002407162634383,0.0014270629286064,0,,,,,
Polymer,20231008_ZRH,4,8,665,314,53.585,33.9725,79.345,3.08,133.86,314,-53.585,-79.345,-33.9725,-133.86,-3.08,314,0.0008870883670466501,0.000677317888672625,0.001086942878182925,6.617143138688483e-05,0.0015990314866919,314,0.0008870883670466501,0.000677317888672625,0.001086942878182925,6.617143138688483e-05,0.0015990314866919,0,,,,,
C2RCC+T-Mart,20231008_ZRH,4,9,665,314,72.535,52.9325,85.0875,14.55,134.9,314,-72.535,-85.0875,-52.9325,-134.9,-14.55,314,0.0010760983374004,0.0008013693298972999,0.001257256156920025,0.0002805124746104,0.0019470094487032,314,0.0010760983374004,0.0008013693298972999,0.001257256156920025,0.0002805124746104,0.0019470094487032,0,,,,,
C2RCC+RAdCor,20231008_ZRH,4,10,665,314,114.12,94.7625,135.92249999999999,71.06,213.44,314,-114.12,-135.92249999999999,-94.7625,-213.44,-71.06,314,0.001327096098602,0.0012210658607732,0.001503434287824325,0.0009786168041943,0.0020668659284237,314,0.001327096098602,0.0012210658607732,0.001503434287824325,0.0009786168041943,0.0020668659284237,0,,,,,
C2RCC,20231008_ZRH,4,11,665,314,150.51,119.60249999999999,177.675,91.69,269.48,314,-150.51,-177.675,-119.60249999999999,-269.48,-91.69,314,0.0014979111281348502,0.00138632063619285,0.001651786110027925,0.0010971218596464,0.0022204308294767,314,0.0014979111281348502,0.00138632063619285,0.001651786110027925,0.0010971218596464,0.0022204308294767,0,,,,,
ACOLITE+T-Mart,20231008_ZRH,4,1,704,157,18.02,10.39,27.15,0.11,66.74,157,17.11,8.2,25.89,-50.92,66.74,157,0.0002515593081282,0.000149234264194,0.0003622200277833,1.6064119952321175e-06,0.000840247421473,157,0.0002515593081282,0.000149234264194,0.0003622200277833,1.6064119952321175e-06,0.000840247421473,0,,,,,
C2RCC+T-Mart,20231008_ZRH,4,2,704,157,45.84,33.93,57.37,3.83,112.78,157,-45.84,-57.37,-33.93,-112.78,-3.83,157,0.0004288770563501,0.0003410517599459,0.0005282010746931,4.545083718605382e-05,0.0009561807455365,157,0.0004288770563501,0.0003410517599459,0.0005282010746931,4.545083718605382e-05,0.0009561807455365,0,,,,,
ACOLITE+RAdCor,20231008_ZRH,4,3,704,157,63.32,44.81,78.77,0.69,137.33,157,63.32,44.81,78.77,-12.93,137.33,157,0.0008691376994609,0.0006105038588854,0.0011077038033549,1.0960620592713247e-05,0.0017290285778639,157,0.0008691376994609,0.0006105038588854,0.0011077038033549,1.0960620592713247e-05,0.0017290285778639,0,,,,,
RAdCor+ACOLITE,20231008_ZRH,4,4,704,157,79.87,67.41,89.99,16.18,132.62,157,79.87,67.41,89.99,16.18,132.62,157,0.0011140126920429,0.0009792963691278,0.0012264277251342,0.0002918401543984,0.0016697443080542,157,0.0011140126920429,0.0009792963691278,0.0012264277251342,0.0002918401543984,0.0016697443080542,0,,,,,
GAAC,20231008_ZRH,4,5,704,157,84.45,72.92,97.2,33.72,165.29,157,84.45,72.92,97.2,33.72,165.29,157,0.0011788535518549,0.001034414979272,0.0013423863384512,0.0006082427343537,0.0018340937560651,157,0.0011788535518549,0.001034414979272,0.0013423863384512,0.0006082427343537,0.0018340937560651,0,,,,,
Polymer+T-Mart,20231008_ZRH,4,6,704,157,93.51,73.73,126.15,36.52,244.94,157,-93.51,-126.15,-73.73,-244.94,-36.52,157,0.0006730857167626,0.0005736443286932,0.0007909930174387,0.0003263523110641,0.0012810252391179,157,0.0006730857167626,0.0005736443286932,0.0007909930174387,0.0003263523110641,0.0012810252391179,0,,,,,
ACOLITE,20231008_ZRH,4,7,704,157,95.49,81.99,104.4,30.55,150.71,157,95.49,81.99,104.4,30.55,150.71,157,0.0013166617827972,0.0011914947630364,0.0014117524432065,0.0005511918381789,0.0018708631852117,157,0.0013166617827972,0.0011914947630364,0.0014117524432065,0.0005511918381789,0.0018708631852117,0,,,,,
C2RCC+RAdCor,20231008_ZRH,4,8,704,157,127.49,112.19,147.73,74.88,215.68,157,-127.49,-147.73,-112.19,-215.68,-74.88,157,0.0007712365856003,0.0006989006491875,0.0008810752953427,0.0005346193361214,0.0012325562794721,157,0.0007712365856003,0.0006989006491875,0.0008810752953427,0.0005346193361214,0.0012325562794721,0,,,,,
C2RCC,20231008_ZRH,4,9,704,157,175.23,160.03,199.33,121.23,285.19,157,-175.23,-199.33,-160.03,-285.19,-121.23,157,0.0008787810730304,0.0008101980840044,0.0009731078180817,0.0006268164353346,0.0013356830942392,157,0.0008787810730304,0.0008101980840044,0.0009731078180817,0.0006268164353346,0.0013356830942392,0,,,,,
Polymer+Radcor,20231008_ZRH,4,10,704,154,533.9200000000001,337.18,1183.8975,158.6,4801.03,154,-533.9200000000001,-1183.8975,-337.18,-4801.03,-158.6,154,0.0011466344322815,0.001045799093014275,0.00128276181484775,0.0007695813029631,0.0017373616807211,154,0.0011466344322815,0.001045799093014275,0.00128276181484775,0.0007695813029631,0.0017373616807211,0,,,,,
Polymer,20231008_ZRH,4,11,704,71,1662.92,812.9749999999999,3621.545,569.16,12593.92,71,-1662.92,-3621.545,-812.9749999999999,-12593.92,-569.16,71,0.0012934441514058,0.0012210575004113502,0.00138376444544985,0.001036436473342,0.0015800081281992,71,0.0012934441514058,0.0012210575004113502,0.00138376444544985,0.001036436473342,0.0015800081281992,0,,,,,
ACOLITE+RAdCor,20231008_ZRH,4,1,overall,314,7.6850000000000005,5.1325,10.762500000000001,1.72,37.86,314,-2.505,-9.07,2.3425,-37.86,10.02,314,0.00049,0.00038,0.00069,0.00014,0.00198,314,0.000585,0.00045,0.0007675,0.00017,0.00241,314,3.4335796461460415,2.366001077861211,4.126553976452729,0.8790110278066634,6.693352895711588
ACOLITE,20231008_ZRH,4,2,overall,314,7.83,5.31,11.0075,0.93,29.75,314,4.9350000000000005,0.02,9.7925,-22.38,21.49,314,0.00061,0.00047,0.0008075,0.0002,0.00165,314,0.00073,0.00064,0.00092,0.00029,0.002,314,4.331594379520171,3.102261224643131,5.387698637255413,1.747021434719901,6.984073824395252
GAAC,20231008_ZRH,4,3,overall,314,8.36,5.23,13.7525,0.57,35.71,314,6.005000000000001,1.3450000000000002,13.285,-22.8,35.71,314,0.00061,0.00035,0.0009075,0.0001,0.00195,314,0.0007,0.0004325,0.0009575,0.00011,0.00196,314,3.6929927006294996,1.9321247072413865,4.879703279098672,0.6830621431837595,7.140353839094625
ACOLITE+T-Mart,20231008_ZRH,4,4,overall,314,8.495000000000001,4.672499999999999,13.8,1.25,35.37,314,3.5650000000000004,-2.4575,13.02,-35.37,29.43,314,0.000515,0.00028,0.00097,0.0001,0.00178,314,0.000595,0.00035,0.00101,0.00013,0.00212,314,2.031402703974691,1.7730088876908106,2.2886286315790056,0.9508965063465652,3.655529295391661
RAdCor+ACOLITE,20231008_ZRH,4,5,overall,314,15.105,10.4575,18.44,1.13,29.37,314,15.055,9.875,18.435000000000002,-8.11,29.37,314,0.00084,0.0006225,0.00115,0.00025,0.00171,314,0.00089,0.0007,0.00117,0.00033,0.00175,314,3.0866209885669913,2.5301407738421573,4.309886062384606,1.7126011417801312,5.811139987988067
C2RCC+T-Mart,20231008_ZRH,4,6,overall,314,18.244999999999997,11.942499999999999,26.2025,3.83,67.19,314,-18.244999999999997,-26.2025,-11.942499999999999,-67.19,1.75,314,0.001005,0.00081,0.0014075,0.00028,0.00299,314,0.00111,0.0008625,0.00153,0.00032,0.00345,314,3.4786569999306485,2.5103156214150446,4.343552291215557,1.8377637958492767,6.262013619829115
Polymer+T-Mart,20231008_ZRH,4,7,overall,314,22.575000000000003,15.76,25.487499999999997,5.17,38.53,314,-6.04,-13.43,0.865,-38.53,19.37,314,0.00118,0.00071,0.0013,0.00037,0.00169,314,0.0013,0.00082,0.00145,0.00044,0.00205,314,8.650755038531933,5.943277969444561,9.873032666716412,3.645308506106002,11.277791833228845
Polymer+Radcor,20231008_ZRH,4,8,overall,314,31.92,28.762500000000003,39.6275,20.36,60.74,314,-0.705,-6.18,7.8774999999999995,-28.77,24.29,314,0.00136,0.00127,0.00147,0.00093,0.0021359394320175,314,0.00157,0.00144,0.00173,0.00106,0.0026923835734211,314,10.309916719127482,9.64138486472972,10.990519819639285,8.37065961960249,13.60753215104772
Polymer,20231008_ZRH,4,9,overall,314,33.67071281131303,30.06,49.91989518693485,22.22,79.8,314,9.50895246119985,1.04,15.8375,-21.73,37.23,314,0.00167,0.00157,0.0018867966096168,0.00134,0.0030884881810702,314,0.00206,0.00193,0.0022878216799026,0.00146,0.003802476060647,314,10.925466603674176,9.522294168677632,12.981663392797326,8.525992706221812,15.173625722951495
C2RCC+RAdCor,20231008_ZRH,4,10,overall,314,34.24,14.18,57.84,6.49,107.34,314,-34.24,-57.84,-14.18,-107.34,-3.23,314,0.001805,0.0010225,0.0021675,0.00058,0.00389,314,0.00199,0.0011324999999999998,0.0024149999999999996,0.00072,0.00445,314,4.22861551710212,3.6182846463086036,5.021629804520658,2.7832482906381744,6.9588711970377775
C2RCC,20231008_ZRH,4,11,overall,314,53.66,29.509999999999998,66.315,18.53,114.16,314,-53.66,-66.315,-29.509999999999998,-114.16,-18.53,314,0.002125,0.00167,0.0024075,0.00115,0.00377,314,0.00234,0.00174,0.0026675,0.00122,0.00432,314,4.857467184082391,4.439622883072349,5.6764082727190885,3.4376870033654345,7.746431889371642
ACOLITE,20240618_BIE,1,1,443,91,13.62,5.95,20.155,1.1,37.51,91,13.62,5.71,20.155,-9.46,37.51,91,0.0004434764641098,0.00018852360823379998,0.00062493941608415,3.563342717492583e-05,0.0011214213132712,91,0.0004434764641098,0.00018852360823379998,0.00062493941608415,3.563342717492583e-05,0.0011214213132712,0,,,,,
ACOLITE+T-Mart,20240618_BIE,1,2,443,91,25.25,17.424999999999997,33.14,2.56,52.18,91,25.25,17.424999999999997,33.14,2.56,52.18,91,0.0008147462723746,0.00055524026633945,0.00101401024825475,8.553885129404049e-05,0.0015599354788515,91,0.0008147462723746,0.00055524026633945,0.00101401024825475,8.553885129404049e-05,0.0015599354788515,0,,,,,
GAAC,20240618_BIE,1,3,443,91,26.0,15.46,35.825,7.31,78.82,91,26.0,15.46,35.825,-9.4,78.82,91,0.0008013470828668,0.000502311536015,0.0011129692110866001,0.0002372143661334,0.0023565053614613,91,0.0008013470828668,0.000502311536015,0.0011129692110866001,0.0002372143661334,0.0023565053614613,0,,,,,
ACOLITE+RAdCor,20240618_BIE,1,4,443,91,41.52,32.325,48.019999999999996,22.68,71.72,91,41.52,32.325,48.019999999999996,22.68,71.72,91,0.0013151553464624,0.0010296978489463,0.0015354051573096,0.0007588976455957,0.0021442481934878,91,0.0013151553464624,0.0010296978489463,0.0015354051573096,0.0007588976455957,0.0021442481934878,0,,,,,
RAdCor+ACOLITE,20240618_BIE,1,5,443,91,61.73,50.71,68.07,33.3,88.29,91,61.73,50.71,68.07,33.3,88.29,91,0.0019539176622431,0.0016339979750925999,0.0021315094635529002,0.0011144221222133,0.00267442521054,91,0.0019539176622431,0.0016339979750925999,0.0021315094635529002,0.0011144221222133,0.00267442521054,0,,,,,
C2RCC,20240618_BIE,1,6,443,91,99.3,90.935,109.62,77.44,139.56,91,-99.3,-109.62,-90.935,-139.56,-77.44,91,0.0015953970999413,0.0014732910973132502,0.0016953675099352001,0.001295283555049,0.0019898746082068,91,0.0015953970999413,0.0014732910973132502,0.0016953675099352001,0.001295283555049,0.0019898746082068,0,,,,,
C2RCC+T-Mart,20240618_BIE,1,7,443,91,107.07,97.32,114.73,80.48,139.63,91,-107.07,-114.73,-97.32,-139.63,-80.48,91,0.0016492981531976,0.001528838190512,0.0017204671222653001,0.0013331407427153,0.0019903143905694,91,0.0016492981531976,0.001528838190512,0.0017204671222653001,0.0013331407427153,0.0019903143905694,0,,,,,
C2RCC+RAdCor,20240618_BIE,1,8,443,91,114.1,104.67500000000001,123.7,90.52,143.72,91,-114.1,-123.7,-104.67500000000001,-143.72,-90.52,91,0.0016790970388208,0.00157855037281565,0.00180117933831555,0.0013766465530663,0.0019736066593575,91,0.0016790970388208,0.00157855037281565,0.00180117933831555,0.0013766465530663,0.0019736066593575,0,,,,,
Polymer+Radcor,20240618_BIE,1,9,443,91,172.53,149.76999999999998,188.94,122.48,220.97,91,172.53,149.76999999999998,188.94,122.48,220.97,91,0.0056005109892398,0.0047717110952086,0.0059130379412496,0.004099281284366,0.0066060682290418,91,0.0056005109892398,0.0047717110952086,0.0059130379412496,0.004099281284366,0.0066060682290418,0,,,,,
Polymer+T-Mart,20240618_BIE,1,10,443,91,217.53,205.905,228.385,171.65,266.05,91,217.53,205.905,228.385,171.65,266.05,91,0.0068869297663582,0.00648897546779785,0.00722494501430565,0.0057447052790354,0.0079538613945427,91,0.0068869297663582,0.00648897546779785,0.00722494501430565,0.0057447052790354,0.0079538613945427,0,,,,,
Polymer,20240618_BIE,1,11,443,91,238.24,223.66,248.79500000000002,191.41,282.66,91,238.24,223.66,248.79500000000002,191.41,282.66,91,0.007492487280579,0.0071644354781158995,0.007803675436137849,0.0064059707550083,0.0084503509283824,91,0.007492487280579,0.0071644354781158995,0.007803675436137849,0.0064059707550083,0.0084503509283824,0,,,,,
ACOLITE,20240618_BIE,1,1,490,91,8.43,5.54,13.045,0.75,20.6,91,4.49,-6.34,10.934999999999999,-20.6,19.03,91,0.0003743147731833,0.0002416385696407,0.0005917625698149,3.328459042954441e-05,0.0008619578301436,91,0.0003743147731833,0.0002416385696407,0.0005917625698149,3.328459042954441e-05,0.0008619578301436,0,,,,,
ACOLITE+T-Mart,20240618_BIE,1,2,490,91,12.07,4.775,18.83,0.07,27.89,91,12.07,1.26,18.83,-11.08,27.89,91,0.00056176973985,0.00021677939596425,0.0008834635426702,3.330833415984835e-06,0.0012632176957554,91,0.00056176973985,0.00021677939596425,0.0008834635426702,3.330833415984835e-06,0.0012632176957554,0,,,,,
ACOLITE+RAdCor,20240618_BIE,1,3,490,91,28.92,19.625,34.44,6.33,47.76,91,28.92,19.625,34.44,6.33,47.76,91,0.0013187519876711,0.0008994984655741,0.0015893176720334,0.0002984372221119,0.0021634131416208,91,0.0013187519876711,0.0008994984655741,0.0015893176720334,0.0002984372221119,0.0021634131416208,0,,,,,
RAdCor+ACOLITE,20240618_BIE,1,4,490,91,32.15,22.875,39.28,8.34,50.12,91,32.15,22.875,39.28,8.34,50.12,91,0.0014968044284393,0.00105644719891445,0.0018331997230756,0.0003932197831757,0.0022380608468401,91,0.0014968044284393,0.00105644719891445,0.0018331997230756,0.0003932197831757,0.0022380608468401,0,,,,,
GAAC,20240618_BIE,1,5,490,91,33.69,24.225,44.254999999999995,3.82,70.95,91,33.69,24.225,44.254999999999995,3.82,70.95,91,0.0015756631945368,0.0010919414496644501,0.00206549786248495,0.000178107397984,0.0032134379022479,91,0.0015756631945368,0.0010919414496644501,0.00206549786248495,0.000178107397984,0.0032134379022479,0,,,,,
C2RCC,20240618_BIE,1,6,490,91,66.66,62.39,75.03999999999999,53.7,91.88,91,-66.66,-75.03999999999999,-62.39,-91.88,-53.7,91,0.0018677440745251,0.0017726279739440501,0.0020044357622296003,0.0015601494263232,0.0022023806585615,91,0.0018677440745251,0.0017726279739440501,0.0020044357622296003,0.0015601494263232,0.0022023806585615,0,,,,,
C2RCC+RAdCor,20240618_BIE,1,7,490,91,68.19,65.205,75.715,57.95,89.76,91,-68.19,-75.715,-65.205,-89.76,-57.95,91,0.0018839841124625,0.0018096212696597,0.001989652437301,0.0016226930026146,0.0022161056625116,91,0.0018839841124625,0.0018096212696597,0.001989652437301,0.0016226930026146,0.0022161056625116,0,,,,,
C2RCC+T-Mart,20240618_BIE,1,8,490,91,69.42,65.345,77.66499999999999,56.84,88.84,91,-69.42,-77.66499999999999,-65.345,-88.84,-56.84,91,0.0018989604314624,0.00183928135276155,0.0020128723040932998,0.0016184257031127,0.0022176970020362,91,0.0018989604314624,0.00183928135276155,0.0020128723040932998,0.0016184257031127,0.0022176970020362,0,,,,,
Polymer+Radcor,20240618_BIE,1,9,490,91,131.53,113.805,142.77999999999997,97.02,160.35,91,131.53,113.805,142.77999999999997,97.02,160.35,91,0.0060960820084697,0.005258228588554251,0.00658267913267875,0.0045733588007123,0.0072626479612763,91,0.0060960820084697,0.005258228588554251,0.00658267913267875,0.0045733588007123,0.0072626479612763,0,,,,,
Polymer+T-Mart,20240618_BIE,1,10,490,91,168.57,157.66,174.165,139.56,195.56,91,168.57,157.66,174.165,139.56,195.56,91,0.0077220964190896,0.00730292697703055,0.008101695044227999,0.0065791659875498,0.0088572623447216,91,0.0077220964190896,0.00730292697703055,0.008101695044227999,0.0065791659875498,0.0088572623447216,0,,,,,
Polymer,20240618_BIE,1,11,490,91,184.8,175.155,191.85000000000002,156.58,211.33,91,184.8,175.155,191.85000000000002,156.58,211.33,91,0.0084572836597527,0.0081174625140328,0.00886454413686915,0.0073813337600724,0.0095719064605361,91,0.0084572836597527,0.0081174625140328,0.00886454413686915,0.0073813337600724,0.0095719064605361,0,,,,,
ACOLITE,20240618_BIE,1,1,560,91,5.89,2.805,9.2,0.01,15.19,91,0.01,-5.865,5.87,-15.19,13.48,91,0.0003493091921403,0.00017017160641965,0.0005692415663200001,4.81352458477427e-07,0.0008292005851702,91,0.0003493091921403,0.00017017160641965,0.0005692415663200001,4.81352458477427e-07,0.0008292005851702,0,,,,,
ACOLITE+T-Mart,20240618_BIE,1,2,560,91,6.05,3.29,10.934999999999999,0.01,15.45,91,1.48,-4.67,7.575,-13.84,15.45,91,0.0003652304989202,0.00019632522402115,0.00064911517468175,6.20922184944514e-07,0.0009469446930952,91,0.0003652304989202,0.00019632522402115,0.00064911517468175,6.20922184944514e-07,0.0009469446930952,0,,,,,
RAdCor+ACOLITE,20240618_BIE,1,3,560,91,8.02,5.18,13.655000000000001,0.12,22.09,91,8.02,1.9249999999999998,13.655000000000001,-6.88,22.09,91,0.0004760289661228,0.0003089640817618,0.0008491641605372999,7.554635869026598e-06,0.001353744531042,91,0.0004760289661228,0.0003089640817618,0.0008491641605372999,7.554635869026598e-06,0.001353744531042,0,,,,,
ACOLITE+RAdCor,20240618_BIE,1,4,560,91,13.33,6.4399999999999995,17.355,0.07,27.61,91,13.33,6.4399999999999995,17.355,-0.94,27.61,91,0.0008082280125558,0.0003929481327564,0.0010702780679322,4.313375788927466e-06,0.0016919505987234,91,0.0008082280125558,0.0003929481327564,0.0010702780679322,4.313375788927466e-06,0.0016919505987234,0,,,,,
GAAC,20240618_BIE,1,5,560,91,43.14,35.89,51.225,22.98,72.66,91,43.14,35.89,51.225,22.98,72.66,91,0.0027606336505365,0.0021993912696115,0.0031689405854473,0.0014254345374344,0.0044528720291602,91,0.0027606336505365,0.0021993912696115,0.0031689405854473,0.0014254345374344,0.0044528720291602,0,,,,,
Polymer+Radcor,20240618_BIE,1,6,560,91,53.72,49.825,62.735,40.79,74.57,91,53.72,49.825,62.735,40.79,74.57,91,0.0034082304000688,0.0030262391627495,0.0039104604093072,0.0025482931920931,0.0045431989093402,91,0.0034082304000688,0.0030262391627495,0.0039104604093072,0.0025482931920931,0.0045431989093402,0,,,,,
C2RCC+RAdCor,20240618_BIE,1,7,560,91,66.49,62.474999999999994,71.36,53.67,85.72,91,-66.49,-71.36,-62.474999999999994,-85.72,-53.67,91,0.0024970965007752,0.0023157731681011,0.00262290364504865,0.0020881903581098,0.0029254432776523,91,0.0024970965007752,0.0023157731681011,0.00262290364504865,0.0020881903581098,0.0029254432776523,0,,,,,
Polymer+T-Mart,20240618_BIE,1,8,560,91,76.87,72.35,85.275,65.93,94.87,91,76.87,72.35,85.275,65.93,94.87,91,0.0048113676719097,0.00451303188260315,0.0050603059996907,0.004122195856938,0.005813801450846,91,0.0048113676719097,0.00451303188260315,0.0050603059996907,0.004122195856938,0.005813801450846,0,,,,,
Polymer,20240618_BIE,1,9,560,91,87.91,84.095,97.325,78.03,106.25,91,87.91,84.095,97.325,78.03,106.25,91,0.0055519443911688,0.0052635473255988,0.005802246052909301,0.0048744866473653,0.006478798629131,91,0.0055519443911688,0.0052635473255988,0.005802246052909301,0.0048744866473653,0.006478798629131,0,,,,,
C2RCC+T-Mart,20240618_BIE,1,10,560,91,101.79,95.515,108.855,83.77,126.81,91,-101.79,-108.855,-95.515,-126.81,-83.77,91,0.0031537106867027,0.00298686470546275,0.00324554578889795,0.0027164734909109,0.0035147719796389,91,0.0031537106867027,0.00298686470546275,0.00324554578889795,0.0027164734909109,0.0035147719796389,0,,,,,
C2RCC,20240618_BIE,1,11,560,91,114.22,107.435,122.565,94.56,141.43,91,-114.22,-122.565,-107.435,-141.43,-94.56,91,0.003329630452432,0.00317346301305925,0.0034287395319378498,0.0028964537187276,0.0036825915655311,91,0.003329630452432,0.00317346301305925,0.0034287395319378498,0.0028964537187276,0.0036825915655311,0,,,,,
RAdCor+ACOLITE,20240618_BIE,1,1,665,91,8.79,3.155,20.705,0.02,50.16,91,-2.03,-16.795,4.525,-50.16,25.44,91,0.0001354981631174,4.91818914564252e-05,0.00029354027624855,3.648020618558269e-07,0.0006007667435278,91,0.0001354981631174,4.91818914564252e-05,0.00029354027624855,3.648020618558269e-07,0.0006007667435278,0,,,,,
Polymer+Radcor,20240618_BIE,1,2,665,91,10.68,6.67,14.850000000000001,0.18,30.14,91,10.68,6.67,14.850000000000001,-6.06,30.14,91,0.0001762071584237,0.00010331263037115,0.000241103945416,3.146928290389964e-06,0.0004642191329125,91,0.0001762071584237,0.00010331263037115,0.000241103945416,3.146928290389964e-06,0.0004642191329125,0,,,,,
ACOLITE+RAdCor,20240618_BIE,1,3,665,91,23.31,12.215,31.729999999999997,0.03,55.53,91,23.31,12.215,31.729999999999997,-6.15,55.53,91,0.000382983455602,0.00019981043601475,0.00050353366808645,5.639085652231392e-07,0.0008552414977577,91,0.000382983455602,0.00019981043601475,0.00050353366808645,5.639085652231392e-07,0.0008552414977577,0,,,,,
Polymer+T-Mart,20240618_BIE,1,4,665,91,23.89,20.16,28.43,9.74,43.35,91,23.89,20.16,28.43,9.74,43.35,91,0.0003920290486846,0.000332881687564,0.0004523169899517,0.0001751781817355,0.0006676781360012,91,0.0003920290486846,0.000332881687564,0.0004523169899517,0.0001751781817355,0.0006676781360012,0,,,,,
Polymer,20240618_BIE,1,5,665,91,31.46,27.42,36.745,17.05,51.06,91,31.46,27.42,36.745,17.05,51.06,91,0.0005265021213119,0.00046188773177315,0.00058530790924655,0.0003066891164011,0.000786375944091,91,0.0005265021213119,0.00046188773177315,0.00058530790924655,0.0003066891164011,0.000786375944091,0,,,,,
ACOLITE+T-Mart,20240618_BIE,1,6,665,91,59.78,46.62,130.735,14.59,212.84,91,-59.78,-130.735,-46.62,-212.84,-14.59,91,0.0006192759594688,0.0005131518750917999,0.00088883850480815,0.000196036821452,0.0011991565735025,91,0.0006192759594688,0.0005131518750917999,0.00088883850480815,0.000196036821452,0.0011991565735025,0,,,,,
ACOLITE,20240618_BIE,1,7,665,91,91.72,75.685,206.75,33.63,357.28,91,-91.72,-206.75,-75.685,-357.28,-33.63,91,0.0007994266327278,0.00069471647076845,0.0010671149059377,0.0003876201195987,0.0013750010149033,91,0.0007994266327278,0.00069471647076845,0.0010671149059377,0.0003876201195987,0.0013750010149033,0,,,,,
C2RCC+RAdCor,20240618_BIE,1,8,665,91,155.9,148.425,161.98,130.42,188.88,91,-155.9,-161.98,-148.425,-188.88,-130.42,91,0.0010138937119188,0.0009623482137959001,0.0010498823001055,0.0008662467805467,0.0011552494095368,91,0.0010138937119188,0.0009623482137959001,0.0010498823001055,0.0008662467805467,0.0011552494095368,0,,,,,
GAAC,20240618_BIE,1,9,665,91,193.37,175.14,212.94,131.3,294.27,91,193.37,175.14,212.94,131.3,294.27,91,0.0032156394121597,0.0028631894527340503,0.0034314486355816,0.0022875171536706,0.0045321338013496,91,0.0032156394121597,0.0028631894527340503,0.0034314486355816,0.0022875171536706,0.0045321338013496,0,,,,,
C2RCC+T-Mart,20240618_BIE,1,10,665,91,243.14,235.57999999999998,255.685,205.76,285.18,91,-243.14,-255.685,-235.57999999999998,-285.18,-205.76,91,0.0011758737132159,0.0011254790419704,0.0012200424415868502,0.0010196012183253,0.0013314878815473,91,0.0011758737132159,0.0011254790419704,0.0012200424415868502,0.0010196012183253,0.0013314878815473,0,,,,,
C2RCC,20240618_BIE,1,11,665,91,265.94,255.64999999999998,275.41999999999996,217.42,294.13,91,-265.94,-275.41999999999996,-255.64999999999998,-294.13,-217.42,91,0.0012059364024992,0.0011512433390083502,0.0012478604831648,0.0010241905800893,0.0013420809372498,91,0.0012059364024992,0.0011512433390083502,0.0012478604831648,0.0010241905800893,0.0013420809372498,0,,,,,
ACOLITE,20240618_BIE,1,1,overall,91,11.73,7.925,16.509999999999998,5.47,26.12,91,2.24,-6.315,7.425,-17.42,16.22,91,0.00049,0.00043,0.00062,0.00034,0.00081,91,0.00058,0.00051,0.000635,0.00044,0.00089,91,6.316844579151967,5.837834961205129,7.747479686779736,4.560121375801245,9.453841744294554
ACOLITE+T-Mart,20240618_BIE,1,2,overall,91,18.62,12.649999999999999,23.095,5.98,32.55,91,6.69,-1.8399999999999999,12.145,-12.01,21.51,91,0.00058,0.00049,0.0007,0.00035,0.00101,91,0.00065,0.00057,0.00076,0.00047,0.00111,91,6.901492070587812,6.4293085926038245,7.701881047760223,4.925293736682408,9.204655164835785
RAdCor+ACOLITE,20240618_BIE,1,3,overall,91,22.05,19.985,26.134999999999998,15.78,36.85,91,19.92,12.07,25.5,1.46,36.85,91,0.00099,0.000775,0.00121,0.00059,0.00165,91,0.00125,0.001,0.001455,0.00067,0.00187,91,9.204846955309264,8.7176663536065,9.54409913094582,5.32439462592595,10.384535184791623
ACOLITE+RAdCor,20240618_BIE,1,4,overall,91,25.9,15.78,33.575,4.25,51.6,91,25.9,15.78,33.575,3.31,51.6,91,0.00096,0.000625,0.00114,0.00028,0.00171,91,0.00105,0.000725,0.00123,0.00041,0.00179,91,5.133231291361508,4.529893807971444,5.6628532305655215,2.007390996845878,6.864592408101854
GAAC,20240618_BIE,1,5,overall,91,38.51,30.125,46.635000000000005,15.17,75.72,91,38.51,30.125,46.635000000000005,13.12,75.72,91,0.00207,0.00167,0.0024000000000000002,0.00104,0.00364,91,0.0023,0.001905,0.00259,0.00136,0.00375,91,11.864765992864267,11.626023986931582,12.282393536118235,10.653092594616696,13.173265060294598
Polymer+Radcor,20240618_BIE,1,6,overall,91,89.07,79.675,98.18,67.11,112.92,91,89.07,79.675,98.18,67.11,112.92,91,0.00385,0.003295,0.004165,0.00283,0.00472,91,0.00449,0.003865,0.00485,0.00333,0.00541,91,13.596177182670392,12.664144736042676,14.603985605744018,10.853158384615853,15.556905806513733
C2RCC+RAdCor,20240618_BIE,1,7,overall,91,89.31,85.755,97.62,75.74,114.0,91,-89.31,-97.62,-85.755,-114.0,-75.74,91,0.00177,0.00171,0.00183,0.00154,0.00205,91,0.00184,0.00178,0.001915,0.0016,0.00215,91,5.71167938297094,5.219766818360572,6.2057597600337715,4.417605436831938,7.788447445438426
C2RCC+T-Mart,20240618_BIE,1,8,overall,91,101.11,97.64500000000001,112.00999999999999,85.23,128.16,91,-101.11,-112.00999999999999,-97.64500000000001,-128.16,-85.23,91,0.00195,0.0019,0.00202,0.0017,0.00222,91,0.00208,0.00203,0.002155,0.00181,0.00236,91,6.849933902425051,6.575274657719345,7.116768632415175,6.179587600342066,8.110563051943135
C2RCC,20240618_BIE,1,9,overall,91,103.65,99.39,115.055,87.82,134.8,91,-103.65,-115.055,-99.39,-134.8,-87.82,91,0.00199,0.00193,0.00206,0.00172,0.00225,91,0.00215,0.0020749999999999996,0.00222,0.00186,0.00242,91,8.24182275935315,7.95084052268807,8.38299864186281,6.667763907464591,9.360344081511885
Polymer+T-Mart,20240618_BIE,1,10,overall,91,117.94,111.315,124.55000000000001,99.99,139.99,91,117.94,111.315,124.55000000000001,99.99,139.99,91,0.00495,0.004665,0.00521,0.00418,0.00582,91,0.0057,0.005390000000000001,0.005995,0.00484,0.00663,91,14.302993457339952,13.677087523020827,15.15933508147558,11.439281943953688,16.03666456391298
Polymer,20240618_BIE,1,11,overall,91,131.98,125.975,139.015,114.4,153.07,91,131.98,125.975,139.015,114.4,153.07,91,0.0055,0.005265000000000001,0.00574,0.00476,0.00632,91,0.00629,0.006025,0.006585000000000001,0.00547,0.00717,91,14.307820937638503,13.678586130884906,15.028988410550694,11.161686453024505,15.700489402387868
ACOLITE+T-Mart,20240619_WAL,2,1,443,86,5.795,2.9925,12.935,0.16,28.97,86,-2.91,-8.615,3.3525,-28.97,19.33,86,0.0003949042287397,0.0002004922042333,0.0007951474329605749,1.0350042862653648e-05,0.0016632577252621,86,0.0003949042287397,0.0002004922042333,0.0007951474329605749,1.0350042862653648e-05,0.0016632577252621,0,,,,,
C2RCC,20240619_WAL,2,2,443,86,7.75,3.8325,13.255,0.02,27.91,86,7.75,3.8325,13.255,-3.15,27.91,86,0.00053433153391985,0.000271004842137925,0.0008585965215399,1.6616363201944762e-06,0.0018649510979516,86,0.00053433153391985,0.000271004842137925,0.0008585965215399,1.6616363201944762e-06,0.0018649510979516,0,,,,,
RAdCor+ACOLITE,20240619_WAL,2,3,443,86,9.12,5.915,13.362499999999999,0.3,31.9,86,7.535,0.9775,12.25,-15.93,31.9,86,0.0006222187897361,0.00040016830386717503,0.0008821716892702,2.0766392637968333e-05,0.001955759496807,86,0.0006222187897361,0.00040016830386717503,0.0008821716892702,2.0766392637968333e-05,0.001955759496807,0,,,,,
Polymer+T-Mart,20240619_WAL,2,4,443,86,17.18,13.2525,23.2,7.41,124.25,86,17.18,13.2525,23.2,7.41,124.25,86,0.0011342732398453,0.00090500688321505,0.00156069218438505,0.0005172527089123,0.0086951496543347,86,0.0011342732398453,0.00090500688321505,0.00156069218438505,0.0005172527089123,0.0086951496543347,0,,,,,
ACOLITE,20240619_WAL,2,5,443,86,20.39,13.924999999999999,27.77,1.72,51.56,86,-20.39,-27.77,-13.924999999999999,-51.56,3.23,86,0.0011168773271672,0.0008085109984996,0.00156734913412575,0.0001064102847702,0.0025188335065777,86,0.0011168773271672,0.0008085109984996,0.00156734913412575,0.0001064102847702,0.0025188335065777,0,,,,,
Polymer+Radcor,20240619_WAL,2,6,443,86,21.975,16.0225,28.137500000000003,8.02,45.77,86,21.975,16.0225,28.137500000000003,8.02,45.77,86,0.00143298740176735,0.0011112154194858502,0.001934085773816875,0.0005634311647565,0.0030915818250786,86,0.00143298740176735,0.0011112154194858502,0.001934085773816875,0.0005634311647565,0.0030915818250786,0,,,,,
C2RCC+RAdCor,20240619_WAL,2,7,443,86,22.275,18.73,26.965,7.85,37.57,86,-22.275,-26.965,-18.73,-37.57,-7.85,86,0.0012228283768928499,0.0010291757705156,0.0014578982590393,0.0004387833705823,0.0019323753875022,86,0.0012228283768928499,0.0010291757705156,0.0014578982590393,0.0004387833705823,0.0019323753875022,0,,,,,
C2RCC+T-Mart,20240619_WAL,2,8,443,86,28.415,23.9375,32.055,0.8,47.37,86,-28.415,-32.055,-23.9375,-47.37,2.61,86,0.0014732216883889,0.001289478551258475,0.00165183318471135,5.689205249440141e-05,0.0024664619277931,86,0.0014732216883889,0.001289478551258475,0.00165183318471135,5.689205249440141e-05,0.0024664619277931,0,,,,,
ACOLITE+RAdCor,20240619_WAL,2,9,443,86,61.86,53.3425,67.8425,31.43,92.6,86,61.86,53.3425,67.8425,31.43,92.6,86,0.0041891995106632,0.003735336425068225,0.0045230881804859,0.002312909245933,0.005676981778263,86,0.0041891995106632,0.003735336425068225,0.0045230881804859,0.002312909245933,0.005676981778263,0,,,,,
Polymer,20240619_WAL,2,10,443,86,77.375,70.49249999999999,85.97500000000001,61.13,119.99,86,77.375,70.49249999999999,85.97500000000001,61.13,119.99,86,0.0050786959038733,0.004765245079931525,0.005899817868122575,0.0042264177402027,0.0083969846237389,86,0.0050786959038733,0.004765245079931525,0.005899817868122575,0.0042264177402027,0.0083969846237389,0,,,,,
GAAC,20240619_WAL,2,11,443,86,105.86,94.5375,121.425,63.35,172.79,86,-105.86,-121.425,-94.5375,-172.79,-63.35,86,0.00342947346535575,0.003216035475661725,0.00386017908276335,0.0023775513805506,0.0046896674588163,86,0.00342947346535575,0.003216035475661725,0.00386017908276335,0.0023775513805506,0.0046896674588163,0,,,,,
C2RCC,20240619_WAL,2,1,490,86,3.125,1.4224999999999999,5.7575,0.07,12.16,86,1.67,-1.0999999999999999,4.53,-12.16,11.45,86,0.00029307899778335,0.00014036843163317498,0.000539739966585075,6.629335998691727e-06,0.001196380502359,86,0.00029307899778335,0.00014036843163317498,0.000539739966585075,6.629335998691727e-06,0.001196380502359,0,,,,,
RAdCor+ACOLITE,20240619_WAL,2,2,490,86,4.01,2.025,7.4325,0.22,27.89,86,-1.9049999999999998,-6.6975,2.1525,-27.89,12.2,86,0.00037180565303725,0.00019446931465665,0.0006829298571342,1.9249205335140213e-05,0.0024068371206116,86,0.00037180565303725,0.00019446931465665,0.0006829298571342,1.9249205335140213e-05,0.0024068371206116,0,,,,,
ACOLITE+T-Mart,20240619_WAL,2,3,490,86,7.635,3.215,12.17,0.19,34.53,86,-7.635,-12.17,-2.9025,-34.53,7.25,86,0.0006923088990542501,0.0002856184973317,0.001078069064387825,1.781151227903295e-05,0.0028325837850165,86,0.0006923088990542501,0.0002856184973317,0.001078069064387825,1.781151227903295e-05,0.0028325837850165,0,,,,,
Polymer+T-Mart,20240619_WAL,2,4,490,86,8.96,5.5625,10.9375,1.38,55.91,86,8.96,5.5625,10.9375,-5.25,55.91,86,0.00083449885052415,0.00055556490454175,0.0010790607828329,0.0001414115062272,0.0055979306172213,86,0.00083449885052415,0.00055556490454175,0.0010790607828329,0.0001414115062272,0.0055979306172213,0,,,,,
Polymer+Radcor,20240619_WAL,2,5,490,86,13.8,10.8025,16.130000000000003,0.07,24.46,86,13.8,10.8025,16.130000000000003,0.07,24.46,86,0.0013219860417924,0.0010038673205811,0.0015084364075624748,6.963953688080352e-06,0.0022015995193797,86,0.0013219860417924,0.0010038673205811,0.0015084364075624748,6.963953688080352e-06,0.0022015995193797,0,,,,,
C2RCC+RAdCor,20240619_WAL,2,6,490,86,14.985,12.5275,18.6975,2.39,27.34,86,-14.985,-18.6975,-12.5275,-27.34,-2.39,86,0.0012505643726602,0.00106110391021175,0.001518822210392525,0.0002053483247657,0.002321779862572,86,0.0012505643726602,0.00106110391021175,0.001518822210392525,0.0002053483247657,0.002321779862572,0,,,,,
ACOLITE,20240619_WAL,2,7,490,86,16.195,11.0575,21.6925,0.25,44.19,86,-16.195,-21.6925,-11.0575,-44.19,-0.25,86,0.0013087387887453501,0.00093890324092195,0.0017848702016075749,2.211157781743973e-05,0.0033823453634572,86,0.0013087387887453501,0.00093890324092195,0.0017848702016075749,2.211157781743973e-05,0.0033823453634572,0,,,,,
C2RCC+T-Mart,20240619_WAL,2,8,490,86,19.479999999999997,16.82,22.735,6.65,37.4,86,-19.479999999999997,-22.735,-16.82,-37.4,-6.65,86,0.00157007761684745,0.0013871990718203752,0.0017891076208041,0.0005695847634109,0.0030040208969178,86,0.00157007761684745,0.0013871990718203752,0.0017891076208041,0.0005695847634109,0.0030040208969178,0,,,,,
ACOLITE+RAdCor,20240619_WAL,2,9,490,86,24.16,17.5375,28.005,2.73,41.76,86,24.16,17.5375,28.005,2.73,41.76,86,0.0022862761192502497,0.0017631530566723252,0.00263585684638355,0.0003009581193733,0.0036702480857286,86,0.0022862761192502497,0.0017631530566723252,0.00263585684638355,0.0003009581193733,0.0036702480857286,0,,,,,
Polymer,20240619_WAL,2,10,490,86,36.870000000000005,32.985,41.925,23.27,53.01,86,36.870000000000005,32.985,41.925,23.27,53.01,86,0.0034720246326372496,0.0032130244464873,0.0039006757219763747,0.0025675980110174,0.0053073736584509,86,0.0034720246326372496,0.0032130244464873,0.0039006757219763747,0.0025675980110174,0.0053073736584509,0,,,,,
GAAC,20240619_WAL,2,11,490,86,49.995000000000005,44.9125,57.167500000000004,32.08,80.33,86,-49.995000000000005,-57.167500000000004,-44.9125,-80.33,-32.08,86,0.003214989783144,0.0029101870591704253,0.003535629933465575,0.0021342329847001,0.0049161863088142,86,0.003214989783144,0.0029101870591704253,0.003535629933465575,0.0021342329847001,0.0049161863088142,0,,,,,
Polymer+T-Mart,20240619_WAL,2,1,560,86,3.505,1.8075,5.9925,0.11,20.61,86,0.63,-2.4225000000000003,4.092499999999999,-15.36,20.61,86,0.00037338313691315,0.00019253364528879998,0.000619488574703725,1.1599907677468936e-05,0.0023155820374163,86,0.00037338313691315,0.00019253364528879998,0.000619488574703725,1.1599907677468936e-05,0.0023155820374163,0,,,,,
Polymer+Radcor,20240619_WAL,2,2,560,86,4.255000000000001,2.1525,7.62,0.02,19.64,86,3.6950000000000003,0.8574999999999999,7.2075,-9.54,19.64,86,0.0004721807946517,0.000227607524062325,0.0008313425985265001,2.6527363161197443e-06,0.0019688864590742,86,0.0004721807946517,0.000227607524062325,0.0008313425985265001,2.6527363161197443e-06,0.0019688864590742,0,,,,,
ACOLITE+T-Mart,20240619_WAL,2,3,560,86,4.675,2.2675,9.145,0.17,22.57,86,-1.9949999999999999,-8.8825,2.29,-22.57,11.52,86,0.0004901512905607,0.0002362162323558,0.0009429224036577,1.8627567463874728e-05,0.002274656229917,86,0.0004901512905607,0.0002362162323558,0.0009429224036577,1.8627567463874728e-05,0.002274656229917,0,,,,,
ACOLITE,20240619_WAL,2,4,560,86,5.09,2.16,8.2375,0.01,20.43,86,-1.025,-7.79,2.7675,-20.43,12.2,86,0.0005265062857085999,0.00023138112902325,0.000849969851121975,8.063096609122605e-07,0.0020951438036599,86,0.0005265062857085999,0.00023138112902325,0.000849969851121975,8.063096609122605e-07,0.0020951438036599,0,,,,,
RAdCor+ACOLITE,20240619_WAL,2,5,560,86,5.285,2.3,8.84,0.08,20.55,86,-0.36,-5.5175,5.0575,-20.55,13.83,86,0.00055703241329285,0.000245375947437225,0.0008966461733813,8.615500198363643e-06,0.0021053222280778,86,0.00055703241329285,0.000245375947437225,0.0008966461733813,8.615500198363643e-06,0.0021053222280778,0,,,,,
ACOLITE+RAdCor,20240619_WAL,2,6,560,86,12.094999999999999,5.5875,16.83,0.2,27.4,86,12.094999999999999,5.01,16.83,-7.14,27.4,86,0.0012797228568558498,0.0006369149273495499,0.001782637152900425,2.263816691875503e-05,0.0027063891735205,86,0.0012797228568558498,0.0006369149273495499,0.001782637152900425,2.263816691875503e-05,0.0027063891735205,0,,,,,
Polymer,20240619_WAL,2,7,560,86,14.96,13.032499999999999,18.002499999999998,1.22,26.34,86,14.96,13.032499999999999,18.002499999999998,1.22,26.34,86,0.0016044478808917,0.001398310547801275,0.001889402877751425,0.0001505034037934,0.0026347247572457,86,0.0016044478808917,0.001398310547801275,0.001889402877751425,0.0001505034037934,0.0026347247572457,0,,,,,
GAAC,20240619_WAL,2,8,560,86,27.369999999999997,20.99,34.195,10.12,53.03,86,-27.369999999999997,-34.195,-20.99,-53.03,-10.12,86,0.00226648453855175,0.001840171462234575,0.002792589481704625,0.000921727267361,0.0042803897211819,86,0.00226648453855175,0.001840171462234575,0.002792589481704625,0.000921727267361,0.0042803897211819,0,,,,,
C2RCC+RAdCor,20240619_WAL,2,9,560,86,30.02,23.48,41.8125,7.74,67.77,86,-30.02,-41.8125,-23.48,-67.77,-7.74,86,0.0024470616096658503,0.001993743724353,0.003290967274811725,0.0007201015060183,0.0048835642011044,86,0.0024470616096658503,0.001993743724353,0.003290967274811725,0.0007201015060183,0.0048835642011044,0,,,,,
C2RCC+T-Mart,20240619_WAL,2,10,560,86,32.915,26.552500000000002,46.1,14.25,91.86,86,-32.915,-46.1,-26.552500000000002,-91.86,-14.25,86,0.0026480823227823,0.002214682475196825,0.0035650293078614,0.0012504307140662,0.0053798652201868,86,0.0026480823227823,0.002214682475196825,0.0035650293078614,0.0012504307140662,0.0053798652201868,0,,,,,
C2RCC,20240619_WAL,2,11,560,86,63.58,57.63,73.61,44.74,102.61,86,-63.58,-73.61,-57.63,-102.61,-44.74,86,0.00417606493758495,0.0038761632497865753,0.004718380366951575,0.0030988370215385,0.0061008984332266,86,0.00417606493758495,0.0038761632497865753,0.004718380366951575,0.0030988370215385,0.0061008984332266,0,,,,,
RAdCor+ACOLITE,20240619_WAL,2,1,665,86,8.65,3.63,15.337499999999999,0.09,52.18,86,-2.46,-10.7225,6.2325,-52.18,34.07,86,0.0001801637372951,7.843431710898886e-05,0.000322699913065125,2.002722892642094e-06,0.0009969050637754,86,0.0001801637372951,7.843431710898886e-05,0.000322699913065125,2.002722892642094e-06,0.0009969050637754,0,,,,,
ACOLITE,20240619_WAL,2,2,665,86,10.915,6.14,20.4925,0.1,83.39,86,-10.004999999999999,-20.042499999999997,-1.52,-83.39,26.45,86,0.00024084991162215,0.00012548516446135002,0.00041665105092937495,2.264382201790701e-06,0.0011478630722994,86,0.00024084991162215,0.00012548516446135002,0.00041665105092937495,2.264382201790701e-06,0.0011478630722994,0,,,,,
ACOLITE+T-Mart,20240619_WAL,2,3,665,86,11.055,5.2924999999999995,19.8125,0.01,79.96,86,-9.79,-19.115000000000002,-1.8900000000000001,-79.96,26.53,86,0.00022999918234955,0.0001219381065719,0.00041680167861825,2.097015240191437e-07,0.0011493167016032,86,0.00022999918234955,0.0001219381065719,0.00041680167861825,2.097015240191437e-07,0.0011493167016032,0,,,,,
Polymer+Radcor,20240619_WAL,2,4,665,86,12.649999999999999,5.74,20.8875,0.37,50.27,86,-7.52,-18.560000000000002,3.0975,-50.27,30.01,86,0.00027561767920714997,0.0001344751537059,0.00043563873075065,8.894164148372588e-06,0.0009797228765155,86,0.00027561767920714997,0.0001344751537059,0.00043563873075065,8.894164148372588e-06,0.0009797228765155,0,,,,,
Polymer+T-Mart,20240619_WAL,2,5,665,86,15.835,7.765,28.087500000000002,0.58,121.8,86,-12.395,-28.087500000000002,-4.6,-121.8,21.12,86,0.00031411165205730003,0.00015951635330955,0.00055082065996005,1.3299098844918832e-05,0.0014042327382084,86,0.00031411165205730003,0.00015951635330955,0.00055082065996005,1.3299098844918832e-05,0.0014042327382084,0,,,,,
ACOLITE+RAdCor,20240619_WAL,2,6,665,86,33.935,23.8425,44.805,0.16,84.21,86,33.935,23.8425,44.805,-18.82,84.21,86,0.00080940703066685,0.0006138550026479,0.001007268849494775,4.841564348339981e-06,0.0015907668101397,86,0.00080940703066685,0.0006138550026479,0.001007268849494775,4.841564348339981e-06,0.0015907668101397,0,,,,,
GAAC,20240619_WAL,2,7,665,86,54.56,43.2625,69.8325,16.77,113.87,86,-54.56,-69.8325,-43.2625,-113.87,-16.77,86,0.00080727129235215,0.0006950324159887749,0.0010115104674188,0.0002712977850952,0.0016235116355945,86,0.00080727129235215,0.0006950324159887749,0.0010115104674188,0.0002712977850952,0.0016235116355945,0,,,,,
C2RCC+RAdCor,20240619_WAL,2,8,665,86,68.66,45.055,91.6875,23.46,171.21,86,-68.66,-91.6875,-45.055,-171.21,-23.46,86,0.00096829383099485,0.0007458848328462,0.0011848175282396251,0.0003894433347487,0.0019270279445,86,0.00096829383099485,0.0007458848328462,0.0011848175282396251,0.0003894433347487,0.0019270279445,0,,,,,
Polymer,20240619_WAL,2,9,665,86,69.78999999999999,55.620000000000005,97.4025,23.34,132.84,86,-69.78999999999999,-97.4025,-55.620000000000005,-132.84,-23.34,86,0.00096179639314905,0.0008270222825262,0.0012103449473776751,0.0003575329254306,0.0017389944522976,86,0.00096179639314905,0.0008270222825262,0.0012103449473776751,0.0003575329254306,0.0017389944522976,0,,,,,
C2RCC+T-Mart,20240619_WAL,2,10,665,86,74.105,53.045,108.605,22.1,273.83,86,-74.105,-108.605,-53.045,-273.83,-22.1,86,0.0010238746060337,0.0008056393877779,0.0012587402747723,0.0003419402913176,0.0019341358041943,86,0.0010238746060337,0.0008056393877779,0.0012587402747723,0.0003419402913176,0.0019341358041943,0,,,,,
C2RCC,20240619_WAL,2,11,665,86,194.81,172.14749999999998,214.54500000000002,118.55,312.64,86,-194.81,-214.54500000000002,-172.14749999999998,-312.64,-118.55,86,0.0015556928822311,0.001436329388770725,0.001713629705928075,0.0010247139707324,0.0022936350131471,86,0.0015556928822311,0.001436329388770725,0.001713629705928075,0.0010247139707324,0.0022936350131471,0,,,,,
ACOLITE+T-Mart,20240619_WAL,2,1,704,86,26.79,15.637500000000001,38.847500000000004,1.37,106.19,86,25.21,12.7625,38.4825,-52.33,106.19,86,0.00035252837759025,0.00022598381459039998,0.000488953215086875,2.1075927807271503e-05,0.0013856907515823,86,0.00035252837759025,0.00022598381459039998,0.000488953215086875,2.1075927807271503e-05,0.0013856907515823,0,,,,,
RAdCor+ACOLITE,20240619_WAL,2,2,704,86,34.519999999999996,22.6,47.8675,1.65,106.8,86,34.33,21.675,47.8675,-38.34,106.8,86,0.0004634194676359,0.00031898298185675,0.000592109187447275,2.338632162517313e-05,0.0010237819224637,86,0.0004634194676359,0.00031898298185675,0.000592109187447275,2.338632162517313e-05,0.0010237819224637,0,,,,,
ACOLITE+RAdCor,20240619_WAL,2,3,704,86,48.07,32.305,64.5175,0.5,143.2,86,47.705,31.595,64.5175,-57.79,143.2,86,0.00063650134745755,0.000442752400787,0.000774391054862625,7.056517863213976e-06,0.0013726784091484,86,0.00063650134745755,0.000442752400787,0.000774391054862625,7.056517863213976e-06,0.0013726784091484,0,,,,,
C2RCC+RAdCor,20240619_WAL,2,4,704,86,56.09,32.4675,81.0325,7.41,178.82,86,-56.09,-81.0325,-32.4675,-178.82,-7.41,86,0.00047909783922465,0.00030926197493295004,0.0006458624348826499,6.615444411336502e-05,0.0011914651622776,86,0.00047909783922465,0.00030926197493295004,0.0006458624348826499,6.615444411336502e-05,0.0011914651622776,0,,,,,
C2RCC+T-Mart,20240619_WAL,2,5,704,86,58.185,39.0725,100.8425,2.12,268.08,86,-58.185,-100.8425,-39.0725,-268.08,-2.12,86,0.0005089219138047999,0.00035213472403752496,0.000695202028107475,1.993979522143933e-05,0.0011797604188056,86,0.0005089219138047999,0.00035213472403752496,0.000695202028107475,1.993979522143933e-05,0.0011797604188056,0,,,,,
GAAC,20240619_WAL,2,6,704,86,77.02000000000001,58.95,120.95,9.95,509.79,86,-77.02000000000001,-120.95,-58.95,-509.79,-9.95,86,0.0005821792139964,0.0004506671160022,0.000766025922925125,8.67404682602411e-05,0.0013329055511502,86,0.0005821792139964,0.0004506671160022,0.000766025922925125,8.67404682602411e-05,0.0013329055511502,0,,,,,
ACOLITE,20240619_WAL,2,7,704,86,82.04,66.69,99.065,24.54,172.48,86,82.04,66.69,99.065,24.54,172.48,86,0.00112127870798945,0.000942439168887975,0.001254496871185,0.0003503831063265,0.0016534160532099,86,0.00112127870798945,0.000942439168887975,0.001254496871185,0.0003503831063265,0.0016534160532099,0,,,,,
Polymer+Radcor,20240619_WAL,2,8,704,86,103.755,61.8375,240.4975,21.04,619.19,86,-103.755,-240.4975,-61.8375,-619.19,-21.04,86,0.0006653445248484,0.0004908452042035,0.000946160405189525,0.0001877091329771,0.0015590998164324,86,0.0006653445248484,0.0004908452042035,0.000946160405189525,0.0001877091329771,0.0015590998164324,0,,,,,
Polymer+T-Mart,20240619_WAL,2,9,704,83,105.37,75.15,229.95,26.95,4891.13,83,-105.37,-229.95,-75.15,-4891.13,-26.95,83,0.0006784986624108,0.0005397711919583,0.0009152009970588,0.000216127801149,0.0014928436060396,83,0.0006784986624108,0.0005397711919583,0.0009152009970588,0.000216127801149,0.0014928436060396,0,,,,,
C2RCC,20240619_WAL,2,10,704,86,182.675,154.7525,211.06,91.01,326.28,86,-182.675,-211.06,-154.7525,-326.28,-91.01,86,0.0008442214023272,0.0007602074899698,0.000968113951793075,0.0004567462897311,0.001414574484724,86,0.0008442214023272,0.0007602074899698,0.000968113951793075,0.0004567462897311,0.001414574484724,0,,,,,
Polymer,20240619_WAL,2,11,704,19,3430.14,3107.565,6150.299999999999,835.71,11302.47,19,-3430.14,-6150.299999999999,-3107.565,-11302.47,-835.71,19,0.0012849324050396,0.00117685493908945,0.0013362927302787999,0.0009192890200392,0.0015282744050396,19,0.0012849324050396,0.00117685493908945,0.0013362927302787999,0.0009192890200392,0.0015282744050396,0,,,,,
RAdCor+ACOLITE,20240619_WAL,2,1,overall,86,6.875,4.657500000000001,11.235,0.94,31.9,86,0.31,-3.7750000000000004,7.34,-20.55,31.9,86,0.000415,0.00031,0.0006875,0.00015,0.00131,86,0.000495,0.00036,0.0007775,0.00018,0.00154,86,2.6751605426841305,2.368900762465276,3.00542374652599,1.0901186310554174,4.635475627923384
ACOLITE+T-Mart,20240619_WAL,2,2,overall,86,8.005,4.9799999999999995,12.315,1.74,27.57,86,-3.42,-9.3625,2.275,-27.57,19.33,86,0.000415,0.000275,0.00065,0.00017,0.00158,86,0.000455,0.0003325,0.0007475,0.00019,0.00182,86,2.405596907361068,1.882917342131723,2.804530099723221,1.3983162411661092,7.539752950373317
Polymer+T-Mart,20240619_WAL,2,3,overall,86,12.525,9.6025,19.439999999999998,5.94,85.95646604295652,86,0.63,-2.4225000000000003,4.180000000000001,-15.36,37.12660795090994,86,0.000695,0.00056,0.0008874999999999999,0.00037,0.0045032237617952,86,0.000775,0.0006325,0.00103,0.00044,0.0053450033784264,86,4.268558828457389,3.3833330893914892,6.531588080602596,1.956247789044841,15.038973132523314
Polymer+Radcor,20240619_WAL,2,4,overall,86,15.49,12.7175,18.9825,7.67,37.25,86,3.6950000000000003,0.8574999999999999,8.540000000000001,-9.54,24.46,86,0.00085,0.00072,0.00104,0.00048,0.00156,86,0.000965,0.000835,0.0012274999999999999,0.00056,0.00183,86,4.341110760165442,3.1693812211888517,6.363930884667809,2.2750707122160234,8.957651386496087
ACOLITE,20240619_WAL,2,5,overall,86,16.38,11.1725,22.92,5.48,44.19,86,-10.004999999999999,-19.03,-1.52,-44.19,12.2,86,0.000785,0.00067,0.0011175,0.00055,0.00191,86,0.00095,0.00079,0.001215,0.00061,0.00213,86,6.293901758103933,5.81208943809368,6.727815032552136,4.9275983995078185,9.179954094611128
C2RCC+RAdCor,20240619_WAL,2,6,overall,86,30.525,23.025,41.8125,9.19,67.77,86,-30.525,-41.8125,-23.025,-67.77,-9.19,86,0.00134,0.00106,0.00155,0.00048,0.00245,86,0.00152,0.0011775,0.001765,0.00053,0.00276,86,3.7272986087382503,2.6311598406296524,5.834390807877248,1.2868691923359945,10.936494919946306
ACOLITE+RAdCor,20240619_WAL,2,7,overall,86,33.43000000000001,23.7725,44.805,2.89,84.21,86,33.43000000000001,23.7725,44.805,-4.15,84.21,86,0.00184,0.00142,0.00215,0.00085,0.003,86,0.002275,0.00189,0.002535,0.00112,0.00339,86,8.178293642753,7.8206409546740865,8.710657285912792,7.186955537281161,9.587840504147357
C2RCC+T-Mart,20240619_WAL,2,8,overall,86,34.805,28.700000000000003,46.1,14.25,91.86,86,-34.805,-46.1,-28.700000000000003,-91.86,-14.25,86,0.00148,0.0012525000000000001,0.001715,0.00069,0.00268,86,0.00167,0.00141,0.0019775,0.00082,0.00296,86,3.5080190656412302,2.717034783226332,6.178975965504149,1.347918384836912,17.553862574324345
Polymer,20240619_WAL,2,9,overall,86,50.32964320450122,45.00209294206174,64.84143192422563,35.72233147311261,83.4653241893039,86,23.735289113384518,19.10025505024819,28.036318902944,11.699193557456857,37.03663883718487,86,0.00271864660033025,0.002501269057832275,0.0031070000775694252,0.00218,0.0043372689709589,86,0.0031952432834314003,0.0029312454187421498,0.0037021646545939,0.00247,0.0051387766965802,86,10.563195145867205,10.077879515501921,12.591102419598817,8.82743118138689,14.8184764981031
GAAC,20240619_WAL,2,10,overall,86,54.56,47.097500000000004,70.185,16.77,113.87,86,-54.56,-70.185,-47.097500000000004,-113.87,-16.77,86,0.00206,0.0018225,0.00237,0.0012,0.00334,86,0.00238,0.0021325,0.0027075000000000003,0.00152,0.00367,86,9.115138875359229,8.693447195286229,9.624251709702936,7.130909739672747,11.328073243042738
C2RCC,20240619_WAL,2,11,overall,86,63.58,57.63,73.61,44.74,102.61,86,-63.58,-73.61,-57.63,-102.61,-44.74,86,0.00146,0.00139,0.00175,0.00115,0.00219,86,0.00206,0.0019025000000000001,0.00234,0.00156,0.003,86,15.267670967154377,14.55270142700057,17.279425028127484,12.88796848512009,19.208928387197343
C2RCC,20240619_WAL,3,1,443,31,5.65,2.975,19.545,0.35,29.58,31,5.65,2.975,19.545,-1.28,29.58,31,0.0004083402201146,0.000215559330406,0.00139049781621675,2.531927985669445e-05,0.0020634368620227,31,0.0004083402201146,0.000215559330406,0.00139049781621675,2.531927985669445e-05,0.0020634368620227,0,,,,,
RAdCor+ACOLITE,20240619_WAL,3,2,443,31,7.89,4.945,12.52,1.76,214.93,31,2.24,-7.824999999999999,8.515,-214.93,18.25,31,0.0005313245819723,0.00035622033979270003,0.0008537990926673,0.0001224300906941,0.0048485208517586,31,0.0005313245819723,0.00035622033979270003,0.0008537990926673,0.0001224300906941,0.0048485208517586,0,,,,,
ACOLITE+T-Mart,20240619_WAL,3,3,443,31,9.58,4.025,18.52,0.38,227.18,31,-9.58,-18.52,-0.19000000000000006,-227.18,7.9,31,0.0006100464488916,0.00028149117899175,0.0011346345582603,2.7451744270801624e-05,0.004933003683639,31,0.0006100464488916,0.00028149117899175,0.0011346345582603,2.7451744270801624e-05,0.004933003683639,0,,,,,
Polymer+T-Mart,20240619_WAL,3,4,443,31,13.61,9.2,29.23,4.89,93.6,31,13.61,9.2,29.23,4.89,93.6,31,0.0009245608916441,0.0006590216971462,0.00214653225041585,0.0003528651349179,0.0066794804153645,31,0.0009245608916441,0.0006590216971462,0.00214653225041585,0.0003528651349179,0.0066794804153645,0,,,,,
Polymer+Radcor,20240619_WAL,3,5,443,31,15.83,12.015,29.04,7.36,66.79,31,15.83,12.015,29.04,7.36,66.79,31,0.0011314895039393,0.0008587535756016,0.0021222291253559,0.0005307868196098,0.0048387604410476,31,0.0011314895039393,0.0008587535756016,0.0021222291253559,0.0005307868196098,0.0048387604410476,0,,,,,
ACOLITE,20240619_WAL,3,6,443,31,26.11,17.605,39.17,8.15,389.68,31,-26.11,-39.17,-17.605,-389.68,-8.15,31,0.0014442670035712,0.00108171194764765,0.0020202778211536,0.0005118928429665,0.0056535926396672,31,0.0014442670035712,0.00108171194764765,0.0020202778211536,0.0005118928429665,0.0056535926396672,0,,,,,
C2RCC+RAdCor,20240619_WAL,3,7,443,31,27.16,22.075,32.555,0.46,40.1,31,-27.16,-32.555,-22.075,-40.1,2.48,31,0.0015443806257753,0.0012699576139430001,0.0017769112384588,3.324863414963606e-05,0.0020352978199569,31,0.0015443806257753,0.0012699576139430001,0.0017769112384588,3.324863414963606e-05,0.0020352978199569,0,,,,,
C2RCC+T-Mart,20240619_WAL,3,8,443,31,32.68,24.61,39.489999999999995,0.89,47.25,31,-32.68,-39.489999999999995,-24.61,-47.25,0.89,31,0.00174642562262,0.0013973347945004499,0.0020422905388095,6.344008971506318e-05,0.0023464016715812,31,0.00174642562262,0.0013973347945004499,0.0020422905388095,6.344008971506318e-05,0.0023464016715812,0,,,,,
ACOLITE+RAdCor,20240619_WAL,3,9,443,31,49.98,42.915,55.375,8.35,65.19,31,47.67,41.92,55.129999999999995,-55.43,65.19,31,0.0033944378145947,0.00304504609507795,0.00389997877803965,0.0005583640558671,0.0044453485761551,31,0.0033944378145947,0.00304504609507795,0.00389997877803965,0.0005583640558671,0.0044453485761551,0,,,,,
Polymer,20240619_WAL,3,10,443,31,70.39,64.96,91.78,61.0,143.42,31,70.39,64.96,91.78,61.0,143.42,31,0.0050098268359177,0.00470333231659265,0.0066691624925122005,0.0043854593550605,0.0103899729730408,31,0.0050098268359177,0.00470333231659265,0.0066691624925122005,0.0043854593550605,0.0103899729730408,0,,,,,
GAAC,20240619_WAL,3,11,443,30,114.54499999999999,94.8725,126.975,71.73,161.72,30,-114.54499999999999,-126.975,-94.8725,-161.72,-71.73,30,0.0037952146546321,0.0034066621274123,0.004105029924311075,0.0029303717104529,0.0044185414789269,30,0.0037952146546321,0.0034066621274123,0.004105029924311075,0.0029303717104529,0.0044185414789269,0,,,,,
Polymer+T-Mart,20240619_WAL,3,1,490,31,3.29,2.0599999999999996,7.95,0.19,37.68,31,-0.19,-2.885,7.95,-5.18,37.68,31,0.0003536096103552,0.00021244625068340001,0.00080792455237215,1.9073099870491744e-05,0.0039917039089205,31,0.0003536096103552,0.00021244625068340001,0.00080792455237215,1.9073099870491744e-05,0.0039917039089205,0,,,,,
Polymer+Radcor,20240619_WAL,3,2,490,31,4.02,1.375,10.715,0.54,35.74,31,4.02,1.375,10.715,-0.94,35.74,31,0.0004259777575793,0.0001437806658984,0.001118848593459,5.803725021290632e-05,0.0036623433819531,31,0.0004259777575793,0.0001437806658984,0.001118848593459,5.803725021290632e-05,0.0036623433819531,0,,,,,
C2RCC,20240619_WAL,3,3,490,31,6.99,5.734999999999999,8.969999999999999,1.54,11.81,31,-6.08,-8.675,3.23,-11.81,9.65,31,0.0006903209423474,0.00057439063208985,0.0008713428768841499,0.000156475777317,0.0011396754779423,31,0.0006903209423474,0.00057439063208985,0.0008713428768841499,0.000156475777317,0.0011396754779423,0,,,,,
RAdCor+ACOLITE,20240619_WAL,3,4,490,31,11.33,6.4,18.759999999999998,1.93,25.64,31,-11.33,-18.759999999999998,-6.4,-25.64,-1.93,31,0.0010757942070798,0.0006300447446970501,0.0016544813652956,0.0001954038596863,0.0022014094587583,31,0.0010757942070798,0.0006300447446970501,0.0016544813652956,0.0001954038596863,0.0022014094587583,0,,,,,
ACOLITE+RAdCor,20240619_WAL,3,5,490,31,11.67,7.825,14.370000000000001,0.45,18.57,31,11.67,7.075,14.370000000000001,-7.86,18.57,31,0.0011804289746527,0.0007843925123042501,0.001517916476088,4.584940594243997e-05,0.0019609549715204,31,0.0011804289746527,0.0007843925123042501,0.001517916476088,4.584940594243997e-05,0.0019609549715204,0,,,,,
ACOLITE+T-Mart,20240619_WAL,3,6,490,31,17.33,11.08,25.575,6.7,34.63,31,-17.33,-25.575,-11.08,-34.63,-6.7,31,0.0015611855631308,0.0010475877384474,0.0021337115568542,0.0006311229392523,0.0027475444670934,31,0.0015611855631308,0.0010475877384474,0.0021337115568542,0.0006311229392523,0.0027475444670934,0,,,,,
C2RCC+RAdCor,20240619_WAL,3,7,490,31,24.07,15.835,29.0,2.53,34.42,31,-24.07,-29.0,-15.835,-34.42,-2.53,31,0.0020424101659608,0.0014001042828777998,0.0024161323998654,0.0002525301370245,0.0026881791928266,31,0.0020424101659608,0.0014001042828777998,0.0024161323998654,0.0002525301370245,0.0026881791928266,0,,,,,
Polymer,20240619_WAL,3,8,490,31,25.62,24.439999999999998,37.620000000000005,21.1,69.02,31,25.62,24.439999999999998,37.620000000000005,21.1,69.02,31,0.0027937829723188,0.0025696552737664,0.0040191302184388,0.0022181852709604,0.0070713382285757,31,0.0027937829723188,0.0025696552737664,0.0040191302184388,0.0022181852709604,0.0070713382285757,0,,,,,
ACOLITE,20240619_WAL,3,9,490,31,27.06,20.585,34.945,15.12,48.1,31,-27.06,-34.945,-20.585,-48.1,-15.12,31,0.002237760414083,0.0017829585701625,0.0027131802299493,0.0013212739452357,0.0033313463669493,31,0.002237760414083,0.0017829585701625,0.0027131802299493,0.0013212739452357,0.0033313463669493,0,,,,,
C2RCC+T-Mart,20240619_WAL,3,10,490,31,28.9,17.92,34.025,2.06,39.57,31,-28.9,-34.025,-17.92,-39.57,-2.06,31,0.0023081730547048,0.0015989173302589999,0.00266555274333995,0.0002068698481042,0.003044362845476,31,0.0023081730547048,0.0015989173302589999,0.00266555274333995,0.0002068698481042,0.003044362845476,0,,,,,
GAAC,20240619_WAL,3,11,490,31,60.27,53.510000000000005,68.3,38.55,86.65,31,-60.27,-68.3,-53.510000000000005,-86.65,-38.55,31,0.0039410664113135,0.0036593616725040003,0.004237393682946,0.0028140667952127,0.004953543511926,31,0.0039410664113135,0.0036593616725040003,0.004237393682946,0.0028140667952127,0.004953543511926,0,,,,,
Polymer+Radcor,20240619_WAL,3,1,560,31,2.87,2.3449999999999998,5.205,0.71,13.44,31,-2.3,-3.11,2.52,-8.65,13.44,31,0.0003247006988769,0.00026592960305035,0.0005926782013651,8.064960785383705e-05,0.0015043831717016,31,0.0003247006988769,0.00026592960305035,0.0005926782013651,8.064960785383705e-05,0.0015043831717016,0,,,,,
ACOLITE+RAdCor,20240619_WAL,3,2,560,31,4.4,2.595,6.365,0.04,11.72,31,2.94,-0.89,5.720000000000001,-11.72,8.9,31,0.0004972162327466,0.0003000694978268,0.0007326220105094499,4.5795935049060266e-06,0.001188941649249,31,0.0004972162327466,0.0003000694978268,0.0007326220105094499,4.5795935049060266e-06,0.001188941649249,0,,,,,
Polymer+T-Mart,20240619_WAL,3,3,560,31,5.97,3.83,7.73,0.09,12.88,31,-5.64,-7.4399999999999995,-0.87,-11.2,12.88,31,0.0006623490482445,0.00043160021920345,0.00082364110013665,1.0381278112054498e-05,0.001485376921779,31,0.0006623490482445,0.00043160021920345,0.00082364110013665,1.0381278112054498e-05,0.001485376921779,0,,,,,
RAdCor+ACOLITE,20240619_WAL,3,4,560,31,6.11,3.955,11.399999999999999,0.86,18.73,31,-6.11,-11.399999999999999,-3.955,-18.73,-0.86,31,0.000665377336379,0.00043817107352395,0.0011801472848582,9.832957775020648e-05,0.0017883101246266,31,0.000665377336379,0.00043817107352395,0.0011801472848582,9.832957775020648e-05,0.0017883101246266,0,,,,,
ACOLITE,20240619_WAL,3,5,560,31,7.94,6.03,12.59,2.85,21.57,31,-7.94,-12.59,-6.03,-21.57,-2.85,31,0.0008497456785402,0.00065803368352885,0.0012932036571979,0.0003199899384441,0.0020112482598929,31,0.0008497456785402,0.00065803368352885,0.0012932036571979,0.0003199899384441,0.0020112482598929,0,,,,,
ACOLITE+T-Mart,20240619_WAL,3,6,560,31,8.74,6.96,14.06,3.13,22.6,31,-8.74,-14.06,-6.96,-22.6,-3.13,31,0.0009291604858002,0.00073577260818665,0.0014255804509699,0.0003469425040006,0.0020899906522541,31,0.0009291604858002,0.00073577260818665,0.0014255804509699,0.0003469425040006,0.0020899906522541,0,,,,,
Polymer,20240619_WAL,3,7,560,31,9.19,7.025,13.254999999999999,2.55,25.56,31,9.19,7.025,13.254999999999999,2.55,25.56,31,0.0010359311152095,0.0008042380975506001,0.00152360682288225,0.0003042821125641,0.002860480471709,31,0.0010359311152095,0.0008042380975506001,0.00152360682288225,0.0003042821125641,0.002860480471709,0,,,,,
GAAC,20240619_WAL,3,8,560,31,33.14,31.1,38.480000000000004,17.5,47.78,31,-33.14,-38.480000000000004,-31.1,-47.78,-17.5,31,0.002861178542736,0.0026936659387,0.0031496915656719,0.0016528529812729,0.0038397686033903,31,0.002861178542736,0.0026936659387,0.0031496915656719,0.0016528529812729,0.0038397686033903,0,,,,,
C2RCC+RAdCor,20240619_WAL,3,9,560,31,39.49,34.205,47.980000000000004,25.87,65.54,31,-39.49,-47.980000000000004,-34.205,-65.54,-25.87,31,0.0032445371413798,0.0029510880097819003,0.0037038685579255997,0.0023288141570105,0.0046250688526046,31,0.0032445371413798,0.0029510880097819003,0.0037038685579255997,0.0023288141570105,0.0046250688526046,0,,,,,
C2RCC+T-Mart,20240619_WAL,3,10,560,31,45.89,39.230000000000004,56.48,31.14,71.26,31,-45.89,-56.48,-39.230000000000004,-71.26,-31.14,31,0.0035020027832955,0.0032858975155658,0.004093143116277,0.0026907940244768,0.0048609303442636,31,0.0035020027832955,0.0032858975155658,0.004093143116277,0.0026907940244768,0.0048609303442636,0,,,,,
C2RCC,20240619_WAL,3,11,560,31,74.71,72.105,77.21000000000001,65.23,96.47,31,-74.71,-77.21000000000001,-72.105,-96.47,-65.23,31,0.0048889088267838,0.00476463366099395,0.00508854838532485,0.0044735119362439,0.0057361734332266,31,0.0048889088267838,0.00476463366099395,0.00508854838532485,0.0044735119362439,0.0057361734332266,0,,,,,
Polymer+Radcor,20240619_WAL,3,1,665,31,10.73,4.720000000000001,16.36,0.11,30.72,31,1.1,-13.585,7.63,-30.72,22.02,31,0.0002075657744065,9.996054921943126e-05,0.00031254705177975,2.3562374136094043e-06,0.0005325913957523,31,0.0002075657744065,9.996054921943126e-05,0.00031254705177975,2.3562374136094043e-06,0.0005325913957523,0,,,,,
Polymer+T-Mart,20240619_WAL,3,2,665,31,10.98,4.385,25.0,0.52,50.98,31,-7.7,-25.0,-0.6000000000000001,-50.98,12.27,31,0.0002163174410429,9.263186544453475e-05,0.00044704756678775,1.0689126699802915e-05,0.0007549758215616,31,0.0002163174410429,9.263186544453475e-05,0.00044704756678775,1.0689126699802915e-05,0.0007549758215616,0,,,,,
ACOLITE,20240619_WAL,3,3,665,31,11.76,6.345000000000001,28.115000000000002,1.1,240.61,31,-4.05,-25.65,7.715,-240.61,27.3,31,0.000246908953507,0.0001282689370774,0.0005182559217866501,2.317228619563589e-05,0.0016023901548088,31,0.000246908953507,0.0001282689370774,0.0005182559217866501,2.317228619563589e-05,0.0016023901548088,0,,,,,
ACOLITE+T-Mart,20240619_WAL,3,4,665,31,14.17,6.6850000000000005,30.79,0.04,241.7,31,-3.09,-28.57,9.385,-241.7,29.4,31,0.0003124062093989,0.00013889982069,0.0005563316170498,9.175363500117314e-07,0.0015976039716825,31,0.0003124062093989,0.00013889982069,0.0005563316170498,9.175363500117314e-07,0.0015976039716825,0,,,,,
RAdCor+ACOLITE,20240619_WAL,3,5,665,31,14.99,8.59,29.66,1.05,157.6,31,1.05,-19.51,12.755,-157.6,39.51,31,0.0002863330637754,0.00018391598255244998,0.0005333865663847499,2.208648932909953e-05,0.0013678959659703,31,0.0002863330637754,0.00018391598255244998,0.0005333865663847499,2.208648932909953e-05,0.0013678959659703,0,,,,,
ACOLITE+RAdCor,20240619_WAL,3,6,665,31,43.6,32.975,51.504999999999995,3.73,201.2,31,37.4,10.955,47.58,-201.2,69.39,31,0.000854314027898,0.00070645609438965,0.00106745303904455,8.622058045852166e-05,0.0014935583896406,31,0.000854314027898,0.00070645609438965,0.00106745303904455,8.622058045852166e-05,0.0014935583896406,0,,,,,
GAAC,20240619_WAL,3,7,665,31,45.33,36.065,68.41499999999999,21.28,263.03,31,-45.33,-68.41499999999999,-36.065,-263.03,-21.28,31,0.0007010732128074,0.0005662831005463,0.00086670783842655,0.0003674645345854,0.0016490687809647,31,0.0007010732128074,0.0005662831005463,0.00086670783842655,0.0003674645345854,0.0016490687809647,0,,,,,
Polymer,20240619_WAL,3,8,665,31,58.77,50.644999999999996,84.41,30.36,124.79,31,-58.77,-84.41,-50.644999999999996,-124.79,-30.36,31,0.00081019675597,0.00071423929098355,0.000990194748633,0.0004957937826752,0.0012485887112384,31,0.00081019675597,0.00071423929098355,0.000990194748633,0.0004957937826752,0.0012485887112384,0,,,,,
C2RCC+RAdCor,20240619_WAL,3,9,665,31,62.43,45.915000000000006,98.225,25.65,157.07,31,-62.43,-98.225,-45.915000000000006,-157.07,-25.65,31,0.000855068265084,0.0006716759990621,0.00107420422237105,0.0003976009501599,0.0013661334556381,31,0.000855068265084,0.0006716759990621,0.00107420422237105,0.0003976009501599,0.0013661334556381,0,,,,,
C2RCC+T-Mart,20240619_WAL,3,10,665,31,67.92,56.834999999999994,107.455,28.42,173.48,31,-67.92,-107.455,-56.834999999999994,-173.48,-28.42,31,0.000875348229455,0.0007876088904093,0.00113797495278775,0.0004309529654625,0.0014437782407128,31,0.000875348229455,0.0007876088904093,0.00113797495278775,0.0004309529654625,0.0014437782407128,0,,,,,
C2RCC,20240619_WAL,3,11,665,31,173.19,164.565,189.51,128.74,237.04,31,-173.19,-189.51,-164.565,-237.04,-128.74,31,0.0013797340915747,0.0013210760607551,0.0014744906577638002,0.0010960499730098,0.0016007072470914,31,0.0013797340915747,0.0013210760607551,0.0014744906577638002,0.0010960499730098,0.0016007072470914,0,,,,,
ACOLITE+T-Mart,20240619_WAL,3,1,704,31,29.53,20.79,47.265,6.53,137.67,31,28.95,11.84,43.675,-137.67,94.69,31,0.0003552559802595,0.00024443788084205003,0.0005728075750449,8.273147397089005e-05,0.0009409805759617,31,0.0003552559802595,0.00024443788084205003,0.0005728075750449,8.273147397089005e-05,0.0009409805759617,0,,,,,
RAdCor+ACOLITE,20240619_WAL,3,2,704,31,37.17,18.11,54.435,1.51,252.15,31,35.83,15.45,49.65,-252.15,106.55,31,0.000444623549126,0.0002166308593658,0.00065563936771615,2.035138312381505e-05,0.0010588474804365,31,0.000444623549126,0.0002166308593658,0.00065563936771615,2.035138312381505e-05,0.0010588474804365,0,,,,,
ACOLITE+RAdCor,20240619_WAL,3,3,704,30,49.97,32.0625,66.4225,4.87,1032.24,30,42.795,8.0175,56.245000000000005,-1032.24,109.16,30,0.00057156494341565,0.000351056328089425,0.000717493561644275,6.698380911445627e-05,0.0011968040624452,30,0.00057156494341565,0.000351056328089425,0.000717493561644275,6.698380911445627e-05,0.0011968040624452,0,,,,,
C2RCC+RAdCor,20240619_WAL,3,4,704,31,53.63,37.239999999999995,92.38,5.16,146.34,31,-53.63,-92.38,-37.239999999999995,-146.34,-5.16,31,0.0004306551488424,0.00032688063891145,0.0005903498508474,4.875841627755288e-05,0.0007402170649942,31,0.0004306551488424,0.00032688063891145,0.0005903498508474,4.875841627755288e-05,0.0007402170649942,0,,,,,
C2RCC+T-Mart,20240619_WAL,3,5,704,31,58.42,44.725,102.265,7.99,174.09,31,-58.42,-102.265,-44.725,-174.09,-7.99,31,0.0004475401753288,0.00037062403540764996,0.0006333139582454,7.351170069830749e-05,0.0008338019958046,31,0.0004475401753288,0.00037062403540764996,0.0006333139582454,7.351170069830749e-05,0.0008338019958046,0,,,,,
ACOLITE,20240619_WAL,3,6,704,31,94.71,73.7,105.42,0.55,166.43,31,94.71,73.7,105.42,-0.55,166.43,31,0.0011240884366316,0.00090100017775255,0.0012895687006419499,6.824525688886628e-06,0.0016538778552615,31,0.0011240884366316,0.00090100017775255,0.0012895687006419499,6.824525688886628e-06,0.0016538778552615,0,,,,,
GAAC,20240619_WAL,3,7,704,30,97.845,52.1575,133.62,2.61,2055.38,30,-97.845,-133.62,-52.1575,-2055.38,-2.61,30,0.00062132748115095,0.00040138606852355,0.0007253343957481749,2.9407770856898887e-05,0.001184143075093,30,0.00062132748115095,0.00040138606852355,0.0007253343957481749,2.9407770856898887e-05,0.001184143075093,0,,,,,
Polymer+T-Mart,20240619_WAL,3,8,704,30,108.76499999999999,84.9975,275.36249999999995,20.15,1040.27,30,-108.76499999999999,-275.36249999999995,-84.9975,-1040.27,-20.15,30,0.00066098116351975,0.0005390968119816,0.0009312844843302,0.0001666477333337,0.0011406762460807,30,0.00066098116351975,0.0005390968119816,0.0009312844843302,0.0001666477333337,0.0011406762460807,0,,,,,
Polymer+Radcor,20240619_WAL,3,9,704,31,125.77,71.39500000000001,248.9,20.85,573.71,31,-125.77,-248.9,-71.39500000000001,-573.71,-20.85,31,0.000709469125296,0.000504767522689,0.00088553867199355,0.0001714776316433,0.0011178942501911,31,0.000709469125296,0.000504767522689,0.00088553867199355,0.0001714776316433,0.0011178942501911,0,,,,,
C2RCC,20240619_WAL,3,10,704,31,163.81,153.235,188.055,101.18,235.73,31,-163.81,-188.055,-153.235,-235.73,-101.18,31,0.0007590205544721,0.000718033168165,0.00082958219216325,0.0004997882461253,0.0009217355676201,31,0.0007590205544721,0.000718033168165,0.00082958219216325,0.0004997882461253,0.0009217355676201,0,,,,,
Polymer,20240619_WAL,3,11,704,2,2053.9,1359.68,2748.12,665.46,3442.34,2,-2053.9,-2748.12,-1359.68,-3442.34,-665.46,2,0.0011001558871549001,0.00098204523495095,0.00121826653935885,0.000863934582747,0.0013363771915628,2,0.0011001558871549001,0.00098204523495095,0.00121826653935885,0.000863934582747,0.0013363771915628,0,,,,,
Polymer+T-Mart,20240619_WAL,3,1,overall,31,8.68,6.63,21.555,4.88,50.98,31,-2.14,-5.225,0.6,-9.95,24.66511728797103,31,0.00057,0.00045,0.00096,0.00037,0.0031873669516578,31,0.00068,0.000525,0.00117,0.00043,0.0039719970262151,31,4.285976859441925,3.6455204326230786,7.085213211313766,2.9694929059162827,12.235462708345333
Polymer+Radcor,20240619_WAL,3,2,overall,31,10.73,6.789999999999999,15.715,2.75,35.74,31,1.8,-0.21500000000000002,4.625,-7.1,13.44,31,0.00052,0.00045,0.000965,0.00033,0.00232,31,0.00063,0.00054,0.00117,0.00038,0.00285,31,4.2077028155045175,3.6550078752022754,6.284086267459718,2.774339415512162,9.810068065213535
RAdCor+ACOLITE,20240619_WAL,3,3,overall,31,11.33,8.59,13.175,3.08,157.6,31,-4.06,-9.715,7.795,-157.6,18.25,31,0.00064,0.000545,0.00075,0.00035,0.00219,31,0.00072,0.000595,0.00093,0.00041,0.00259,31,3.6586476597412334,2.852514623704256,4.554165321183693,1.9803096474679387,15.407014070493764
ACOLITE+T-Mart,20240619_WAL,3,4,overall,31,12.89,9.385,18.159999999999997,5.15,137.67,31,-10.06,-15.55,-0.985,-137.67,7.9,31,0.00069,0.0006050000000000001,0.001105,0.00036,0.00239,31,0.00085,0.000665,0.0012850000000000001,0.00041,0.00278,31,3.5691158007355925,2.685000088786269,3.9327504577970402,2.0120134726564283,15.530762311085551
ACOLITE,20240619_WAL,3,5,overall,31,27.15,19.12,35.935,11.84,48.1,31,-10.03,-22.02,-6.609999999999999,-48.1,-2.85,31,0.00114,0.001025,0.00146,0.00075,0.00252,31,0.00135,0.001155,0.001665,0.00087,0.00315,31,6.916221696470883,6.091916203169493,7.835642373108841,5.042061693912443,19.005099775483924
ACOLITE+RAdCor,20240619_WAL,3,6,overall,31,33.45,17.47,46.915,7.79,65.19,31,33.45,8.98,46.915,-31.771237456257538,65.19,31,0.00132,0.001025,0.00151,0.0007,0.00194,31,0.00166,0.0014650000000000002,0.00197,0.00078,0.00232,31,8.525873423649985,7.803630921520188,9.064580988092448,5.219576156760845,9.88238270419391
C2RCC+RAdCor,20240619_WAL,3,7,overall,31,39.49,32.995000000000005,47.980000000000004,23.6,65.54,31,-39.49,-47.980000000000004,-32.995000000000005,-65.54,-23.6,31,0.00157,0.00133,0.00178,0.00116,0.002,31,0.00193,0.0017200000000000002,0.0021149999999999997,0.00142,0.00243,31,3.354453602304613,1.867292186314573,6.977922250276123,0.7118073406643111,12.636372329948951
Polymer,20240619_WAL,3,8,overall,31,41.47162660136728,37.04301354753902,61.42942523188392,30.171261896721635,89.80973909727625,31,16.53840545197958,14.867762605131517,24.933619010862717,7.12,45.67530170326866,31,0.0023819135737038,0.00216056796783565,0.0033083045425954,0.00189,0.0053825167444164,31,0.0029413180459203,0.00264976992712835,0.0039990344221501,0.00246,0.0064729753680888,31,10.904050781387747,10.000910354409246,12.432758516724117,9.326232409712391,15.635256546970428
C2RCC+T-Mart,20240619_WAL,3,9,overall,31,45.89,38.635000000000005,56.48,28.9,71.26,31,-45.89,-56.48,-38.635000000000005,-71.26,-28.9,31,0.00176,0.00154,0.00189,0.0013,0.00231,31,0.00209,0.00197,0.00224,0.00171,0.00268,31,3.2917003947832675,1.8648230131649233,6.68106117650322,0.8520999222564061,12.706039050124245
GAAC,20240619_WAL,3,10,overall,31,61.43,49.795,77.4,29.01,161.72,31,-61.43,-77.4,-49.795,-161.72,-29.01,31,0.00237,0.0021850000000000003,0.00263,0.00186,0.0030073802926451,31,0.00281,0.0025250000000000003,0.00302,0.00216,0.00339,31,8.74904743546169,7.7495887772159255,9.636669768093249,5.625386237193809,12.083141255264842
C2RCC,20240619_WAL,3,11,overall,31,74.71,72.105,77.21000000000001,65.23,96.47,31,-74.71,-77.21000000000001,-72.105,-96.47,-65.23,31,0.00166,0.001585,0.001855,0.00144,0.00198,31,0.00237,0.0023150000000000002,0.0024749999999999998,0.00212,0.00273,31,15.650314617609332,14.69409177318286,17.191768376099972,13.590519872357593,18.894292102615232
RAdCor+ACOLITE,20240619_WAL,4,1,443,93,5.56,2.69,9.69,0.08,214.28,93,1.92,-3.46,6.47,-214.28,33.52,93,0.0003976645527694,0.0001929361894588,0.0006765003407459,6.058810541153051e-06,0.0048339728517585,93,0.0003976645527694,0.0001929361894588,0.0006765003407459,6.058810541153051e-06,0.0048339728517585,0,,,,,
ACOLITE+T-Mart,20240619_WAL,4,2,443,93,7.99,4.05,13.69,0.14,226.51,93,-7.7,-13.47,-2.76,-226.51,21.42,93,0.0005471127331891,0.0002819447566525,0.0009034677056882,1.0015801593541916e-05,0.004918455683639,93,0.0005471127331891,0.0002819447566525,0.0009034677056882,1.0015801593541916e-05,0.004918455683639,0,,,,,
C2RCC,20240619_WAL,4,3,443,93,10.29,5.16,25.94,0.16,44.6,93,10.16,5.14,25.94,-19.59,44.6,93,0.000740811446058,0.000392285446058,0.0018373745781551,1.1826498195519931e-05,0.0029558206713191,93,0.000740811446058,0.000392285446058,0.0018373745781551,1.1826498195519931e-05,0.0029558206713191,0,,,,,
Polymer+T-Mart,20240619_WAL,4,4,443,93,18.8,11.96,30.24,3.61,141.82,93,18.8,11.96,30.24,3.61,141.82,93,0.0013758472210671,0.0008718147782231,0.0021765641194347,0.0002758319655034,0.0098824716683149,93,0.0013758472210671,0.0008718147782231,0.0021765641194347,0.0002758319655034,0.0098824716683149,0,,,,,
Polymer+Radcor,20240619_WAL,4,5,443,93,23.06,13.53,37.26,2.1,101.02,93,23.06,13.53,37.26,2.1,101.02,93,0.001592498369418,0.0009846140586231,0.0025347180851379,0.0002002087216301,0.0066913689182319,93,0.001592498369418,0.0009846140586231,0.0025347180851379,0.0002002087216301,0.0066913689182319,0,,,,,
C2RCC+RAdCor,20240619_WAL,4,6,443,93,24.38,14.15,29.66,1.05,51.05,93,-24.38,-29.66,-13.22,-51.05,21.69,93,0.0014111786664782,0.0009150504412074,0.001696372740201,6.977166939949996e-05,0.0032167244412074,93,0.0014111786664782,0.0009150504412074,0.001696372740201,6.977166939949996e-05,0.0032167244412074,0,,,,,
ACOLITE,20240619_WAL,4,7,443,93,25.93,19.97,31.69,3.0,388.68,93,-25.93,-31.69,-19.97,-388.68,4.88,93,0.0014760014670836,0.001167364365786,0.0018240351708524,0.0001790117587177,0.0056390446396672,93,0.0014760014670836,0.001167364365786,0.0018240351708524,0.0001790117587177,0.0056390446396672,0,,,,,
C2RCC+T-Mart,20240619_WAL,4,8,443,93,31.0,18.42,36.81,0.97,46.99,93,-31.0,-36.81,-18.42,-46.99,9.04,93,0.0017210250738956,0.0010960552294661,0.0019639611565411,6.722145256912553e-05,0.0025171449093455,93,0.0017210250738956,0.0010960552294661,0.0019639611565411,6.722145256912553e-05,0.0025171449093455,0,,,,,
ACOLITE+RAdCor,20240619_WAL,4,9,443,93,47.04,41.23,52.23,1.69,85.12,93,46.74,39.98,52.19,-55.11,85.12,93,0.003402657836483,0.0029416535501985,0.0036735774109225,0.0001117628680589,0.0050786524486179,93,0.003402657836483,0.0029416535501985,0.0036735774109225,0.0001117628680589,0.0050786524486179,0,,,,,
Polymer,20240619_WAL,4,10,443,93,80.01,68.55,104.42,57.27,175.97,93,80.01,68.55,104.42,57.27,175.97,93,0.0057391985067178,0.0050144143012243,0.0071517663634498,0.0042504492961369,0.011656199037809,93,0.0057391985067178,0.0050144143012243,0.0071517663634498,0.0042504492961369,0.011656199037809,0,,,,,
GAAC,20240619_WAL,4,11,443,93,111.53,102.33,121.43,70.4,247.94,93,-111.53,-121.43,-102.33,-247.94,-70.4,93,0.0038534868133775,0.0035743229651883,0.0040339142526825,0.0024651132594087,0.0067827273720281,93,0.0038534868133775,0.0035743229651883,0.0040339142526825,0.0024651132594087,0.0067827273720281,0,,,,,
C2RCC,20240619_WAL,4,1,490,93,5.67,2.21,10.66,0.1,34.96,93,1.53,-2.7,10.5,-34.96,23.06,93,0.0005728475876925,0.0002296262907326,0.0010595104581953,1.0289632712576909e-05,0.0035503028468666,93,0.0005728475876925,0.0002296262907326,0.0010595104581953,1.0289632712576909e-05,0.0035503028468666,0,,,,,
Polymer+T-Mart,20240619_WAL,4,2,490,93,7.4,3.24,16.26,0.27,61.46,93,7.4,3.09,16.26,-3.8,61.46,93,0.0007270473007708,0.0003253898937042,0.0015528927980363,2.822442862361781e-05,0.0064328666942537,93,0.0007270473007708,0.0003253898937042,0.0015528927980363,2.822442862361781e-05,0.0064328666942537,0,,,,,
RAdCor+ACOLITE,20240619_WAL,4,3,490,93,8.42,3.28,15.23,0.26,42.41,93,-7.88,-14.93,-2.09,-42.41,17.87,93,0.0007758785602316,0.0003154889358654,0.0014109563466196,2.5887221980094507e-05,0.0040813274499206,93,0.0007758785602316,0.0003154889358654,0.0014109563466196,2.5887221980094507e-05,0.0040813274499206,0,,,,,
Polymer+Radcor,20240619_WAL,4,4,490,93,12.29,7.25,21.16,0.0,53.8,93,11.8,6.99,21.16,-14.31,53.8,93,0.001255648113732,0.0007495686851774,0.0020753117491177,1.8331809792382362e-08,0.0052293121207279,93,0.001255648113732,0.0007495686851774,0.0020753117491177,1.8331809792382362e-08,0.0052293121207279,0,,,,,
ACOLITE+T-Mart,20240619_WAL,4,5,490,93,12.39,7.78,21.84,0.96,54.36,93,-12.39,-21.84,-7.36,-54.36,11.58,93,0.0011003926659402,0.0007201880521135,0.0018381781832332,9.293386005735337e-05,0.0048262504678397,93,0.0011003926659402,0.0007201880521135,0.0018381781832332,9.293386005735337e-05,0.0048262504678397,0,,,,,
ACOLITE+RAdCor,20240619_WAL,4,6,490,93,14.77,9.2,18.77,1.12,42.71,93,14.17,7.83,18.58,-28.23,42.71,93,0.0014847222266755,0.0009437679821376,0.001880015558146,0.0001235774716706,0.003687976346251,93,0.0014847222266755,0.0009437679821376,0.001880015558146,0.0001235774716706,0.003687976346251,0,,,,,
C2RCC+RAdCor,20240619_WAL,4,7,490,93,15.45,7.67,19.41,0.39,47.69,93,-15.45,-19.41,-6.23,-47.69,9.84,93,0.0013567340640123,0.0006987316367875,0.0016688712254278,3.40580640123371e-05,0.0044256692586896,93,0.0013567340640123,0.0006987316367875,0.0016688712254278,3.40580640123371e-05,0.0044256692586896,0,,,,,
C2RCC+T-Mart,20240619_WAL,4,8,490,93,20.94,10.26,25.44,0.32,39.43,93,-20.94,-25.44,-10.26,-39.43,5.84,93,0.0017184320509621,0.0009346296653238,0.0020959313973834,3.275015313338771e-05,0.0038760352798625,93,0.0017184320509621,0.0009346296653238,0.0020959313973834,3.275015313338771e-05,0.0038760352798625,0,,,,,
ACOLITE,20240619_WAL,4,9,490,93,21.57,16.0,29.83,0.34,62.67,93,-21.57,-29.83,-16.0,-62.67,3.47,93,0.0017709421256957,0.001388692327495,0.0023939494344382,3.066528263473596e-05,0.005280179884675,93,0.0017709421256957,0.001388692327495,0.0023939494344382,3.066528263473596e-05,0.005280179884675,0,,,,,
Polymer,20240619_WAL,4,10,490,93,37.31,31.4,49.35,19.1,84.26,93,37.31,31.4,49.35,19.1,84.26,93,0.0036688320239927,0.0031714728026055,0.0048476384374886,0.0024592627725783,0.0081897153208622,93,0.0036688320239927,0.0031714728026055,0.0048476384374886,0.0024592627725783,0.0081897153208622,0,,,,,
GAAC,20240619_WAL,4,11,490,93,56.63,45.84,68.48,27.92,130.35,93,-56.63,-68.48,-45.84,-130.35,-27.92,93,0.0036550263286273,0.0030621756392099,0.0041302157578841,0.0018845344123851,0.0077553947796479,93,0.0036550263286273,0.0030621756392099,0.0041302157578841,0.0018845344123851,0.0077553947796479,0,,,,,
Polymer+Radcor,20240619_WAL,4,1,560,93,4.35,1.83,7.13,0.07,25.28,93,2.11,-1.42,6.97,-25.28,23.07,93,0.0004747243959551,0.0002010157323884,0.0008099991392827,7.413832146004398e-06,0.0030423553182187,93,0.0004747243959551,0.0002010157323884,0.0008099991392827,7.413832146004398e-06,0.0030423553182187,0,,,,,
Polymer+T-Mart,20240619_WAL,4,2,560,93,4.43,2.48,6.56,0.05,20.4,93,-1.22,-5.4,2.77,-12.26,20.4,93,0.0004793739183032,0.0002627391186509,0.0007247218816195,6.030880441092179e-06,0.002440990494267,93,0.0004793739183032,0.0002627391186509,0.0007247218816195,6.030880441092179e-06,0.002440990494267,0,,,,,
ACOLITE+RAdCor,20240619_WAL,4,3,560,93,5.73,2.68,9.94,0.06,50.74,93,2.72,-1.76,8.56,-50.74,29.03,93,0.0006307062880196,0.0002982431130833,0.001082405649249,6.2354143967637e-06,0.0037709821606452,93,0.0006307062880196,0.0002982431130833,0.001082405649249,6.2354143967637e-06,0.0037709821606452,0,,,,,
RAdCor+ACOLITE,20240619_WAL,4,4,560,93,6.68,2.24,12.03,0.03,34.4,93,-5.46,-11.92,-1.17,-34.4,18.26,93,0.0007247819931988,0.0002425874379529,0.0012871399651584,3.1596990833285266e-06,0.0038584894416298,93,0.0007247819931988,0.0002425874379529,0.0012871399651584,3.1596990833285266e-06,0.0038584894416298,0,,,,,
ACOLITE+T-Mart,20240619_WAL,4,5,560,93,8.11,3.65,15.23,0.03,35.96,93,-7.83,-14.93,-2.61,-35.96,15.93,93,0.0008779445045061,0.0004002580818209,0.0015238704490461,3.1212755684847243e-06,0.0039872215045061,93,0.0008779445045061,0.0004002580818209,0.0015238704490461,3.1212755684847243e-06,0.0039872215045061,0,,,,,
ACOLITE,20240619_WAL,4,6,560,93,8.53,3.23,13.45,0.09,36.97,93,-6.68,-13.37,-2.11,-36.97,16.63,93,0.0008813664489374,0.0003431147544841,0.0013333183349599,9.224729101657904e-06,0.0040697031570043,93,0.0008813664489374,0.0003431147544841,0.0013333183349599,9.224729101657904e-06,0.0040697031570043,0,,,,,
Polymer,20240619_WAL,4,7,560,93,13.89,9.95,19.33,3.04,38.07,93,13.89,9.95,19.33,-5.87,38.07,93,0.0015732730942419,0.0011206177875679,0.0021552864215867,0.0003749177193193,0.0040371094387923,93,0.0015732730942419,0.0011206177875679,0.0021552864215867,0.0003749177193193,0.0040371094387923,0,,,,,
GAAC,20240619_WAL,4,8,560,93,31.17,24.91,38.28,7.71,82.4,93,-31.17,-38.28,-24.91,-82.4,-7.71,93,0.002674481952217,0.0021827759460674,0.003210497770754,0.000685071606716,0.0068110046849182,93,0.002674481952217,0.0021827759460674,0.003210497770754,0.000685071606716,0.0068110046849182,0,,,,,
C2RCC+RAdCor,20240619_WAL,4,9,560,93,34.13,28.58,41.8,7.03,97.42,93,-34.13,-41.8,-28.58,-97.42,-7.03,93,0.002780646667601,0.0024249720688488,0.0034554906471489,0.0006279031605223,0.0074397141116441,93,0.002780646667601,0.0024249720688488,0.0034554906471489,0.0006279031605223,0.0074397141116441,0,,,,,
C2RCC+T-Mart,20240619_WAL,4,10,560,93,37.17,31.88,48.86,12.47,135.38,93,-37.17,-48.86,-31.88,-135.38,-12.47,93,0.0030268736472469,0.0026562087144337,0.0037358820735013,0.0010604539417333,0.0086712796318702,93,0.0030268736472469,0.0026562087144337,0.0037358820735013,0.0010604539417333,0.0086712796318702,0,,,,,
C2RCC,20240619_WAL,4,11,560,93,68.4,60.95,76.94,41.65,139.08,93,-68.4,-76.94,-60.95,-139.08,-41.65,93,0.0044870893594321,0.0041042792725026,0.0050182905138847,0.0028122729551848,0.0087704258752362,93,0.0044870893594321,0.0041042792725026,0.0050182905138847,0.0028122729551848,0.0087704258752362,0,,,,,
Polymer+Radcor,20240619_WAL,4,1,665,93,16.85,7.21,27.71,0.54,152.51,93,-14.05,-25.36,-4.79,-152.51,133.1,93,0.0003471425098168,0.0001557811396715,0.0005155480423498,1.2248989548885834e-05,0.003061324506973,93,0.0003471425098168,0.0001557811396715,0.0005155480423498,1.2248989548885834e-05,0.003061324506973,0,,,,,
RAdCor+ACOLITE,20240619_WAL,4,2,665,93,19.94,9.71,38.92,0.03,263.46,93,-16.99,-36.57,-4.22,-263.46,152.91,93,0.0004183144547342,0.0002131240704416,0.0007064992432247,7.171516345737261e-07,0.0026283579970654,93,0.0004183144547342,0.0002131240704416,0.0007064992432247,7.171516345737261e-07,0.0026283579970654,0,,,,,
ACOLITE+RAdCor,20240619_WAL,4,3,665,93,20.92,10.62,37.13,0.13,584.34,93,11.31,-9.32,22.91,-584.34,197.16,93,0.0004615579058325,0.0002389854195163,0.000784714868887,2.906389954328379e-06,0.0021541073794556,93,0.0004615579058325,0.0002389854195163,0.000784714868887,2.906389954328379e-06,0.0021541073794556,0,,,,,
Polymer+T-Mart,20240619_WAL,4,4,665,93,22.88,15.67,30.98,0.09,287.63,93,-22.42,-30.04,-14.63,-287.63,73.69,93,0.0004627655876667,0.0003104010463102,0.0005968854713046,1.8617854465139555e-06,0.0037610535232816,93,0.0004627655876667,0.0003104010463102,0.0005968854713046,1.8617854465139555e-06,0.0037610535232816,0,,,,,
ACOLITE+T-Mart,20240619_WAL,4,5,665,93,25.82,12.77,54.5,0.28,1412.78,93,-21.78,-54.36,-7.28,-1412.78,147.42,93,0.0005157080794509,0.0002870782582989,0.0008521690842308,6.4279661977292846e-06,0.0028936897030975,93,0.0005157080794509,0.0002870782582989,0.0008521690842308,6.4279661977292846e-06,0.0028936897030975,0,,,,,
ACOLITE,20240619_WAL,4,6,665,93,26.88,14.19,53.7,0.32,996.39,93,-23.72,-53.08,-9.27,-996.39,143.33,93,0.0005123695208516,0.0002757651337391,0.0008919468039819,7.994608975052993e-06,0.0029433203487601,93,0.0005123695208516,0.0002757651337391,0.0008919468039819,7.994608975052993e-06,0.0029433203487601,0,,,,,
C2RCC+RAdCor,20240619_WAL,4,7,665,93,78.69,62.14,100.89,24.28,376.13,93,-78.69,-100.89,-62.14,-376.13,46.77,93,0.0010564099501599,0.0008874898530101,0.0012711719537459,0.0003139993870746,0.0040041044264078,93,0.0010564099501599,0.0008874898530101,0.0012711719537459,0.0003139993870746,0.0040041044264078,0,,,,,
Polymer,20240619_WAL,4,8,665,93,80.64,67.53,94.11,19.51,308.36,93,-80.64,-94.11,-67.53,-308.36,42.97,93,0.0011005358898705,0.0009180186066301,0.0012178703144401,0.0002623598663634,0.0038274233815456,93,0.0011005358898705,0.0009180186066301,0.0012178703144401,0.0002623598663634,0.0038274233815456,0,,,,,
GAAC,20240619_WAL,4,9,665,93,81.32,56.73,122.43,1.65,400.84,93,-81.32,-122.43,-56.73,-400.84,55.23,93,0.0010546069109417,0.0008111797074606,0.0013479460979085,2.6490879135799426e-05,0.0040566240306303,93,0.0010546069109417,0.0008111797074606,0.0013479460979085,2.6490879135799426e-05,0.0040566240306303,0,,,,,
C2RCC+T-Mart,20240619_WAL,4,10,665,93,88.33,69.9,113.18,28.63,574.32,93,-88.33,-113.18,-69.9,-574.32,38.51,93,0.0011255222490405,0.0009440926960239,0.0013392905641048,0.0003576876960313,0.0043169890482736,93,0.0011255222490405,0.0009440926960239,0.0013392905641048,0.0003576876960313,0.0043169890482736,0,,,,,
C2RCC,20240619_WAL,4,11,665,93,197.3,178.88,221.64,29.0,585.23,93,-197.3,-221.64,-178.88,-585.23,-29.0,93,0.0015681050272402,0.0014608065681067,0.0017528487868204,0.0002456165681067,0.0043289536631761,93,0.0015681050272402,0.0014608065681067,0.0017528487868204,0.0002456165681067,0.0043289536631761,0,,,,,
ACOLITE+T-Mart,20240619_WAL,4,1,704,93,26.61,12.53,50.88,0.57,687.95,93,13.66,-7.84,37.31,-260.45,687.95,93,0.0003281223306863,0.0001558949825674,0.0005641605962187,8.062631929695507e-06,0.001646983075057,93,0.0003281223306863,0.0001558949825674,0.0005641605962187,8.062631929695507e-06,0.001646983075057,0,,,,,
ACOLITE+RAdCor,20240619_WAL,4,2,704,87,27.73,10.065,52.63,0.34,1270.43,87,11.42,-6.765000000000001,36.595,-1270.43,697.05,87,0.0003378536420146,0.00013485781856374999,0.0006122085040441,4.4767125036717335e-06,0.0018537469167915,87,0.0003378536420146,0.00013485781856374999,0.0006122085040441,4.4767125036717335e-06,0.0018537469167915,0,,,,,
RAdCor+ACOLITE,20240619_WAL,4,3,704,93,30.28,12.49,54.23,0.13,734.25,93,19.38,-1.71,42.77,-289.55,734.25,93,0.0003682447806698,0.0001519631425729,0.0006207933906584,1.940830798745092e-06,0.0017578175627709,93,0.0003682447806698,0.0001519631425729,0.0006207933906584,1.940830798745092e-06,0.0017578175627709,0,,,,,
C2RCC+RAdCor,20240619_WAL,4,4,704,93,65.37,46.94,92.35,1.1,487.04,93,-65.13,-90.68,-46.62,-487.04,306.71,93,0.0005197406015347,0.0003931819572674,0.0006523693274463,9.286957267489186e-06,0.0030128343071883,93,0.0005197406015347,0.0003931819572674,0.0006523693274463,9.286957267489186e-06,0.0030128343071883,0,,,,,
ACOLITE,20240619_WAL,4,5,704,93,73.32,49.74,96.6,1.09,986.1,93,73.32,49.74,96.6,-31.73,986.1,93,0.0010032988341491,0.0007301587884284,0.0011911618587708,1.3495525688886604e-05,0.0023607630153269,93,0.0010032988341491,0.0007301587884284,0.0011911618587708,1.3495525688886604e-05,0.0023607630153269,0,,,,,
C2RCC+T-Mart,20240619_WAL,4,6,704,93,74.76,54.02,107.03,5.47,730.26,93,-74.17,-98.23,-52.22,-730.26,283.82,93,0.0005738836552299,0.0004257585584129,0.0006934246380739,4.4227495515744304e-05,0.0031940470965946,93,0.0005738836552299,0.0004257585584129,0.0006934246380739,4.4227495515744304e-05,0.0031940470965946,0,,,,,
GAAC,20240619_WAL,4,7,704,91,104.57,64.29,212.245,2.21,2150.49,91,-103.84,-208.67000000000002,-61.870000000000005,-2150.49,253.26,91,0.0006623502016114,0.00046698503840785,0.00092037315647525,1.846798845652116e-05,0.0013598410755946,91,0.0006623502016114,0.00046698503840785,0.00092037315647525,1.846798845652116e-05,0.0013598410755946,0,,,,,
Polymer+Radcor,20240619_WAL,4,8,704,93,134.24,89.23,214.7,8.18,1330.36,93,-132.24,-206.87,-86.76,-1330.36,237.75,93,0.0007696283140516,0.0005873099786052,0.0009281352102945,5.401382303241728e-05,0.0033775483810511,93,0.0007696283140516,0.0005873099786052,0.0009281352102945,5.401382303241728e-05,0.0033775483810511,0,,,,,
Polymer+T-Mart,20240619_WAL,4,9,704,91,144.91,100.03,232.99,28.48,827.29,91,-140.03,-232.99,-99.38,-827.29,194.5,91,0.0007877901196102,0.0006134226509055499,0.0009583510027106001,0.0001583049419646,0.0014850603890031,91,0.0007877901196102,0.0006134226509055499,0.0009583510027106001,0.0001583049419646,0.0014850603890031,0,,,,,
C2RCC,20240619_WAL,4,10,704,93,181.16,160.77,208.1,49.05,743.07,93,-181.16,-208.1,-160.77,-743.07,105.27,93,0.0008433535301168,0.0007544847474214,0.0009526489498884,0.0002348890538484,0.0032006898928249,93,0.0008433535301168,0.0007544847474214,0.0009526489498884,0.0002348890538484,0.0032006898928249,0,,,,,
Polymer,20240619_WAL,4,11,704,8,1923.3899999999999,1486.8325,5635.0975,1343.91,6023.89,8,-1923.3899999999999,-5635.0975,-1486.8325,-6023.89,-1343.91,8,0.0012036038845677,0.0011760496276297249,0.0012620766931071999,0.0011419095016467,0.0013768057080528,8,0.0012036038845677,0.0011760496276297249,0.0012620766931071999,0.0011419095016467,0.0013768057080528,0,,,,,
RAdCor+ACOLITE,20240619_WAL,4,1,overall,93,9.51,5.41,14.49,1.89,213.67,93,-4.28,-12.94,0.03,-213.67,33.52,93,0.00052,0.00035,0.00077,0.00021,0.00287,93,0.00062,0.00041,0.001,0.00024,0.00302,93,3.146517288193252,2.5198586150974727,3.562414978648011,1.2352992842545678,15.649249624180998
ACOLITE+T-Mart,20240619_WAL,4,2,overall,93,12.67,6.41,17.77,1.01,225.88,93,-10.14,-16.77,-3.47,-225.88,21.42,93,0.00069,0.0004,0.0011,0.00015,0.0031,93,0.00079,0.00048,0.00126,0.00018,0.00336,93,2.7376786815377625,2.3575593290420027,3.341375811622793,1.232009968351814,16.239152569112978
Polymer+T-Mart,20240619_WAL,4,3,overall,93,16.04,10.49,24.82,5.43,87.57647636918911,93,-0.11,-5.25,3.52,-12.26,39.42430334489433,93,0.00077,0.00057,0.00106,0.00043,0.005055641323797,93,0.00089,0.00063,0.00133,0.00047,0.0060653380793517,93,5.120747629932361,4.221489725968644,6.703422424499243,2.9311557462837223,16.487817415453048
Polymer+Radcor,20240619_WAL,4,4,overall,93,17.41,10.09,25.83,4.8,53.8,93,2.19,-0.71,7.12,-25.28,35.78,93,0.00085,0.00057,0.00126,0.0004,0.00304,93,0.00104,0.00069,0.00155,0.00047,0.00391,93,4.759763202262743,3.9956418354830174,7.112552696647106,2.276853703340146,12.945911243273477
ACOLITE+RAdCor,20240619_WAL,4,5,overall,93,18.58,11.42,26.84,2.37,85.12,93,9.94,2.68,21.62,-50.01910319581955,85.12,93,0.00124,0.00099,0.00152,0.00047,0.00307,93,0.00172,0.00148,0.00194,0.00056,0.0033,93,7.574027006518422,6.932710772591963,8.440267441591995,4.539015840160459,10.009408591690796
ACOLITE,20240619_WAL,4,6,overall,93,24.24,17.14,32.01,8.43,62.67,93,-17.58,-28.3,-9.36,-62.67,16.63,93,0.00109,0.00084,0.00145,0.0006,0.00338,93,0.00122,0.00101,0.00159,0.00076,0.00368,93,6.349927625488132,5.966450833914677,6.790335427393743,5.142250231778063,19.59752383677664
C2RCC+RAdCor,20240619_WAL,4,7,overall,93,34.29,29.05,41.8,7.03,97.42,93,-34.29,-41.8,-29.05,-97.42,-1.13,93,0.00143,0.00112,0.0017,0.00046,0.00442,93,0.00165,0.00134,0.00193,0.00051,0.0047,93,4.690636785596895,3.674737720615413,6.492993042889386,1.9233722006769984,15.142479852355182
C2RCC+T-Mart,20240619_WAL,4,8,overall,93,38.97,32.7,48.86,12.7,135.38,93,-38.97,-48.86,-32.7,-135.38,-6.53,93,0.00158,0.00131,0.00192,0.00068,0.0044,93,0.00186,0.00153,0.00215,0.00071,0.00495,93,4.546966668275352,3.476196321975655,6.529836877814249,2.2902788385473976,19.009654707746925
Polymer,20240619_WAL,4,9,overall,93,54.52607666282847,47.39310484670389,67.16056521314519,36.52792714494997,112.46643353521964,93,24.46196994407963,19.150687259576383,33.5265046164267,6.065497042725254,58.40442752780612,93,0.0030174224271356,0.0025355076230429,0.0037891020198551,0.00214,0.0059849061961646,93,0.0035872021118623,0.0030387839316269,0.0044429059520317,0.00249,0.0072924821816218,93,11.341246519533374,10.34652544452483,12.881320883629677,9.002425593168152,17.953730220751808
C2RCC,20240619_WAL,4,10,overall,93,68.4,60.95,76.94,29.0,139.08,93,-68.4,-76.94,-60.95,-139.08,13.98,93,0.00174,0.00154,0.00198,0.00115,0.00428,93,0.00231,0.00214,0.0025,0.00149,0.00492,93,16.60558247266251,15.647637639283586,17.839119050208918,13.477211081298144,20.343269326807416
GAAC,20240619_WAL,4,11,overall,93,69.72,54.15,99.91,21.92,183.1019607427585,93,-69.72,-99.91,-54.07,-183.1019607427585,-7.71,93,0.00239,0.00207,0.00273,0.00123,0.0063514377168062,93,0.00273,0.00238,0.00307,0.00147,0.0064999523485814,93,9.32084264739011,8.680240020105991,9.94118238172209,6.918841827564639,13.63875602811374
Polymer+T-Mart,20250303_CST,1,1,443,31,104.02,91.33,108.88499999999999,74.28,139.14,31,104.02,91.33,108.88499999999999,74.28,139.14,31,0.0015456837683582,0.0014089459005944501,0.00165740745779705,0.0011560983044772,0.0020015138740605,31,0.0015456837683582,0.0014089459005944501,0.00165740745779705,0.0011560983044772,0.0020015138740605,0,,,,,
Polymer+Radcor,20250303_CST,1,2,443,31,107.0,94.465,118.145,80.33,151.24,31,107.0,94.465,118.145,80.33,151.24,31,0.0016266164232116,0.0014492061992554001,0.0017591751660498,0.0011774301947679,0.0020354362575907,31,0.0016266164232116,0.0014492061992554001,0.0017591751660498,0.0011774301947679,0.0020354362575907,0,,,,,
Polymer,20250303_CST,1,3,443,31,111.08,100.345,118.38,83.72,151.31,31,111.08,100.345,118.38,83.72,151.31,31,0.0016613321943731,0.0015229227293332,0.0017680474922632,0.0013022211759856,0.0020949110784259,31,0.0016613321943731,0.0015229227293332,0.0017680474922632,0.0013022211759856,0.0020949110784259,0,,,,,
C2RCC+T-Mart,20250303_CST,1,4,443,31,158.67,147.82999999999998,165.6,130.11,202.1,31,158.67,147.82999999999998,165.6,130.11,202.1,31,0.0024009363524683,0.0022865692424712,0.00248518943445465,0.0021699130009151,0.0027325056608392,31,0.0024009363524683,0.0022865692424712,0.00248518943445465,0.0021699130009151,0.0027325056608392,0,,,,,
C2RCC+RAdCor,20250303_CST,1,5,443,31,163.72,150.22,169.60500000000002,133.94,204.96,31,163.72,150.22,169.60500000000002,133.94,204.96,31,0.0024354972090648,0.0023104286770334,0.00254432351924865,0.0020834489640371,0.0026924613652343,31,0.0024354972090648,0.0023104286770334,0.00254432351924865,0.0020834489640371,0.0026924613652343,0,,,,,
C2RCC,20250303_CST,1,6,443,31,166.25,154.76999999999998,171.515,134.61,206.9,31,166.25,154.76999999999998,171.515,134.61,206.9,31,0.002484702792778,0.0023721785548765,0.002578988723864,0.0022162142371771,0.0027245326600698,31,0.002484702792778,0.0023721785548765,0.002578988723864,0.0022162142371771,0.0027245326600698,0,,,,,
RAdCor+ACOLITE,20250303_CST,1,7,443,31,238.77,222.57,259.59000000000003,188.2,343.73,31,238.77,222.57,259.59000000000003,188.2,343.73,31,0.0036203079231946,0.0033007541668151003,0.003945813960270951,0.0028802320118565,0.0044469611220908,31,0.0036203079231946,0.0033007541668151003,0.003945813960270951,0.0028802320118565,0.0044469611220908,0,,,,,
ACOLITE+T-Mart,20250303_CST,1,8,443,31,253.55,240.63,268.78,214.66,345.9,31,253.55,240.63,268.78,214.66,345.9,31,0.0037987646178829,0.0036464332045724,0.0039894936457926,0.0033172074316797,0.0044750907891345,31,0.0037987646178829,0.0036464332045724,0.0039894936457926,0.0033172074316797,0.0044750907891345,0,,,,,
ACOLITE,20250303_CST,1,9,443,31,254.77,245.855,275.975,209.88,353.37,31,254.77,245.855,275.975,209.88,353.37,31,0.0038749482652065,0.0036418731528009,0.00409592216282125,0.0032433260774967,0.0045717862867665,31,0.0038749482652065,0.0036418731528009,0.00409592216282125,0.0032433260774967,0.0045717862867665,0,,,,,
ACOLITE+RAdCor,20250303_CST,1,10,443,31,376.08,362.90999999999997,392.55,327.4,459.1,31,376.08,362.90999999999997,392.55,327.4,459.1,31,0.0056492893413033,0.005545128120089,0.005751565781036199,0.0054067213631031,0.005939578773911,31,0.0056492893413033,0.005545128120089,0.005751565781036199,0.0054067213631031,0.005939578773911,0,,,,,
GAAC,20250303_CST,1,,443,0,,,,,,0,,,,,,0,,,,,,0,,,,,,0,,,,,
Polymer+T-Mart,20250303_CST,1,1,490,31,46.86,39.53,52.67,30.49,68.11,31,46.86,39.53,52.67,30.49,68.11,31,0.0010225682280053,0.0009002432069006,0.0011666168793057,0.0006791967263308,0.0014768344769881,31,0.0010225682280053,0.0009002432069006,0.0011666168793057,0.0006791967263308,0.0014768344769881,0,,,,,
Polymer+Radcor,20250303_CST,1,2,490,31,52.03,44.84,60.525000000000006,35.46,75.25,31,52.03,44.84,60.525000000000006,35.46,75.25,31,0.0011629060708361,0.00097289728254965,0.0013279086046423501,0.0007808123823915,0.0016315640527678,31,0.0011629060708361,0.00097289728254965,0.0013279086046423501,0.0007808123823915,0.0016315640527678,0,,,,,
Polymer,20250303_CST,1,3,490,31,55.15,49.114999999999995,62.025,40.92,74.61,31,55.15,49.114999999999995,62.025,40.92,74.61,31,0.001210855869516,0.0011130364341867,0.00135306387529355,0.0009003009686762,0.0016176359808157,31,0.001210855869516,0.0011130364341867,0.00135306387529355,0.0009003009686762,0.0016176359808157,0,,,,,
C2RCC+RAdCor,20250303_CST,1,4,490,31,93.79,86.8,99.735,75.61,111.31,31,93.79,86.8,99.735,75.61,111.31,31,0.002035108141224,0.00197544407533445,0.00216850326791465,0.0016839901832895,0.0023281311359089,31,0.002035108141224,0.00197544407533445,0.00216850326791465,0.0016839901832895,0.0023281311359089,0,,,,,
C2RCC+T-Mart,20250303_CST,1,5,490,31,95.83,88.03,98.88,80.37,110.05,31,95.83,88.03,98.88,80.37,110.05,31,0.0020560545763962,0.00196049333762775,0.00214793110233455,0.0018127923950268,0.0023073056456658,31,0.0020560545763962,0.00196049333762775,0.00214793110233455,0.0018127923950268,0.0023073056456658,0,,,,,
C2RCC,20250303_CST,1,6,490,31,98.33,91.735,101.345,82.77,110.77,31,98.33,91.735,101.345,82.77,110.77,31,0.0021068402464174,0.0020187382161677503,0.00220883147883875,0.0018455805639839,0.0023197030806524,31,0.0021068402464174,0.0020187382161677503,0.00220883147883875,0.0018455805639839,0.0023197030806524,0,,,,,
RAdCor+ACOLITE,20250303_CST,1,7,490,31,127.3,116.695,136.98000000000002,93.98,169.83,31,127.3,116.695,136.98000000000002,93.98,169.83,31,0.0027840184683661,0.00248934079917355,0.00303252210597615,0.0020808499293103,0.0034430344383089,31,0.0027840184683661,0.00248934079917355,0.00303252210597615,0.0020808499293103,0.0034430344383089,0,,,,,
ACOLITE+T-Mart,20250303_CST,1,8,490,31,130.87,125.85499999999999,136.0,108.03,166.33,31,130.87,125.85499999999999,136.0,108.03,166.33,31,0.0028389969803426,0.0027095923179123998,0.0030229942103765497,0.0023846846060528,0.0033721440265743,31,0.0028389969803426,0.0027095923179123998,0.0030229942103765497,0.0023846846060528,0.0033721440265743,0,,,,,
ACOLITE,20250303_CST,1,9,490,31,135.26,127.99499999999999,141.805,106.23,172.89,31,135.26,127.99499999999999,141.805,106.23,172.89,31,0.0029375751465592,0.0027611261212562,0.0031542541155509503,0.0023601526381149,0.0035049697178273,31,0.0029375751465592,0.0027611261212562,0.0031542541155509503,0.0023601526381149,0.0035049697178273,0,,,,,
ACOLITE+RAdCor,20250303_CST,1,10,490,31,203.88,194.41,209.2,184.77,230.02,31,203.88,194.41,209.2,184.77,230.02,31,0.0044543467638208,0.0043812407740837,0.00450424139147405,0.0042071409712607,0.0046633310410051,31,0.0044543467638208,0.0043812407740837,0.00450424139147405,0.0042071409712607,0.0046633310410051,0,,,,,
GAAC,20250303_CST,1,11,490,24,819.115,601.7524999999999,1302.3375,483.37,3517.93,24,-819.115,-1302.3375,-601.7524999999999,-3517.93,-483.37,24,0.0019769443891555,0.001929855554836225,0.002014549916806125,0.0016798035165655,0.0021437003890969,24,0.0019769443891555,0.001929855554836225,0.002014549916806125,0.0016798035165655,0.0021437003890969,0,,,,,
Polymer+Radcor,20250303_CST,1,1,560,31,4.61,3.455,8.095,1.54,12.82,31,3.78,-2.8049999999999997,8.095,-6.55,12.82,31,9.706602542819148e-05,7.133897984410451e-05,0.00016938748747820001,3.187267914181793e-05,0.0002727252290717,31,9.706602542819148e-05,7.133897984410451e-05,0.00016938748747820001,3.187267914181793e-05,0.0002727252290717,0,,,,,
Polymer+T-Mart,20250303_CST,1,2,560,31,5.0,1.7999999999999998,11.969999999999999,0.15,18.17,31,-4.77,-11.969999999999999,-0.98,-18.17,5.17,31,9.608840406892268e-05,3.578838076372364e-05,0.00022746161242185,3.067187238836241e-06,0.0003304225897002,31,9.608840406892268e-05,3.578838076372364e-05,0.00022746161242185,3.067187238836241e-06,0.0003304225897002,0,,,,,
C2RCC,20250303_CST,1,3,560,31,5.33,3.665,8.04,0.07,15.6,31,4.97,0.135,7.975,-7.8,15.6,31,0.0001132024682264,7.598595206391727e-05,0.00016202770680415,1.526559736522281e-06,0.0003229160478162,31,0.0001132024682264,7.598595206391727e-05,0.00016202770680415,1.526559736522281e-06,0.0003229160478162,0,,,,,
C2RCC+RAdCor,20250303_CST,1,4,560,31,5.63,2.59,7.74,0.35,16.59,31,5.06,-0.020000000000000018,7.365,-8.85,16.59,31,0.0001195467771859,5.4525574835952856e-05,0.00016265819674495,7.25613699515933e-06,0.0003434195108657,31,0.0001195467771859,5.4525574835952856e-05,0.00016265819674495,7.25613699515933e-06,0.0003434195108657,0,,,,,
Polymer,20250303_CST,1,5,560,31,8.72,4.1850000000000005,12.83,0.43,16.54,31,8.72,4.1850000000000005,12.83,-3.86,16.54,31,0.0001815250006961,8.682180729408114e-05,0.00027001724571550003,9.2934994695296e-06,0.0003425324254413,31,0.0001815250006961,8.682180729408114e-05,0.00027001724571550003,9.2934994695296e-06,0.0003425324254413,0,,,,,
C2RCC+T-Mart,20250303_CST,1,6,560,31,17.44,10.975,21.1,4.84,26.9,31,17.44,10.975,21.1,4.84,26.9,31,0.0003633464368354,0.00023609188279679998,0.0004430813058021,0.0001040063175554,0.0005578151804083,31,0.0003633464368354,0.00023609188279679998,0.0004430813058021,0.0001040063175554,0.0005578151804083,0,,,,,
ACOLITE+T-Mart,20250303_CST,1,7,560,31,75.52,70.875,77.975,55.19,90.81,31,75.52,70.875,77.975,55.19,90.81,31,0.0015763182014681,0.0014722889556036999,0.00163978146149255,0.0011527004790552,0.0017836113602044,31,0.0015763182014681,0.0014722889556036999,0.00163978146149255,0.0011527004790552,0.0017836113602044,0,,,,,
ACOLITE,20250303_CST,1,8,560,31,83.68,77.81,87.065,61.42,100.27,31,83.68,77.81,87.065,61.42,100.27,31,0.0017498064098993,0.00161841325725785,0.0018337024191581999,0.0012828076397129,0.0019693976409854,31,0.0017498064098993,0.00161841325725785,0.0018337024191581999,0.0012828076397129,0.0019693976409854,0,,,,,
RAdCor+ACOLITE,20250303_CST,1,9,560,31,88.76,79.18,91.995,59.42,108.64,31,88.76,79.18,91.995,59.42,108.64,31,0.0018920183578684,0.0016357956405595,0.0019576072231881,0.0012410569143542,0.0021337155394377,31,0.0018920183578684,0.0016357956405595,0.0019576072231881,0.0012410569143542,0.0021337155394377,0,,,,,
GAAC,20250303_CST,1,10,560,31,117.17,101.44,131.34,75.28,229.95,31,-117.17,-131.34,-101.44,-229.95,-75.28,31,0.0011173814623009,0.00101289378340395,0.0012070595725253998,0.0008918528938657,0.0014555660246164,31,0.0011173814623009,0.00101289378340395,0.0012070595725253998,0.0008918528938657,0.0014555660246164,0,,,,,
ACOLITE+RAdCor,20250303_CST,1,11,560,31,137.99,129.04500000000002,142.335,124.4,151.31,31,137.99,129.04500000000002,142.335,124.4,151.31,31,0.0028879155581579,0.0027387058263535,0.00293144210312395,0.0026969034232618,0.0030311177797648,31,0.0028879155581579,0.0027387058263535,0.00293144210312395,0.0026969034232618,0.0030311177797648,0,,,,,
C2RCC+T-Mart,20250303_CST,1,1,665,31,11.08,7.025,16.79,0.45,34.92,31,8.24,-6.145,16.415,-18.6,34.92,31,5.272739948487517e-05,3.2398605598437416e-05,7.8543255358546e-05,2.1668616940969418e-06,0.0001697969055323,31,5.272739948487517e-05,3.2398605598437416e-05,7.8543255358546e-05,2.1668616940969418e-06,0.0001697969055323,0,,,,,
C2RCC+RAdCor,20250303_CST,1,2,665,31,26.39,21.130000000000003,33.465,9.09,52.5,31,-26.39,-33.465,-21.130000000000003,-52.5,-9.09,31,0.0001025135006273,8.133850875302235e-05,0.00012364800411184999,3.583226084238742e-05,0.0001893152608423,31,0.0001025135006273,8.133850875302235e-05,0.00012364800411184999,3.583226084238742e-05,0.0001893152608423,0,,,,,
C2RCC,20250303_CST,1,3,665,31,28.14,23.125,34.085,6.68,58.09,31,-28.14,-34.085,-23.125,-58.09,-6.68,31,0.0001047034342806,8.936651006690249e-05,0.0001272167306684,2.6010751194075453e-05,0.0001974773762786,31,0.0001047034342806,8.936651006690249e-05,0.0001272167306684,2.6010751194075453e-05,0.0001974773762786,0,,,,,
Polymer,20250303_CST,1,4,665,31,31.44,24.119999999999997,40.205,18.17,71.99,31,-31.44,-40.205,-24.119999999999997,-71.99,-18.17,31,0.0001147954301287,9.014230962293892e-05,0.00013885932829615,7.119107194266994e-05,0.0002381952102239,31,0.0001147954301287,9.014230962293892e-05,0.00013885932829615,7.119107194266994e-05,0.0002381952102239,0,,,,,
Polymer+Radcor,20250303_CST,1,5,665,31,39.6,31.04,51.955,22.41,73.52,31,-39.6,-51.955,-31.04,-73.52,-22.41,31,0.0001375152671446,0.00011728586670714999,0.00016919066358604999,8.423325008564974e-05,0.0002411136783155,31,0.0001375152671446,0.00011728586670714999,0.00016919066358604999,8.423325008564974e-05,0.0002411136783155,0,,,,,
Polymer+T-Mart,20250303_CST,1,6,665,31,56.66,45.45,67.93,39.88,99.21,31,-56.66,-67.93,-45.45,-99.21,-39.88,31,0.0001741136674064,0.00014749228583225,0.00019813152321755,0.000133302065552,0.0002834076755974,31,0.0001741136674064,0.00014749228583225,0.00019813152321755,0.000133302065552,0.0002834076755974,0,,,,,
ACOLITE+T-Mart,20250303_CST,1,7,665,31,261.11,239.885,270.15999999999997,195.45,338.0,31,261.11,239.885,270.15999999999997,195.45,338.0,31,0.001239688171802,0.0011963060539981999,0.0012952573100521998,0.0009662550666512,0.0014046853958681,31,0.001239688171802,0.0011963060539981999,0.0012952573100521998,0.0009662550666512,0.0014046853958681,0,,,,,
ACOLITE,20250303_CST,1,8,665,31,266.86,249.32999999999998,285.31,191.05,354.95,31,266.86,249.32999999999998,285.31,191.05,354.95,31,0.0012932492636506,0.0012145152156984,0.0013668806557438,0.0009376742902355,0.0014751316831499,31,0.0012932492636506,0.0012145152156984,0.0013668806557438,0.0009376742902355,0.0014751316831499,0,,,,,
RAdCor+ACOLITE,20250303_CST,1,9,665,31,270.02,245.79,296.02,179.63,373.03,31,270.02,245.79,296.02,179.63,373.03,31,0.0012965015584965,0.0011716952156087,0.0014226182115031501,0.0008816119308726,0.0015502743973449,31,0.0012965015584965,0.0011716952156087,0.0014226182115031501,0.0008816119308726,0.0015502743973449,0,,,,,
ACOLITE+RAdCor,20250303_CST,1,10,665,31,453.69,428.945,481.21,363.45,534.61,31,453.69,428.945,481.21,363.45,534.61,31,0.0022094610195463,0.0021602496431087003,0.00226236966129655,0.0020682868480055,0.0022960674417942,31,0.0022094610195463,0.0021602496431087003,0.00226236966129655,0.0020682868480055,0.0022960674417942,0,,,,,
GAAC,20250303_CST,1,,665,0,,,,,,0,,,,,,0,,,,,,0,,,,,,0,,,,,
Polymer,20250303_CST,1,1,overall,31,45.48,41.365,46.730000000000004,32.67,59.9,31,30.73,24.005000000000003,34.285,18.97,42.65,31,0.0008,0.000735,0.000865,0.0006,0.00104,31,0.00104,0.0009699999999999999,0.00112,0.0008,0.00134,31,14.651008837574462,13.993919126387057,15.596155003761947,12.386369520849945,18.20464317948065
Polymer+Radcor,20250303_CST,1,2,overall,31,47.84,43.26,49.775,32.64,60.16,31,25.91,20.475,31.185,12.82,40.11,31,0.00075,0.000665,0.00084,0.00053,0.001,31,0.001,0.00088,0.0011,0.00071,0.00131,31,15.321753005888649,14.174659138492533,16.11965857366069,12.46105618450292,18.257017987583
C2RCC+T-Mart,20250303_CST,1,3,overall,31,51.45,45.985,55.0,39.54,62.13,31,51.45,43.754999999999995,55.0,37.87,62.13,31,0.00122,0.00114,0.001275,0.00103,0.00136,31,0.00158,0.001505,0.00165,0.00142,0.0018,31,17.095920643680554,16.394004783300815,17.771737740834467,14.82607132623346,19.831613931677484
Polymer+T-Mart,20250303_CST,1,4,overall,31,52.28,48.94,54.605000000000004,37.43,61.2,31,18.91,11.84,22.61,5.08,32.96,31,0.00071,0.000675,0.0007650000000000001,0.00052,0.00093,31,0.00093,0.0008600000000000001,0.001015,0.00068,0.00125,31,16.53230692118812,16.05624236966058,17.29068204183944,13.68408295998119,19.514987016639697
C2RCC+RAdCor,20250303_CST,1,5,overall,31,56.8,54.745000000000005,60.205,45.98,66.1,31,43.25,37.165,46.04,27.5,55.36,31,0.00117,0.001115,0.00123,0.00102,0.00131,31,0.0016,0.00152,0.001675,0.00134,0.00177,31,19.522753764570112,18.998115912879456,19.98350012426739,17.74461222225302,21.268752093418737
C2RCC,20250303_CST,1,6,overall,31,59.27,55.38,62.92,52.58,71.58,31,44.92,36.905,46.875,30.21,52.69,31,0.00121,0.001155,0.001255,0.00109,0.00133,31,0.00164,0.001565,0.001685,0.00145,0.00178,31,19.767186952435875,19.01395177302108,20.30409308615118,17.759530001844432,21.384954839397228
RAdCor+ACOLITE,20250303_CST,1,7,overall,31,176.95,164.54000000000002,190.9,134.41,246.02,31,176.95,164.54000000000002,190.9,134.41,246.02,31,0.00243,0.00217,0.00259,0.00177,0.00289,31,0.00259,0.00232,0.00276,0.00193,0.00311,31,14.016058203353667,13.664341640164348,14.38682975943209,12.600582786388111,16.994178255485323
ACOLITE+T-Mart,20250303_CST,1,8,overall,31,186.09,176.35000000000002,193.935,147.92,241.55,31,186.09,176.35000000000002,193.935,147.92,241.55,31,0.00238,0.00227,0.00248,0.00196,0.00276,31,0.00259,0.00247,0.002705,0.00218,0.00302,31,15.807520252712822,15.59494400227403,16.3390123673531,14.57604187059046,18.56761712791757
ACOLITE,20250303_CST,1,9,overall,31,188.34,180.435,201.08499999999998,145.1,251.74,31,188.34,180.435,201.08499999999998,145.1,251.74,31,0.00249,0.00232,0.00261,0.00196,0.00288,31,0.00268,0.0025050000000000003,0.0028250000000000003,0.00217,0.00313,31,15.165964800418502,14.804028540148582,15.719739854699176,14.049535718425176,18.003347920790304
ACOLITE+RAdCor,20250303_CST,1,10,overall,31,281.49,269.88,291.065,248.87,329.55,31,281.49,269.88,291.065,248.87,329.55,31,0.0038,0.003735,0.00385,0.00362,0.00393,31,0.00404,0.00396,0.00408,0.00384,0.00419,31,16.1790757485488,15.85459169009827,16.618380806999124,14.791960971188082,18.499166410865605
GAAC,20250303_CST,1,11,overall,31,308.45396151420016,251.49065766818194,404.48451321010623,104.60155369079294,755.6310973295316,31,-308.45396151420016,-404.48451321010623,-251.49065766818194,-755.6310973295316,-104.60155369079294,31,0.0014897315777265,0.0014229412548428001,0.00156000171644785,0.0010287494909326,0.0017268214641386,31,0.0015666754046533,0.001469448947643,0.0016137985401683,0.0010287494909326,0.0017764291168195,24,33.48061968178476,29.03425939825511,37.10459400368832,26.144167764357203,42.81053757221048
C2RCC+RAdCor,20260226_ZRH,1,1,443,48,99.32,36.027499999999996,121.44749999999999,1.11,209.18,48,17.725,-67.035,102.2625,-209.18,194.37,48,0.0010246669115383,0.000508339137096925,0.0019583372462915003,1.926689336043228e-05,0.0031605610649746,48,0.0010246669115383,0.000508339137096925,0.0019583372462915003,1.926689336043228e-05,0.0031605610649746,0,,,,,
C2RCC,20260226_ZRH,1,2,443,48,109.57499999999999,85.49000000000001,145.0525,17.85,335.45,48,-43.69,-120.385,99.3275,-335.45,144.04,48,0.0011954309480578,0.0008545600845994751,0.001854240073335875,0.0002366378531748,0.0025058918386913,48,0.0011954309480578,0.0008545600845994751,0.001854240073335875,0.0002366378531748,0.0025058918386913,0,,,,,
C2RCC+T-Mart,20260226_ZRH,1,3,443,48,109.945,76.7925,135.5625,27.33,343.76,48,-34.43000000000001,-111.6225,107.1725,-343.76,142.96,48,0.0011069306395172,0.00075200634467355,0.00197001966604925,0.0003622601212747,0.002542527621591,48,0.0011069306395172,0.00075200634467355,0.00197001966604925,0.0003622601212747,0.002542527621591,0,,,,,
Polymer+Radcor,20260226_ZRH,1,4,443,48,264.915,177.4475,404.7425,134.26,713.93,48,264.915,177.4475,404.7425,134.26,713.93,48,0.0041989013816732,0.003248671744396425,0.00710510607308915,0.0025147166159519,0.0116088866752852,48,0.0041989013816732,0.003248671744396425,0.00710510607308915,0.0025147166159519,0.0116088866752852,0,,,,,
Polymer+T-Mart,20260226_ZRH,1,5,443,48,267.22,166.215,375.4825,125.02,674.68,48,267.22,166.215,375.4825,125.02,674.68,48,0.003979591774079199,0.002960729681562175,0.00653798080040065,0.0024716980982218,0.0109707572793291,48,0.003979591774079199,0.002960729681562175,0.00653798080040065,0.0024716980982218,0.0109707572793291,0,,,,,
Polymer,20260226_ZRH,1,6,443,48,277.745,182.54749999999999,385.01250000000005,138.88,679.1,48,277.745,182.54749999999999,385.01250000000005,138.88,679.1,48,0.00426400631236735,0.003242084570490925,0.00668982874189965,0.0027341080024109,0.0110425916594906,48,0.00426400631236735,0.003242084570490925,0.00668982874189965,0.0027341080024109,0.0110425916594906,0,,,,,
ACOLITE,20260226_ZRH,1,7,443,48,601.48,249.02,1134.18,193.49,1413.81,48,601.48,249.02,1134.18,193.49,1413.81,48,0.00950184645367665,0.004698898567543125,0.019017275424768627,0.0036631840797033,0.021114856868493,48,0.00950184645367665,0.004698898567543125,0.019017275424768627,0.0036631840797033,0.021114856868493,0,,,,,
ACOLITE+T-Mart,20260226_ZRH,1,8,443,48,602.4649999999999,250.755,1173.785,208.11,1446.53,48,602.4649999999999,250.755,1173.785,208.11,1446.53,48,0.0091941790480198,0.004601856264275875,0.019611897414644676,0.0039342169360961,0.0218473439360733,48,0.0091941790480198,0.004601856264275875,0.019611897414644676,0.0039342169360961,0.0218473439360733,0,,,,,
ACOLITE+RAdCor,20260226_ZRH,1,9,443,48,624.19,153.19,1275.8625000000002,86.55,1533.79,48,624.19,153.19,1275.8625000000002,86.55,1533.79,48,0.00984646480642575,0.002899358322568925,0.0207929215413532,0.0015837737700929,0.0233356402511472,48,0.00984646480642575,0.002899358322568925,0.0207929215413532,0.0015837737700929,0.0233356402511472,0,,,,,
RAdCor+ACOLITE,20260226_ZRH,1,10,443,48,658.225,284.065,1223.895,159.64,1451.52,48,658.225,284.065,1223.895,159.64,1451.52,48,0.0105974919381866,0.005379638791740625,0.020459672843388725,0.0030355909423794,0.023102256401884,48,0.0105974919381866,0.005379638791740625,0.020459672843388725,0.0030355909423794,0.023102256401884,0,,,,,
GAAC,20260226_ZRH,1,11,443,48,881.645,93.03,1249.92,28.85,1535.72,48,881.645,93.03,1249.92,28.85,1535.72,48,0.01471325806989695,0.00172505461559835,0.020673259685376047,0.0005400548322017,0.0236393019918944,48,0.01471325806989695,0.00172505461559835,0.020673259685376047,0.0005400548322017,0.0236393019918944,0,,,,,
C2RCC+RAdCor,20260226_ZRH,1,1,490,48,70.47999999999999,29.46,157.91,1.79,315.85,48,-70.47999999999999,-157.91,21.4775,-315.85,38.65,48,0.00114683786396675,0.0008580995326985001,0.0016986667827120251,5.39121576328956e-05,0.0022272211826072,48,0.00114683786396675,0.0008580995326985001,0.0016986667827120251,5.39121576328956e-05,0.0022272211826072,0,,,,,
C2RCC+T-Mart,20260226_ZRH,1,2,490,48,96.345,29.0875,215.085,2.48,419.06,48,-96.345,-215.085,22.8975,-419.06,40.77,48,0.001431940690706,0.000864924617994,0.0020057524089973,6.733492398712472e-05,0.002416602777468,48,0.001431940690706,0.000864924617994,0.0020057524089973,6.733492398712472e-05,0.002416602777468,0,,,,,
C2RCC,20260226_ZRH,1,3,490,48,108.31,27.8525,245.73499999999999,1.18,405.39,48,-108.31,-245.73499999999999,18.755000000000003,-405.39,40.18,48,0.00147589721474735,0.0008265654922093,0.0020694958849909496,3.504423797531797e-05,0.0024010109956464,48,0.00147589721474735,0.0008265654922093,0.0020694958849909496,3.504423797531797e-05,0.0024010109956464,0,,,,,
Polymer+T-Mart,20260226_ZRH,1,4,490,48,149.325,78.075,215.5725,61.25,364.37,48,149.325,78.075,215.5725,61.25,364.37,48,0.0039381521818599,0.0024096144224368,0.006309470009336925,0.0019405134893101,0.0101432331494888,48,0.0039381521818599,0.0024096144224368,0.006309470009336925,0.0019405134893101,0.0101432331494888,0,,,,,
Polymer+Radcor,20260226_ZRH,1,5,490,48,153.685,84.0725,236.465,62.7,390.54,48,153.685,84.0725,236.465,62.7,390.54,48,0.0041109029034575,0.00254249080727805,0.0069965406683945,0.0019027815908145,0.0108717333001039,48,0.0041109029034575,0.00254249080727805,0.0069965406683945,0.0019027815908145,0.0108717333001039,0,,,,,
Polymer,20260226_ZRH,1,6,490,48,163.03,91.42,226.8775,70.05,371.64,48,163.03,91.42,226.8775,70.05,371.64,48,0.004326024513843851,0.0027949064587584,0.00652794910653115,0.0022191520051382,0.0103454423228231,48,0.004326024513843851,0.0027949064587584,0.00652794910653115,0.0022191520051382,0.0103454423228231,0,,,,,
ACOLITE+T-Mart,20260226_ZRH,1,7,490,48,252.54500000000002,112.59,641.3525,86.07,750.85,48,252.54500000000002,112.59,641.3525,86.07,750.85,48,0.0065617048278429,0.003422664076264425,0.01826410959535045,0.0026347250540425,0.0205000432414999,48,0.0065617048278429,0.003422664076264425,0.01826410959535045,0.0026347250540425,0.0205000432414999,0,,,,,
ACOLITE+RAdCor,20260226_ZRH,1,8,490,48,258.095,51.400000000000006,656.385,10.66,770.48,48,258.095,51.400000000000006,656.385,10.66,770.48,48,0.00677321690178965,0.001567313325022475,0.018291532731040873,0.0003264066626002,0.0205031203312864,48,0.00677321690178965,0.001567313325022475,0.018291532731040873,0.0003264066626002,0.0205031203312864,0,,,,,
ACOLITE,20260226_ZRH,1,9,490,48,264.915,112.78,621.965,80.46,737.62,48,264.915,112.78,621.965,80.46,737.62,48,0.007390492885622199,0.0033708466742434747,0.017817569634303,0.0024631130371859,0.0199529284818162,48,0.007390492885622199,0.0033708466742434747,0.017817569634303,0.0024631130371859,0.0199529284818162,0,,,,,
RAdCor+ACOLITE,20260226_ZRH,1,10,490,48,289.78,119.29,665.735,66.88,749.54,48,289.78,119.29,665.735,66.88,749.54,48,0.0081139425203864,0.0036319515837239247,0.018773921160630425,0.0020486345702664,0.0213134287132015,48,0.0081139425203864,0.0036319515837239247,0.018773921160630425,0.0020486345702664,0.0213134287132015,0,,,,,
GAAC,20260226_ZRH,1,11,490,48,464.935,35.71,664.105,3.91,787.7,48,464.935,35.71,664.105,-11.46,787.7,48,0.0132154060387561,0.0010822256840453252,0.018755516260687978,0.0001225971641198,0.0216036854142391,48,0.0132154060387561,0.0010822256840453252,0.018755516260687978,0.0001225971641198,0.0216036854142391,0,,,,,
Polymer+T-Mart,20260226_ZRH,1,1,560,48,61.230000000000004,8.772499999999999,101.92,0.17,170.7,48,61.230000000000004,8.772499999999999,101.92,-2.17,170.7,48,0.0020420766430917,0.000298215991158,0.00342923574086875,6.316079919524691e-06,0.0051045431159692,48,0.0020420766430917,0.000298215991158,0.00342923574086875,6.316079919524691e-06,0.0051045431159692,0,,,,,
Polymer+Radcor,20260226_ZRH,1,2,560,48,67.465,8.16,105.0325,1.43,192.67,48,67.465,8.16,105.0325,1.43,192.67,48,0.002143757901829,0.0002770613659209,0.003637280304272875,5.206441424702177e-05,0.0057615966419539,48,0.002143757901829,0.0002770613659209,0.003637280304272875,5.206441424702177e-05,0.0057615966419539,0,,,,,
Polymer,20260226_ZRH,1,3,560,48,74.285,18.09,112.4925,10.8,184.42,48,74.285,18.09,112.4925,10.8,184.42,48,0.0024621238137020997,0.00061375679517915,0.003800336608564525,0.0003623918918736,0.0055148791812234,48,0.0024621238137020997,0.00061375679517915,0.003800336608564525,0.0003623918918736,0.0055148791812234,0,,,,,
ACOLITE+RAdCor,20260226_ZRH,1,4,560,48,87.26,68.715,470.025,0.76,560.45,48,82.78,-52.415,470.025,-88.9,560.45,48,0.0028579690963122,0.00142876534107685,0.01504741096678255,2.678844851303121e-05,0.0178761081809806,48,0.0028579690963122,0.00142876534107685,0.01504741096678255,2.678844851303121e-05,0.0178761081809806,0,,,,,
ACOLITE+T-Mart,20260226_ZRH,1,5,560,48,115.605,33.815,487.7525,23.68,589.97,48,115.605,33.815,487.7525,23.68,589.97,48,0.0038226657616566,0.0011693395452908,0.015929728744505576,0.0008242036101491,0.0189860509748268,48,0.0038226657616566,0.0011693395452908,0.015929728744505576,0.0008242036101491,0.0189860509748268,0,,,,,
RAdCor+ACOLITE,20260226_ZRH,1,6,560,48,120.12,42.68,498.5875,10.38,612.35,48,120.12,42.68,498.5875,10.38,612.35,48,0.00407431116469485,0.00151466508949005,0.0167215062291245,0.0003556969488208,0.0189492674584198,48,0.00407431116469485,0.00151466508949005,0.0167215062291245,0.0003556969488208,0.0189492674584198,0,,,,,
ACOLITE,20260226_ZRH,1,7,560,48,120.57499999999999,37.4375,482.6225,24.17,588.05,48,120.57499999999999,37.4375,482.6225,24.17,588.05,48,0.00402824640939055,0.00128942372951305,0.015760543754278402,0.0008281834336166,0.0188326565588521,48,0.00402824640939055,0.00128942372951305,0.015760543754278402,0.0008281834336166,0.0188326565588521,0,,,,,
C2RCC+RAdCor,20260226_ZRH,1,8,560,48,211.92000000000002,121.2175,343.16,66.51,452.98,48,-211.92000000000002,-343.16,-121.2175,-452.98,-66.51,48,0.0022914751236048497,0.0018754133461135751,0.002514586833103375,0.0013433657160221,0.0028349153082551,48,0.0022914751236048497,0.0018754133461135751,0.002514586833103375,0.0013433657160221,0.0028349153082551,0,,,,,
C2RCC,20260226_ZRH,1,9,560,48,232.515,74.7525,348.96,50.59,481.64,48,-232.515,-348.96,-74.7525,-481.64,-50.59,48,0.0022705976961261,0.001471956640993575,0.002463204363185325,0.0011784212259324,0.0028860404896343,48,0.0022705976961261,0.001471956640993575,0.002463204363185325,0.0011784212259324,0.0028860404896343,0,,,,,
C2RCC+T-Mart,20260226_ZRH,1,10,560,48,240.755,82.06,361.8725,49.31,481.77,48,-240.755,-361.8725,-82.06,-481.77,-49.31,48,0.0022903684111505503,0.0015545289914302,0.00248063542319935,0.0011584844254957,0.0028933732342813,48,0.0022903684111505503,0.0015545289914302,0.00248063542319935,0.0011584844254957,0.0028933732342813,0,,,,,
GAAC,20260226_ZRH,1,11,560,48,343.605,17.355,517.5825,0.33,603.1,48,343.605,17.355,517.5825,0.33,603.1,48,0.0118705134925151,0.000591675707687125,0.0170931572453185,1.1185446282300103e-05,0.0189941549453056,48,0.0118705134925151,0.000591675707687125,0.0170931572453185,1.1185446282300103e-05,0.0189941549453056,0,,,,,
Polymer,20260226_ZRH,1,1,665,48,57.705,22.07,128.315,0.74,191.42,48,-57.705,-128.315,-21.8925,-191.42,20.87,48,0.0006053352735879999,0.000268085488949825,0.000884399763400375,9.49681104263616e-06,0.0012161249350722,48,0.0006053352735879999,0.000268085488949825,0.000884399763400375,9.49681104263616e-06,0.0012161249350722,0,,,,,
Polymer+T-Mart,20260226_ZRH,1,2,665,48,71.17,29.9075,153.20999999999998,0.39,228.66,48,-71.17,-153.20999999999998,-29.9075,-228.66,13.63,48,0.00065266501608075,0.00036354544256135,0.000963301369682175,5.08153176706082e-06,0.0012881308851982,48,0.00065266501608075,0.00036354544256135,0.000963301369682175,5.08153176706082e-06,0.0012881308851982,0,,,,,
Polymer+Radcor,20260226_ZRH,1,3,665,48,74.64500000000001,29.51,152.165,1.12,227.6,48,-74.64500000000001,-152.165,-29.51,-227.6,25.96,48,0.0006610245574241,0.0003685576609042,0.0009855654608646501,1.5135975439463248e-05,0.0012863032018744,48,0.0006610245574241,0.0003685576609042,0.0009855654608646501,1.5135975439463248e-05,0.0012863032018744,0,,,,,
RAdCor+ACOLITE,20260226_ZRH,1,4,665,48,127.5,33.667500000000004,985.44,0.13,1311.84,48,127.5,22.357499999999998,985.44,-55.08,1311.84,48,0.00215791045992415,0.0004949777455549749,0.015843709442553477,2.073273847043571e-06,0.0171004532327175,48,0.00215791045992415,0.0004949777455549749,0.015843709442553477,2.073273847043571e-06,0.0171004532327175,0,,,,,
ACOLITE+T-Mart,20260226_ZRH,1,5,665,48,133.135,8.8675,996.4425,1.62,1325.03,48,133.135,8.8675,996.4425,-8.32,1325.03,48,0.00181013012776605,0.000144880163519,0.015399842158987001,2.82833146425486e-05,0.0178273746937513,48,0.00181013012776605,0.000144880163519,0.015399842158987001,2.82833146425486e-05,0.0178273746937513,0,,,,,
ACOLITE,20260226_ZRH,1,6,665,48,141.8,10.32,985.665,0.26,1318.57,48,141.8,9.7875,985.665,-30.24,1318.57,48,0.0022952196029208498,0.000168637387490225,0.015281279207303025,3.969784034252169e-06,0.0176773851931095,48,0.0022952196029208498,0.000168637387490225,0.015281279207303025,3.969784034252169e-06,0.0176773851931095,0,,,,,
ACOLITE+RAdCor,20260226_ZRH,1,7,665,36,428.36,94.715,978.2,20.15,1234.23,36,241.635,51.58,978.2,-439.18,1234.23,36,0.0035535882586461,0.00135456601271465,0.0149341316203289,0.0002953092013736,0.0165940707743167,36,0.0035535882586461,0.00135456601271465,0.0149341316203289,0.0002953092013736,0.0165940707743167,0,,,,,
C2RCC,20260226_ZRH,1,8,665,48,503.77,427.4875,1055.285,290.41,1480.58,48,-503.77,-1055.285,-427.4875,-1480.58,-290.41,48,0.0013110920780028,0.0012466613755206,0.001417401843660975,0.0009411192821705,0.0015529536966855,48,0.0013110920780028,0.0012466613755206,0.001417401843660975,0.0009411192821705,0.0015529536966855,0,,,,,
C2RCC+T-Mart,20260226_ZRH,1,9,665,48,560.67,465.01,1167.185,317.61,1498.77,48,-560.67,-1167.185,-465.01,-1498.77,-317.61,48,0.0013314676287449999,0.0012552885469066999,0.0014284031036785,0.0009503123380795,0.0015649143558443,48,0.0013314676287449999,0.0012552885469066999,0.0014284031036785,0.0009503123380795,0.0015649143558443,0,,,,,
C2RCC+RAdCor,20260226_ZRH,1,10,665,48,709.1800000000001,520.7225,1115.53,408.33,1626.12,48,-709.1800000000001,-1115.53,-520.7225,-1626.12,-408.33,48,0.00136092939581315,0.0012532543100317,0.001454608407245025,0.0010005012588273,0.0016715940729032,48,0.00136092939581315,0.0012532543100317,0.001454608407245025,0.0010005012588273,0.0016715940729032,0,,,,,
GAAC,20260226_ZRH,1,11,665,48,710.81,39.205,1052.1875,5.25,1361.97,48,710.81,39.205,1052.1875,-12.15,1361.97,48,0.0109740260983116,0.000641145006385275,0.0166162690141703,9.238205877992732e-05,0.0184155127589079,48,0.0109740260983116,0.000641145006385275,0.0166162690141703,9.238205877992732e-05,0.0184155127589079,0,,,,,
Polymer+T-Mart,20260226_ZRH,1,1,overall,48,128.92000000000002,107.595,148.60500000000002,66.33,231.86,48,109.82,38.64,146.745,28.96,231.86,48,0.0027549999999999996,0.0017274999999999999,0.0040075,0.00141,0.00605,48,0.00314,0.0020775,0.00469,0.00168,0.00758,48,21.331911394040908,19.27112118743215,25.022064676652512,15.057419756739028,32.74392966179782
Polymer+Radcor,20260226_ZRH,1,2,overall,48,130.57999999999998,112.2575,162.935,73.35,245.49,48,107.985,40.635000000000005,162.935,31.02,245.49,48,0.00284,0.0017875,0.0044525,0.0014,0.00648,48,0.0032300000000000002,0.0021625,0.005225,0.00165,0.00808,48,21.727849418035422,19.26998668710918,24.957901665658,15.490921529905204,32.439846818045645
Polymer,20260226_ZRH,1,3,overall,48,132.59,107.95,157.08999999999997,75.13,245.62,48,123.10499999999999,49.81,157.08999999999997,39.92,245.62,48,0.00299,0.0019725,0.0041825,0.0016,0.0062,48,0.0034349999999999997,0.0022775,0.00486,0.00184,0.0077,48,20.738283892720325,18.84964434892352,23.981317419851745,15.11658380378733,31.91395317492609
C2RCC+RAdCor,20260226_ZRH,1,4,overall,48,137.0,108.53,255.3175,85.77,342.15,48,-120.695,-255.3175,-39.535,-342.15,-10.62,48,0.001465,0.00137,0.0016224999999999998,0.0011,0.00188,48,0.001605,0.00147,0.0017725,0.00125,0.00205,48,30.343927554559674,20.604365747249716,34.25528851086543,10.04207375004052,42.89950533935478
C2RCC+T-Mart,20260226_ZRH,1,5,overall,48,148.125,106.08,300.305,70.81,379.93,48,-143.02,-300.305,-18.950000000000003,-379.93,-10.12,48,0.001515,0.0013774999999999998,0.0016825,0.00117,0.00194,48,0.00163,0.0015025,0.0017875,0.00129,0.00203,48,27.567483770487513,18.26953888123088,31.349159787976483,5.537248890692382,43.26175155226143
C2RCC,20260226_ZRH,1,6,overall,48,158.945,94.7325,302.905,64.68,385.85,48,-148.255,-302.905,-20.155,-385.85,-7.16,48,0.001505,0.001345,0.0016725,0.0011,0.00196,48,0.001645,0.0014675,0.001765,0.00116,0.00206,48,26.293854620010006,15.213762172226437,30.18598555661957,5.604801838300872,41.86775878311056
ACOLITE+RAdCor,20260226_ZRH,1,7,overall,48,176.06,85.3587614817951,785.88,53.86,977.69,48,176.06,35.79215649948204,785.88,0.27,977.69,48,0.005384999999999999,0.0017891100265707998,0.016615,0.001185820989384,0.01958,48,0.0062699999999999995,0.0019185425088267,0.0171,0.0013083196432662,0.01975,48,25.786628454212075,18.804740201354655,28.044250184014007,15.877182403057985,32.27165681091096
ACOLITE+T-Mart,20260226_ZRH,1,8,overall,48,190.95499999999998,68.9625,800.325,54.61,1001.13,48,190.95499999999998,68.9625,800.325,54.61,1001.13,48,0.005515,0.0023825,0.01759,0.00197,0.01979,48,0.00614,0.00295,0.01765,0.0025,0.01985,48,20.506896354301382,17.264828491372818,22.01538257364414,14.629440055383562,28.17596687937624
ACOLITE,20260226_ZRH,1,9,overall,48,200.29500000000002,71.0125,784.81,53.31,990.06,48,200.29500000000002,71.0125,784.81,49.69,990.06,48,0.005815000000000001,0.002435,0.017255,0.00182,0.01939,48,0.006475,0.0029925000000000004,0.017302500000000002,0.00225,0.01944,48,19.596626607374574,17.026292860370646,21.25410683544674,13.838562424170544,26.94052796556858
RAdCor+ACOLITE,20260226_ZRH,1,10,overall,48,201.31,79.4525,812.015,41.33,995.18,48,201.31,79.4525,812.015,35.83,995.18,48,0.006125,0.0028374999999999997,0.01802,0.00149,0.02009,48,0.007005,0.0033925,0.0181075,0.00186,0.02023,48,20.105208670045826,17.522357050175437,21.787553297716958,14.577456614463038,29.884473365883384
GAAC,20260226_ZRH,1,11,overall,48,583.515,38.2575,836.19,6.05,1039.2,48,583.515,38.2575,836.19,-3.25,1039.2,48,0.012605,0.001005,0.01847,0.00027,0.02066,48,0.01273,0.0011099999999999999,0.0185425,0.00032,0.02077,48,16.221008019371713,10.628112698538386,17.752136887112748,6.922454052941371,19.65890642563105
C2RCC+RAdCor,20260226_ZRH,2,1,443,23,88.49,30.045,121.93,8.2,174.24,23,88.49,28.28,121.93,-51.23,174.24,23,0.001924889021767,0.00061155202597425,0.00236097106053475,0.0001599118572636,0.0035035073709271,23,0.001924889021767,0.00061155202597425,0.00236097106053475,0.0001599118572636,0.0035035073709271,0,,,,,
C2RCC,20260226_ZRH,2,2,443,23,99.01,31.520000000000003,131.20999999999998,2.57,173.08,23,97.49,11.98,131.20999999999998,-124.39,173.08,23,0.0020365936627116,0.000561133137559,0.0024953074028816,5.413705175499189e-05,0.0034976070310788,23,0.0020365936627116,0.000561133137559,0.0024953074028816,5.413705175499189e-05,0.0034976070310788,0,,,,,
GAAC,20260226_ZRH,2,3,443,23,100.09,80.3,387.215,7.18,748.91,23,100.08,67.78,387.215,-118.43,748.91,23,0.0020226620679197,0.00140330902585695,0.008043328584533299,0.0001477570228007,0.0142221493372419,23,0.0020226620679197,0.00140330902585695,0.008043328584533299,0.0001477570228007,0.0142221493372419,0,,,,,
C2RCC+T-Mart,20260226_ZRH,2,4,443,23,111.66,42.455,132.57,10.42,202.87,23,109.55,24.73,132.57,-115.24,202.87,23,0.0022323267835595,0.00068029011377635,0.002554056195345,0.0002198039719067,0.0041171045784356,23,0.0022323267835595,0.00068029011377635,0.002554056195345,0.0002198039719067,0.0041171045784356,0,,,,,
Polymer+T-Mart,20260226_ZRH,2,5,443,23,176.67,140.51999999999998,264.365,32.82,466.01,23,176.67,140.51999999999998,264.365,32.82,466.01,23,0.0034572802909937,0.00295518416359735,0.00516678851889265,0.000688173013922,0.0087072586862563,23,0.0034572802909937,0.00295518416359735,0.00516678851889265,0.000688173013922,0.0087072586862563,0,,,,,
Polymer+Radcor,20260226_ZRH,2,6,443,23,178.46,134.79,235.305,70.76,342.79,23,178.46,134.79,235.305,70.76,342.79,23,0.003600247059652,0.00285184445700765,0.00468422951379785,0.0014837495353159,0.006956638331992,23,0.003600247059652,0.00285184445700765,0.00468422951379785,0.0014837495353159,0.006956638331992,0,,,,,
Polymer,20260226_ZRH,2,7,443,23,188.37,151.84,272.155,51.66,474.67,23,188.37,151.84,272.155,51.66,474.67,23,0.0036113810980568,0.0031422091589368,0.0053188776218018,0.0010833341419616,0.0088689823876041,23,0.0036113810980568,0.0031422091589368,0.0053188776218018,0.0010833341419616,0.0088689823876041,0,,,,,
ACOLITE+RAdCor,20260226_ZRH,2,8,443,23,193.65,125.41,305.985,7.95,463.0,23,193.65,125.41,305.985,7.95,463.0,23,0.0038938078785138,0.00250491858595855,0.006627951678084351,0.0001666725963693,0.0087386542987413,23,0.0038938078785138,0.00250491858595855,0.006627951678084351,0.0001666725963693,0.0087386542987413,0,,,,,
RAdCor+ACOLITE,20260226_ZRH,2,9,443,23,239.16,196.88,333.335,84.44,462.87,23,239.16,196.88,333.335,84.44,462.87,23,0.0048972397068912,0.0038470876499013,0.0072282389031817496,0.0017706605956298,0.0090204780977554,23,0.0048972397068912,0.0038470876499013,0.0072282389031817496,0.0017706605956298,0.0090204780977554,0,,,,,
ACOLITE+T-Mart,20260226_ZRH,2,10,443,23,242.33,218.725,327.645,116.59,430.4,23,242.33,218.725,327.645,116.59,430.4,23,0.0051107726267404,0.00430596256691605,0.006715907394992801,0.0024447916891765,0.0082974243965334,23,0.0051107726267404,0.00430596256691605,0.006715907394992801,0.0024447916891765,0.0082974243965334,0,,,,,
ACOLITE,20260226_ZRH,2,11,443,23,243.29,203.6,307.78999999999996,111.17,421.97,23,243.29,203.6,307.78999999999996,111.17,421.97,23,0.0049244741665022,0.00419003316264245,0.006629359952626901,0.002330971963365,0.0082234606203026,23,0.0049244741665022,0.00419003316264245,0.006629359952626901,0.002330971963365,0.0082234606203026,0,,,,,
C2RCC+RAdCor,20260226_ZRH,2,1,490,23,35.77,24.595,48.105000000000004,1.45,78.16,23,-1.45,-35.235,34.85,-78.16,66.4,23,0.0010228429519007,0.00075622169773315,0.0011457146444739,4.2582432747443125e-05,0.0020776165453554,23,0.0010228429519007,0.00075622169773315,0.0011457146444739,4.2582432747443125e-05,0.0020776165453554,0,,,,,
C2RCC+T-Mart,20260226_ZRH,2,2,490,23,37.33,29.275,56.745,4.15,165.8,23,19.72,-35.935,34.955,-165.8,73.71,23,0.0009745161417836,0.00081910189495565,0.0012246726050415,0.000123514783393,0.0023064154316851,23,0.0009745161417836,0.00081910189495565,0.0012246726050415,0.000123514783393,0.0023064154316851,0,,,,,
C2RCC,20260226_ZRH,2,3,490,23,39.21,27.835,48.25,0.97,167.34,23,1.01,-37.644999999999996,37.505,-167.34,74.94,23,0.0010562815186744,0.00080506124932255,0.00130484869964625,2.992933379657994e-05,0.0023447700269462,23,0.0010562815186744,0.00080506124932255,0.00130484869964625,2.992933379657994e-05,0.0023447700269462,0,,,,,
GAAC,20260226_ZRH,2,4,490,23,46.36,37.19,252.3,7.84,455.68,23,44.48,24.23,225.445,-175.41,455.68,23,0.0014882253166502,0.00117888023133915,0.0072170553005537,0.0002540760014454,0.0135623015096192,23,0.0014882253166502,0.00117888023133915,0.0072170553005537,0.0002540760014454,0.0135623015096192,0,,,,,
ACOLITE+RAdCor,20260226_ZRH,2,5,490,23,67.59,45.95,154.88,34.71,219.73,23,67.59,45.95,154.88,-40.02,219.73,23,0.0022047371363985,0.0013870651134085,0.0049068872263256,0.0008437361284602,0.0065395998432621,23,0.0022047371363985,0.0013870651134085,0.0049068872263256,0.0008437361284602,0.0065395998432621,0,,,,,
Polymer+T-Mart,20260226_ZRH,2,6,490,23,95.29,74.185,153.3,8.52,262.99,23,95.29,74.185,153.3,8.52,262.99,23,0.0029778399932039,0.00236807764436465,0.004673961959857999,0.0002745841655624,0.007827161232492,23,0.0029778399932039,0.00236807764436465,0.004673961959857999,0.0002745841655624,0.007827161232492,0,,,,,
Polymer+Radcor,20260226_ZRH,2,7,490,23,100.38,73.81,137.13,35.58,199.53,23,100.38,73.81,137.13,35.58,199.53,23,0.0030359211478429,0.00234589049818185,0.0041578276443221505,0.0011463475340186,0.0062276742951628,23,0.0030359211478429,0.00234589049818185,0.0041578276443221505,0.0011463475340186,0.0062276742951628,0,,,,,
Polymer,20260226_ZRH,2,8,490,23,105.6,85.23500000000001,160.04500000000002,22.13,272.08,23,105.6,85.23500000000001,160.04500000000002,22.13,272.08,23,0.0032599270437864,0.00273078636116725,0.0048791732740658,0.000713141896563,0.0080976983850545,23,0.0032599270437864,0.00273078636116725,0.0048791732740658,0.000713141896563,0.0080976983850545,0,,,,,
RAdCor+ACOLITE,20260226_ZRH,2,9,490,23,115.6,93.78,180.57999999999998,13.73,246.74,23,115.6,93.78,180.57999999999998,13.73,246.74,23,0.0036532557749185,0.002873740021066,0.00566768238101905,0.0004423431922341,0.0073436059653148,23,0.0036532557749185,0.002873740021066,0.00566768238101905,0.0004423431922341,0.0073436059653148,0,,,,,
ACOLITE,20260226_ZRH,2,10,490,23,117.03,98.375,173.46,30.5,230.61,23,117.03,98.375,173.46,30.5,230.61,23,0.0035039781427011,0.0031736493807301,0.00544020497952405,0.0009826544076795,0.0068635753020033,23,0.0035039781427011,0.0031736493807301,0.00544020497952405,0.0009826544076795,0.0068635753020033,0,,,,,
ACOLITE+T-Mart,20260226_ZRH,2,11,490,23,122.03,103.71000000000001,185.44,31.06,236.67,23,122.03,103.71000000000001,185.44,31.06,236.67,23,0.003637886496447,0.0033018497832447997,0.005958079253708301,0.0010009572245771,0.0070439017041907,23,0.003637886496447,0.0033018497832447997,0.005958079253708301,0.0010009572245771,0.0070439017041907,0,,,,,
GAAC,20260226_ZRH,2,1,560,23,17.86,12.425,147.31,2.53,357.56,23,17.86,12.425,147.31,-10.98,357.56,23,0.0006119815741139,0.0004325296231028,0.00493758364366105,8.907263297859786e-05,0.0117661452045169,23,0.0006119815741139,0.0004325296231028,0.00493758364366105,8.907263297859786e-05,0.0117661452045169,0,,,,,
Polymer+T-Mart,20260226_ZRH,2,2,560,23,24.17,12.4,38.894999999999996,0.2,52.42,23,24.17,12.4,38.894999999999996,0.2,52.42,23,0.0008066905745923,0.0004008052069128,0.001289632514417,6.768709611014358e-06,0.0017249661189064,23,0.0008066905745923,0.0004008052069128,0.001289632514417,6.768709611014358e-06,0.0017249661189064,0,,,,,
Polymer+Radcor,20260226_ZRH,2,3,560,23,26.11,14.815000000000001,42.55,3.32,61.88,23,26.11,14.815000000000001,42.55,-6.0,61.88,23,0.0009169577720939,0.00049630282410335,0.0014100405178812,0.0001150496291712,0.0021082991759139,23,0.0009169577720939,0.00049630282410335,0.0014100405178812,0.0001150496291712,0.0021082991759139,0,,,,,
Polymer,20260226_ZRH,2,4,560,23,35.92,23.32,50.120000000000005,11.61,65.6,23,35.92,23.32,50.120000000000005,11.61,65.6,23,0.001198621592337,0.00075371790983755,0.00166199833077545,0.000400866177983,0.0021585965680409,23,0.001198621592337,0.00075371790983755,0.00166199833077545,0.000400866177983,0.0021585965680409,0,,,,,
ACOLITE+RAdCor,20260226_ZRH,2,5,560,23,40.36,22.05,55.965,0.89,212.56,23,-10.1,-48.695,29.66,-212.56,78.93,23,0.0011104802049829,0.0006735183210325,0.0014074169044691,3.0039744920134625e-05,0.0025974080803139,23,0.0011104802049829,0.0006735183210325,0.0014074169044691,3.0039744920134625e-05,0.0025974080803139,0,,,,,
RAdCor+ACOLITE,20260226_ZRH,2,6,560,23,40.42,26.955,71.91499999999999,0.15,107.19,23,40.42,26.955,71.91499999999999,-8.03,107.19,23,0.0013701597410225,0.0008646291737331999,0.0024167973502825,5.0653001428843485e-06,0.0035272647531969,23,0.0013701597410225,0.0008646291737331999,0.0024167973502825,5.0653001428843485e-06,0.0035272647531969,0,,,,,
ACOLITE+T-Mart,20260226_ZRH,2,7,560,23,44.72,33.695,65.905,4.19,98.41,23,44.72,33.695,65.905,4.19,98.41,23,0.0014923952023139,0.0011117740309631,0.0023399746757923,0.0001495677178018,0.0032384895624859,23,0.0014923952023139,0.0011117740309631,0.0023399746757923,0.0001495677178018,0.0032384895624859,0,,,,,
ACOLITE,20260226_ZRH,2,8,560,23,47.3,34.86,72.195,5.6,106.22,23,47.3,34.86,72.195,5.6,106.22,23,0.0016067201752824,0.0011688990769585,0.0025544446834813,0.0001997816042267,0.0034954153837902,23,0.0016067201752824,0.0011688990769585,0.0025544446834813,0.0001997816042267,0.0034954153837902,0,,,,,
C2RCC,20260226_ZRH,2,9,560,23,90.01,68.925,210.84,28.9,295.72,23,-90.01,-210.84,-68.925,-295.72,-28.9,23,0.0016090977341279,0.00132894797561325,0.00234948030452275,0.0007674571410245,0.0025279513030538,23,0.0016090977341279,0.00132894797561325,0.00234948030452275,0.0007674571410245,0.0025279513030538,0,,,,,
C2RCC+RAdCor,20260226_ZRH,2,10,560,23,93.49,72.96000000000001,216.445,32.73,320.29,23,-93.49,-216.445,-72.96000000000001,-320.29,-32.73,23,0.0016629561643947,0.00140930605485205,0.0023959176807474003,0.0008505316343481,0.0026092410036188,23,0.0016629561643947,0.00140930605485205,0.0023959176807474003,0.0008505316343481,0.0026092410036188,0,,,,,
C2RCC+T-Mart,20260226_ZRH,2,11,560,23,97.57,66.215,190.73000000000002,32.29,306.37,23,-97.57,-190.73000000000002,-66.215,-306.37,-32.29,23,0.0016376286422364,0.0013432975440094501,0.00226326534432325,0.0008355722697395,0.0025164035698145,23,0.0016376286422364,0.0013432975440094501,0.00226326534432325,0.0008355722697395,0.0025164035698145,0,,,,,
RAdCor+ACOLITE,20260226_ZRH,2,1,665,23,39.75,16.759999999999998,87.205,4.48,187.26,23,22.41,6.175000000000001,77.905,-187.26,152.95,23,0.0005029776742525,0.0002358497706462,0.00121494684035515,6.220391028082363e-05,0.0022488105493971,23,0.0005029776742525,0.0002358497706462,0.00121494684035515,6.220391028082363e-05,0.0022488105493971,0,,,,,
ACOLITE,20260226_ZRH,2,2,665,23,46.41,23.885,87.44999999999999,1.51,119.78,23,31.33,18.57,64.375,-118.56,119.78,23,0.0006868671140334,0.00034761571546915,0.00100641801154795,2.440389420759674e-05,0.0017770586686555,23,0.0006868671140334,0.00034761571546915,0.00100641801154795,2.440389420759674e-05,0.0017770586686555,0,,,,,
ACOLITE+T-Mart,20260226_ZRH,2,3,665,23,49.83,25.83,87.85,0.27,126.78,23,36.47,21.5,62.245000000000005,-122.97,126.78,23,0.0007579897744877,0.00037809620374539997,0.00094685949736525,4.439015760242899e-06,0.0018633811227346,23,0.0007579897744877,0.00037809620374539997,0.00094685949736525,4.439015760242899e-06,0.0018633811227346,0,,,,,
GAAC,20260226_ZRH,2,4,665,23,58.69,45.19,354.085,5.05,776.96,23,57.24,37.29,354.085,-88.79,776.96,23,0.0008187744250839,0.0006542861938743,0.005261306117095899,7.422765597509895e-05,0.0115271021418776,23,0.0008187744250839,0.0006542861938743,0.005261306117095899,7.422765597509895e-05,0.0115271021418776,0,,,,,
ACOLITE+RAdCor,20260226_ZRH,2,5,665,20,75.28999999999999,46.675,1978.3725,2.31,7352.59,20,-69.46,-1978.3725,6.2625,-7352.59,72.28,20,0.0008533124605720999,0.000540851523302925,0.001374489215065325,3.492445114588734e-05,0.0015676121898247,20,0.0008533124605720999,0.000540851523302925,0.001374489215065325,3.492445114588734e-05,0.0015676121898247,0,,,,,
Polymer,20260226_ZRH,2,6,665,23,111.44,81.345,120.445,40.36,157.61,23,-111.44,-120.445,-81.345,-157.61,-40.36,23,0.0007553117828606,0.00069154621795435,0.0008403870253582001,0.0004163125858468,0.0009388368696811,23,0.0007553117828606,0.00069154621795435,0.0008403870253582001,0.0004163125858468,0.0009388368696811,0,,,,,
Polymer+Radcor,20260226_ZRH,2,7,665,23,125.39,85.875,146.27,22.77,199.57,23,-125.39,-146.27,-85.875,-199.57,-22.77,23,0.0008191688317101,0.00069417796780975,0.00088808680511445,0.0002685318530225,0.0010886099819016,23,0.0008191688317101,0.00069417796780975,0.00088808680511445,0.0002685318530225,0.0010886099819016,0,,,,,
Polymer+T-Mart,20260226_ZRH,2,8,665,23,132.44,102.105,148.35500000000002,52.62,192.36,23,-132.44,-148.35500000000002,-102.105,-192.36,-52.62,23,0.000831939444842,0.00077114623090675,0.00092638483959475,0.0004991839914181,0.0010096383467777,23,0.000831939444842,0.00077114623090675,0.00092638483959475,0.0004991839914181,0.0010096383467777,0,,,,,
C2RCC,20260226_ZRH,2,9,665,23,463.16,387.515,766.085,189.16,1368.41,23,-463.16,-766.085,-387.515,-1368.41,-189.16,23,0.0012562207132241,0.0011992862981098,0.00133069701901325,0.0009594988904492,0.001442167062248,23,0.0012562207132241,0.0011992862981098,0.00133069701901325,0.0009594988904492,0.001442167062248,0,,,,,
C2RCC+T-Mart,20260226_ZRH,2,10,665,23,490.33,399.37,793.28,217.83,1373.57,23,-490.33,-793.28,-399.37,-1373.57,-217.83,23,0.0012687060596441,0.00120053072307225,0.0013432926219200999,0.0010052457054746,0.0014447763245781,23,0.0012687060596441,0.00120053072307225,0.0013432926219200999,0.0010052457054746,0.0014447763245781,0,,,,,
C2RCC+RAdCor,20260226_ZRH,2,11,665,23,492.17,419.91499999999996,951.565,224.0,1463.46,23,-492.17,-951.565,-419.91499999999996,-1463.46,-224.0,23,0.0012899783882743,0.0011769351056307,0.0013721725847982,0.0010140392775818,0.001463802874014,23,0.0012899783882743,0.0011769351056307,0.0013721725847982,0.0010140392775818,0.001463802874014,0,,,,,
GAAC,20260226_ZRH,2,1,overall,23,51.42,41.465,281.755,8.4,560.43,23,49.17,35.95,281.755,-103.07,560.43,23,0.00124,0.00101,0.006455000000000001,0.00043,0.01258,23,0.0014,0.0011099999999999999,0.00665,0.00047,0.01262,23,11.492434364938676,9.750866526947348,15.15808429251194,7.071950500953825,22.32989560389417
RAdCor+ACOLITE,20260226_ZRH,2,2,overall,23,76.37,61.254999999999995,121.255,44.83,196.15,23,76.37,59.864999999999995,121.255,6.72,196.15,23,0.00259,0.001975,0.004125,0.00079,0.00535,23,0.00323,0.0025050000000000003,0.00476,0.00103,0.00603,23,20.438783507345825,19.35642008052463,20.933766686630975,17.287296033928982,22.65965322032971
ACOLITE,20260226_ZRH,2,3,overall,23,78.7,68.675,119.305,48.8,167.31,23,78.7,65.28999999999999,119.305,23.92,167.31,23,0.00279,0.002215,0.0038599999999999997,0.00118,0.00499,23,0.00327,0.0027349999999999996,0.004484999999999999,0.00136,0.00559,23,19.547763115201832,18.323497948752575,20.163190080549043,16.774778640935736,22.412543138449447
ACOLITE+T-Mart,20260226_ZRH,2,4,overall,23,80.67,67.63,116.86,59.85,167.44,23,76.8,63.655,116.86,23.23,167.44,23,0.00278,0.0022700000000000003,0.00392,0.00119,0.00489,23,0.00323,0.0028,0.004635,0.0014,0.00555,23,20.08242084747192,18.963096554998806,21.325477737316348,17.428914462984565,23.13810032114034
ACOLITE+RAdCor,20260226_ZRH,2,5,overall,23,89.12,77.6875216485002,99.97,23.41542805169685,140.88,23,34.71438401503655,0.68,87.69,-35.13165263211806,134.3,23,0.00183,0.00163,0.0032,0.0005806975926453,0.00466,23,0.0024,0.001755,0.00417,0.0006593615776901,0.00554,23,27.3813463034934,25.70067306881044,29.60314247635375,8.659131196436254,31.228034510705065
C2RCC,20260226_ZRH,2,6,overall,23,99.72,89.255,120.31,30.65,203.92,23,-30.65,-97.015,-11.06,-203.92,16.5,23,0.00147,0.0013,0.00162,0.00072,0.00193,23,0.00158,0.001435,0.001775,0.00075,0.00221,23,29.033890879277305,24.939067721406843,31.366028168217273,8.820860510030975,42.98724312804407
C2RCC+T-Mart,20260226_ZRH,2,7,overall,23,100.95,87.09,126.33,36.99,207.47,23,-36.99,-82.34,-12.100000000000001,-207.47,14.59,23,0.00152,0.001345,0.001665,0.00077,0.00222,23,0.00163,0.001425,0.0018,0.00082,0.0025,23,30.47226163796201,26.51185424873515,32.976994522307514,9.960576026252712,43.127517764514536
C2RCC+RAdCor,20260226_ZRH,2,8,overall,23,105.47,93.74000000000001,126.095,24.2,190.6,23,-27.19,-102.395,-15.905,-170.62,3.02,23,0.00144,0.00132,0.00154,0.00064,0.002,23,0.00156,0.001445,0.0016749999999999998,0.0007,0.00217,23,30.752605513512428,27.27706864432313,33.619330413649,13.657784412590626,41.52157785878247
Polymer,20260226_ZRH,2,9,overall,23,111.75,92.55,125.70499999999998,40.76,176.61,23,64.93,47.754999999999995,94.91,28.91,135.33,23,0.00221,0.001855,0.00312,0.00088,0.00483,23,0.00261,0.00222,0.003735,0.00094,0.00607,23,21.674587311725418,18.32042030267485,22.93017237248224,8.703838385714741,30.631181863542515
Polymer+T-Mart,20260226_ZRH,2,10,overall,23,115.12,93.99000000000001,137.54500000000002,29.12,189.09,23,52.95,35.915,82.72999999999999,15.32,124.81,23,0.00204,0.00163,0.002975,0.00059,0.00467,23,0.00236,0.00197,0.003595,0.00063,0.0059,23,22.632063704519283,19.30879091415341,24.138922773421818,8.463268968683073,31.435021038506203
Polymer+Radcor,20260226_ZRH,2,11,overall,23,116.83,86.34,134.985,52.15,163.76,23,57.69,38.705,86.44,17.69,114.74,23,0.00203,0.001695,0.0027099999999999997,0.00099,0.00381,23,0.00239,0.002005,0.00321,0.00105,0.00473,23,21.70272119306723,19.029395168623957,24.17372242289279,11.163305578845293,27.95542423477616
C2RCC,20260226_ZRH,3,1,443,117,81.34,59.75,121.11,11.46,249.2,117,81.34,59.75,121.11,11.46,249.2,117,0.0014664729871543,0.0011685409871543,0.0024132972549623,0.0001958493783652,0.0044801633317755,117,0.0014664729871543,0.0011685409871543,0.0024132972549623,0.0001958493783652,0.0044801633317755,0,,,,,
C2RCC+T-Mart,20260226_ZRH,3,2,443,117,95.83,77.15,129.59,20.82,259.24,117,95.83,77.15,129.59,20.82,259.24,117,0.0017504190063759,0.0015186347908515,0.0024002427911751,0.0003261914834142,0.0048638149158358,117,0.0017504190063759,0.0015186347908515,0.0024002427911751,0.0003261914834142,0.0048638149158358,0,,,,,
C2RCC+RAdCor,20260226_ZRH,3,3,443,117,100.42,75.66,122.56,9.78,234.01,117,100.42,75.66,122.56,9.78,234.01,117,0.0018462869880595,0.0014238167103073,0.0023326807590163,0.0001674178147772,0.004339892567525,117,0.0018462869880595,0.0014238167103073,0.0023326807590163,0.0001674178147772,0.004339892567525,0,,,,,
GAAC,20260226_ZRH,3,4,443,117,143.56,121.05,164.19,62.87,867.37,117,143.56,121.05,164.19,62.87,867.37,117,0.0026308878631595,0.0023428569641144,0.0028731518466671,0.0013018767424664,0.0129081342392033,117,0.0026308878631595,0.0023428569641144,0.0028731518466671,0.0013018767424664,0.0129081342392033,0,,,,,
Polymer+T-Mart,20260226_ZRH,3,5,443,117,216.97,187.94,260.62,113.95,433.16,117,216.97,187.94,260.62,113.95,433.16,117,0.0040109881477469,0.0036805949473433,0.0046622275359995,0.0024178968552861,0.0075673570669303,117,0.0040109881477469,0.0036805949473433,0.0046622275359995,0.0024178968552861,0.0075673570669303,0,,,,,
Polymer+Radcor,20260226_ZRH,3,6,443,117,222.98,183.4,272.15,117.2,408.27,117,222.98,183.4,272.15,117.2,408.27,117,0.0041815389137708,0.0032704552871513,0.0050032794097672,0.0023938495956891,0.0071324477360216,117,0.0041815389137708,0.0032704552871513,0.0050032794097672,0.0023938495956891,0.0071324477360216,0,,,,,
Polymer,20260226_ZRH,3,7,443,117,226.02,199.3,270.25,115.78,435.52,117,226.02,199.3,270.25,115.78,435.52,117,0.0042267574995975,0.0038767233550415,0.0047971783187568,0.0024567616395906,0.0076085664678211,117,0.0042267574995975,0.0038767233550415,0.0047971783187568,0.0024567616395906,0.0076085664678211,0,,,,,
ACOLITE+RAdCor,20260226_ZRH,3,8,443,117,302.47,239.87,343.16,25.94,483.14,117,302.47,239.87,343.16,25.94,483.14,117,0.0054740997449297,0.005057109513966,0.0063141480772223,0.0005580849904875,0.0075684701246314,117,0.0054740997449297,0.005057109513966,0.0063141480772223,0.0005580849904875,0.0075684701246314,0,,,,,
RAdCor+ACOLITE,20260226_ZRH,3,9,443,117,312.74,260.42,354.13,81.71,475.08,117,312.74,260.42,354.13,81.71,475.08,117,0.0056790317626798,0.0053548267626798,0.0062549029448342,0.001758187260137,0.0077474751802496,117,0.0056790317626798,0.0053548267626798,0.0062549029448342,0.001758187260137,0.0077474751802496,0,,,,,
ACOLITE,20260226_ZRH,3,10,443,117,318.3,260.34,349.1,108.84,446.49,117,318.3,260.34,349.1,108.84,446.49,117,0.0057050277271709,0.0052825607271709,0.0063014867686939,0.0023466308560531,0.0070530015749015,117,0.0057050277271709,0.0052825607271709,0.0063014867686939,0.0023466308560531,0.0070530015749015,0,,,,,
ACOLITE+T-Mart,20260226_ZRH,3,11,443,117,320.93,277.27,359.93,137.61,445.95,117,320.93,277.27,359.93,137.61,445.95,117,0.0058649388980338,0.0055581954220154,0.0063975157751688,0.0029610290151398,0.0080619700976452,117,0.0058649388980338,0.0055581954220154,0.0063975157751688,0.0029610290151398,0.0080619700976452,0,,,,,
C2RCC+T-Mart,20260226_ZRH,3,1,490,117,12.3,4.69,39.73,0.04,92.29,117,8.53,0.69,34.74,-65.72,92.29,117,0.0003453722271527,0.0001425869900077,0.0011849725526011,1.150009992299198e-06,0.0027250064659924,117,0.0003453722271527,0.0001425869900077,0.0011849725526011,1.150009992299198e-06,0.0027250064659924,0,,,,,
C2RCC+RAdCor,20260226_ZRH,3,2,490,117,12.38,4.67,36.63,0.09,72.15,117,3.98,-5.88,23.05,-72.15,61.17,117,0.0003509436590736,0.0001506926590736,0.0008965355174369,2.753312874288847e-06,0.0019530139757209,117,0.0003509436590736,0.0001506926590736,0.0008965355174369,2.753312874288847e-06,0.0019530139757209,0,,,,,
C2RCC,20260226_ZRH,3,3,490,117,14.23,6.45,46.68,0.17,83.73,117,0.17,-10.12,36.18,-72.19,83.73,117,0.0003946511391444,0.0001856464284726,0.0011723367279794,5.39647878960688e-06,0.0024251697432098,117,0.0003946511391444,0.0001856464284726,0.0011723367279794,5.39647878960688e-06,0.0024251697432098,0,,,,,
GAAC,20260226_ZRH,3,4,490,117,63.76,51.09,79.16,22.66,446.19,117,63.76,51.09,79.16,22.66,446.19,117,0.0019840458048897,0.0016464616405216,0.0023665371919584,0.0007399524726189,0.0118047025647642,117,0.0019840458048897,0.0016464616405216,0.0023665371919584,0.0007399524726189,0.0118047025647642,0,,,,,
Polymer+T-Mart,20260226_ZRH,3,5,490,117,103.94,91.17,124.02,51.86,221.58,117,103.94,91.17,124.02,51.86,221.58,117,0.0031811219251024,0.0029530692121608,0.0037666059706434,0.0017199391106894,0.0064175629447752,117,0.0031811219251024,0.0029530692121608,0.0037666059706434,0.0017199391106894,0.0064175629447752,0,,,,,
Polymer+Radcor,20260226_ZRH,3,6,490,117,113.39,93.2,136.15,50.77,213.98,117,113.39,93.2,136.15,50.77,213.98,117,0.0035138138439181,0.0028283147875407,0.0041734603085961,0.0016198111556524,0.006342762971139,117,0.0035138138439181,0.0028283147875407,0.0041734603085961,0.0016198111556524,0.006342762971139,0,,,,,
Polymer,20260226_ZRH,3,7,490,117,114.04,99.78,134.53,54.8,228.67,117,114.04,99.78,134.53,54.8,228.67,117,0.0034921584570155,0.0032479624570155,0.0040672916494496,0.0018179022881507,0.0066230188295587,117,0.0034921584570155,0.0032479624570155,0.0040672916494496,0.0018179022881507,0.0066230188295587,0,,,,,
ACOLITE+RAdCor,20260226_ZRH,3,8,490,117,127.63,106.42,143.07,1.95,216.62,117,127.63,106.42,143.07,-8.93,216.62,117,0.0038889722180922,0.0033925055855827,0.0043139231597163,5.916096010720722e-05,0.006421073126882,117,0.0038889722180922,0.0033925055855827,0.0043139231597163,5.916096010720722e-05,0.006421073126882,0,,,,,
RAdCor+ACOLITE,20260226_ZRH,3,9,490,117,144.45,127.53,158.48,35.83,241.14,117,144.45,127.53,158.48,35.83,241.14,117,0.0043604065101637,0.0041606873269104,0.0048725224661955,0.0012034391226906,0.0070361856103835,117,0.0043604065101637,0.0041606873269104,0.0048725224661955,0.0012034391226906,0.0070361856103835,0,,,,,
ACOLITE,20260226_ZRH,3,10,490,117,148.02,130.04,161.73,45.78,227.62,117,148.02,130.04,161.73,45.78,227.62,117,0.004533550955553,0.0042549216912829,0.0048175943359916,0.0015616760344974,0.0067469987750945,117,0.004533550955553,0.0042549216912829,0.0048175943359916,0.0015616760344974,0.0067469987750945,0,,,,,
ACOLITE+T-Mart,20260226_ZRH,3,11,490,117,154.75,133.48,167.24,62.02,241.5,117,154.75,133.48,167.24,62.02,241.5,117,0.004617997234724,0.0043575792531154,0.0049842439222464,0.0021155615092985,0.006994588053802,117,0.004617997234724,0.0043575792531154,0.0049842439222464,0.0021155615092985,0.006994588053802,0,,,,,
Polymer+T-Mart,20260226_ZRH,3,1,560,117,14.01,8.13,21.4,0.27,45.71,117,13.45,5.58,21.25,-22.14,45.71,117,0.0004782677735748,0.0002888167735748,0.0007183199181585,1.062171982179087e-05,0.0013885325325933,117,0.0004782677735748,0.0002888167735748,0.0007183199181585,1.062171982179087e-05,0.0013885325325933,0,,,,,
Polymer+Radcor,20260226_ZRH,3,2,560,117,17.16,10.18,26.08,0.41,50.89,117,17.06,8.99,26.08,-23.49,50.89,117,0.000595360141694,0.0003655954451424,0.0008710024830203,1.6765273159882917e-05,0.0015458673037908,117,0.000595360141694,0.0003655954451424,0.0008710024830203,1.6765273159882917e-05,0.0015458673037908,0,,,,,
ACOLITE+RAdCor,20260226_ZRH,3,3,560,117,21.08,11.84,34.37,0.28,172.5,117,13.94,3.19,25.71,-172.5,48.56,117,0.000738662940737,0.0004231811787776,0.001129245940737,9.074291830301218e-06,0.0023010429530871,117,0.000738662940737,0.0004231811787776,0.001129245940737,9.074291830301218e-06,0.0023010429530871,0,,,,,
Polymer,20260226_ZRH,3,4,560,117,24.41,14.93,32.74,0.19,57.06,117,24.41,14.93,32.74,-7.15,57.06,117,0.0008413881923164,0.0005219612332929,0.0011033543306395,6.8544812970995454e-06,0.0017332261517656,117,0.0008413881923164,0.0005219612332929,0.0011033543306395,6.8544812970995454e-06,0.0017332261517656,0,,,,,
GAAC,20260226_ZRH,3,5,560,117,24.55,18.78,34.15,2.23,317.5,117,24.55,18.78,34.15,2.23,317.5,117,0.0008711672064506,0.0006555912896827,0.0011554619221052,8.151164304296419e-05,0.0097959421692888,117,0.0008711672064506,0.0006555912896827,0.0011554619221052,8.151164304296419e-05,0.0097959421692888,0,,,,,
RAdCor+ACOLITE,20260226_ZRH,3,6,560,117,53.16,40.78,63.57,0.38,80.86,117,53.16,40.78,63.57,-9.55,80.86,117,0.0018551505292775,0.0015049870939338,0.0021780752025671,1.3561340429663667e-05,0.0025983828721151,117,0.0018551505292775,0.0015049870939338,0.0021780752025671,1.3561340429663667e-05,0.0025983828721151,0,,,,,
ACOLITE+T-Mart,20260226_ZRH,3,7,560,117,54.75,43.25,64.71,5.12,83.31,117,54.75,43.25,64.71,5.12,83.31,117,0.0018760598463897,0.0015805378463897,0.0022033240966916,0.0001901514457153,0.0027338557892949,117,0.0018760598463897,0.0015805378463897,0.0022033240966916,0.0001901514457153,0.0027338557892949,0,,,,,
ACOLITE,20260226_ZRH,3,8,560,117,56.91,45.36,66.09,1.53,89.05,117,56.91,45.36,66.09,1.53,89.05,117,0.0019815122803127,0.0016764994818592,0.0022654571278445,5.69117883684636e-05,0.0029528041386516,117,0.0019815122803127,0.0016764994818592,0.0022654571278445,5.69117883684636e-05,0.0029528041386516,0,,,,,
C2RCC+T-Mart,20260226_ZRH,3,9,560,117,111.37,91.02,132.88,50.53,271.87,117,-111.37,-132.88,-91.02,-271.87,-50.53,117,0.0017948010669697,0.0016225040669697,0.0020202796035599,0.0011393298866728,0.0024024033114507,117,0.0017948010669697,0.0016225040669697,0.0020202796035599,0.0011393298866728,0.0024024033114507,0,,,,,
C2RCC,20260226_ZRH,3,10,560,117,117.47,93.31,141.8,29.77,264.8,117,-117.47,-141.8,-93.31,-264.8,-29.77,117,0.0018299864837403,0.0016165416347851,0.0020270805770228,0.0007745290087838,0.0025618084837403,117,0.0018299864837403,0.0016165416347851,0.0020270805770228,0.0007745290087838,0.0025618084837403,0,,,,,
C2RCC+RAdCor,20260226_ZRH,3,11,560,117,131.5,106.96,171.54,47.03,260.37,117,-131.5,-171.54,-106.96,-260.37,-47.03,117,0.0019805036322404,0.0017843079667492,0.0022058754743542,0.0010800372338604,0.002777176591622,117,0.0019805036322404,0.0017843079667492,0.0022058754743542,0.0010800372338604,0.002777176591622,0,,,,,
ACOLITE+RAdCor,20260226_ZRH,3,1,665,100,21.79,11.7,34.9325,0.56,432.23,100,-20.189999999999998,-34.8475,-5.725,-432.23,38.37,100,0.0002901395255631,0.00015758259463315,0.000432827642659075,8.243856199920217e-06,0.0013289930638818,100,0.0002901395255631,0.00015758259463315,0.000432827642659075,8.243856199920217e-06,0.0013289930638818,0,,,,,
RAdCor+ACOLITE,20260226_ZRH,3,2,665,117,50.57,42.33,59.55,0.78,137.82,117,48.46,37.91,57.51,-77.24,137.82,117,0.000778808777335,0.0006420072201218,0.0008789455205999,1.3169576250135874e-05,0.0020482725424798,117,0.000778808777335,0.0006420072201218,0.0008789455205999,1.3169576250135874e-05,0.0020482725424798,0,,,,,
ACOLITE+T-Mart,20260226_ZRH,3,3,665,117,52.4,39.87,61.45,1.07,132.19,117,52.4,39.87,61.45,-29.63,132.19,117,0.0008206520026094,0.0006809128304319,0.0009455338304319,1.736025114411105e-05,0.002215399758411,117,0.0008206520026094,0.0006809128304319,0.0009455338304319,1.736025114411105e-05,0.002215399758411,0,,,,,
ACOLITE,20260226_ZRH,3,4,665,117,53.73,42.24,65.22,1.46,120.27,117,53.63,41.07,65.22,-55.48,120.27,117,0.0008571152164641,0.0006912872358012,0.0009959422164641,2.4210568681240103e-05,0.0020156296691721,117,0.0008571152164641,0.0006912872358012,0.0009959422164641,2.4210568681240103e-05,0.0020156296691721,0,,,,,
GAAC,20260226_ZRH,3,5,665,117,58.21,48.01,75.14,9.61,709.68,117,58.21,48.01,75.14,9.61,709.68,117,0.0009682579048583,0.000747625609103,0.0011608259066262,0.0001655269029555,0.0095945116397358,117,0.0009682579048583,0.000747625609103,0.0011608259066262,0.0001655269029555,0.0095945116397358,0,,,,,
Polymer,20260226_ZRH,3,6,665,117,133.99,106.72,175.13,73.58,224.9,117,-133.99,-175.13,-106.72,-224.9,-73.58,117,0.0009130381846892,0.0008005225142064,0.0010618158480586,0.0005568904670926,0.0011944224412853,117,0.0009130381846892,0.0008005225142064,0.0010618158480586,0.0005568904670926,0.0011944224412853,0,,,,,
Polymer+Radcor,20260226_ZRH,3,7,665,117,153.92,125.58,185.71,82.46,283.13,117,-153.92,-185.71,-125.58,-283.13,-82.46,117,0.0009539752945613,0.0008442231262025,0.0010936894814832,0.0006004851600515,0.0012503795528848,117,0.0009539752945613,0.0008442231262025,0.0010936894814832,0.0006004851600515,0.0012503795528848,0,,,,,
Polymer+T-Mart,20260226_ZRH,3,8,665,117,162.07,133.06,204.73,93.71,276.17,117,-162.07,-204.73,-133.06,-276.17,-93.71,117,0.0009886940563886,0.0008787889419628,0.0011156145151973,0.0006355399175158,0.0012642526026347,117,0.0009886940563886,0.0008787889419628,0.0011156145151973,0.0006355399175158,0.0012642526026347,0,,,,,
C2RCC,20260226_ZRH,3,9,665,117,577.34,510.69,658.65,261.66,887.73,117,-577.34,-658.65,-510.69,-887.73,-261.66,117,0.0013231356033839,0.0012812655788613,0.0014105572331358,0.0010580877146391,0.0016830815402676,117,0.0013231356033839,0.0012812655788613,0.0014105572331358,0.0010580877146391,0.0016830815402676,0,,,,,
C2RCC+T-Mart,20260226_ZRH,3,10,665,117,591.81,514.21,668.59,330.79,921.95,117,-591.81,-668.59,-514.21,-921.95,-330.79,117,0.0013387088252491,0.001288421170923,0.0014169125746475,0.0011118136122774,0.0016675065819371,117,0.0013387088252491,0.001288421170923,0.0014169125746475,0.0011118136122774,0.0016675065819371,0,,,,,
C2RCC+RAdCor,20260226_ZRH,3,11,665,117,626.63,560.17,735.83,317.49,1319.74,117,-626.63,-735.83,-560.17,-1319.74,-317.49,117,0.0013585590625244,0.0013018582535535,0.0014362504297711,0.0011121648258114,0.0016804986915308,117,0.0013585590625244,0.0013018582535535,0.0014362504297711,0.0011121648258114,0.0016804986915308,0,,,,,
GAAC,20260226_ZRH,3,1,overall,117,60.46,51.73,76.82,15.95,565.01,117,60.46,51.73,76.82,15.95,565.01,117,0.00163,0.00137,0.00188,0.00057,0.01099,117,0.00177,0.00155,0.00202,0.00075,0.01107,117,13.381833449304944,12.585260647403825,14.380257628917407,8.902421117358182,19.99726440384076
ACOLITE+RAdCor,20260226_ZRH,3,2,overall,117,74.14,67.72,81.96,25.93570367940452,195.57,117,62.47,47.66,76.64,-8.931191143219031,105.55,117,0.00255,0.0023,0.00295,0.0009668916244177,0.00363,117,0.00338,0.00304,0.00388,0.0012854093820621,0.00471,117,27.613968419994507,27.25196782664828,28.619647478889547,24.91125527649052,33.89902440998047
RAdCor+ACOLITE,20260226_ZRH,3,3,overall,117,94.26,81.04,106.79,45.42,183.26,117,94.26,81.04,106.79,11.48,183.26,117,0.00318,0.00294,0.00351,0.00101,0.00479,117,0.00374,0.00349,0.0041,0.00114,0.00546,117,21.173943049893413,20.30149019254024,22.5984047623679,17.358841613834127,24.69519038202086
ACOLITE+T-Mart,20260226_ZRH,3,4,overall,117,99.32,82.91,110.8,41.55,171.33,117,99.32,82.91,110.8,30.86,171.33,117,0.00333,0.00305,0.00364,0.00141,0.00486,117,0.0039,0.00362,0.00423,0.00184,0.00553,117,21.58335320836933,21.07316219572441,22.47532753327444,18.667602052113978,24.698181174776103
ACOLITE,20260226_ZRH,3,5,overall,117,99.36,82.66,110.62,43.31,152.56,117,99.36,82.66,110.62,21.66,152.56,117,0.00332,0.00296,0.00361,0.00113,0.00425,117,0.00384,0.00352,0.00417,0.00145,0.00493,117,20.76402459165539,20.08703383865477,21.64008634721613,17.35887601808885,23.78131637642656
C2RCC,20260226_ZRH,3,6,overall,117,101.82,95.59,109.37,76.66,167.4,117,-47.16,-63.83,-16.71,-150.63,12.2,117,0.0013,0.00119,0.00164,0.00102,0.00244,117,0.00144,0.00134,0.00171,0.00118,0.00272,117,31.545022941108986,30.67763878578058,32.91306581393275,27.059055918476783,39.76839495945743
C2RCC+T-Mart,20260226_ZRH,3,7,overall,117,107.62,96.8,114.8,86.77,162.83,117,-39.68,-51.5,-16.7,-148.25,3.38,117,0.00136,0.00125,0.00166,0.00106,0.00259,117,0.00149,0.00139,0.00172,0.00123,0.00293,117,32.67718831001496,31.00239627365731,33.87858786124417,28.933743698203344,38.81078019510547
C2RCC+RAdCor,20260226_ZRH,3,8,overall,117,116.64,104.09,129.48,65.79,212.83,117,-50.98,-68.06,-35.78,-136.84,2.65,117,0.00138,0.00128,0.00158,0.00101,0.00239,117,0.00155,0.00145,0.00169,0.00116,0.00265,117,33.888210943431176,31.963167737531283,35.6332979555961,24.211533741093422,43.51733080545049
Polymer,20260226_ZRH,3,9,overall,117,119.96,107.98,134.78,82.76,199.95,117,65.49,52.47,73.31,22.07,110.62,117,0.00235,0.00222,0.00267,0.0014,0.00405,117,0.00279,0.00263,0.0032,0.00164,0.00509,117,24.08922411048168,22.63944148137114,25.8086961843257,19.10182394056118,32.19791069966776
Polymer+T-Mart,20260226_ZRH,3,10,overall,117,125.71,113.03,141.41,80.25,214.89,117,54.12,41.84,63.4,12.48,98.68,117,0.00215,0.00203,0.00247,0.00142,0.00393,117,0.00262,0.00243,0.00303,0.00161,0.005,117,25.55076787434697,23.74518555173681,27.112606924301872,20.444857343669938,33.245228534713846
Polymer+Radcor,20260226_ZRH,3,11,overall,117,126.64,108.65,137.84,81.57,211.2,117,57.85,48.0,68.75,11.8,108.12,117,0.00229,0.00196,0.00271,0.00136,0.0038,117,0.00278,0.00224,0.00326,0.00156,0.00478,117,25.50165596599664,23.411673597051266,26.96191855454818,18.25623212767204,32.90991953196511
C2RCC+RAdCor,20260226_ZRH,4,1,443,40,106.83500000000001,90.22,119.9475,28.97,137.98,40,106.83500000000001,90.22,119.9475,28.97,137.98,40,0.00211566307988135,0.0019100886314093,0.0022610839173413,0.0005573471817214,0.0025836005720723,40,0.00211566307988135,0.0019100886314093,0.0022610839173413,0.0005573471817214,0.0025836005720723,0,,,,,
C2RCC,20260226_ZRH,4,2,443,40,110.94999999999999,100.82000000000001,127.4975,21.67,145.38,40,110.94999999999999,100.82000000000001,127.4975,21.67,145.38,40,0.0022231050756666,0.00203841840235575,0.00246257624195135,0.0004169377319379,0.0028553144387248,40,0.0022231050756666,0.00203841840235575,0.00246257624195135,0.0004169377319379,0.0028553144387248,0,,,,,
GAAC,20260226_ZRH,4,3,443,40,113.42,97.09,135.1125,74.77,154.26,40,113.42,97.09,135.1125,74.77,154.26,40,0.00215756634918675,0.001875182942663075,0.0026437481552267,0.001580289327069,0.0029262604845367,40,0.00215756634918675,0.001875182942663075,0.0026437481552267,0.001580289327069,0.0029262604845367,0,,,,,
C2RCC+T-Mart,20260226_ZRH,4,4,443,40,118.00999999999999,105.52000000000001,135.0425,49.27,160.26,40,118.00999999999999,105.52000000000001,135.0425,49.27,160.26,40,0.0023366314467878502,0.0021357558278047,0.00263612087615205,0.0009479312826043,0.0029894867213428,40,0.0023366314467878502,0.0021357558278047,0.00263612087615205,0.0009479312826043,0.0029894867213428,0,,,,,
Polymer+Radcor,20260226_ZRH,4,5,443,40,144.715,131.5175,164.0575,110.02,235.44,40,144.715,131.5175,164.0575,110.02,235.44,40,0.0027592882255424002,0.00259890476874515,0.003186361831438575,0.0022523375762725,0.0046006493333475,40,0.0027592882255424002,0.00259890476874515,0.003186361831438575,0.0022523375762725,0.0046006493333475,0,,,,,
ACOLITE+RAdCor,20260226_ZRH,4,6,443,40,147.35,116.41250000000001,178.85,93.02,284.88,40,147.35,116.41250000000001,178.85,93.02,284.88,40,0.0028456515737896497,0.0022690053265645997,0.0034839322354018,0.0019226364115152,0.005480726682157,40,0.0028456515737896497,0.0022690053265645997,0.0034839322354018,0.0019226364115152,0.005480726682157,0,,,,,
Polymer+T-Mart,20260226_ZRH,4,7,443,40,147.765,137.54250000000002,167.715,111.44,220.04,40,147.765,137.54250000000002,167.715,111.44,220.04,40,0.00289529145899825,0.0027359415116422247,0.003264800665647325,0.0021488779972978,0.0042534869909795,40,0.00289529145899825,0.0027359415116422247,0.003264800665647325,0.0021488779972978,0.0042534869909795,0,,,,,
Polymer,20260226_ZRH,4,8,443,40,148.97,139.0575,167.975,118.29,214.1,40,148.97,139.0575,167.975,118.29,214.1,40,0.0028989711364472,0.002781227713502,0.0032652499938592,0.0023453010754836,0.0041819383878301,40,0.0028989711364472,0.002781227713502,0.0032652499938592,0.0023453010754836,0.0041819383878301,0,,,,,
RAdCor+ACOLITE,20260226_ZRH,4,9,443,40,177.93,152.85000000000002,209.4625,124.53,285.77,40,177.93,152.85000000000002,209.4625,124.53,285.77,40,0.00343755859916015,0.00301095465306085,0.004018221825125675,0.0026320478320972,0.0054491827865548,40,0.00343755859916015,0.00301095465306085,0.004018221825125675,0.0026320478320972,0.0054491827865548,0,,,,,
ACOLITE,20260226_ZRH,4,10,443,40,197.275,171.3275,214.45,146.25,293.14,40,197.275,171.3275,214.45,146.25,293.14,40,0.0037868801986813997,0.003370319954619975,0.0041991352365657,0.0030912629702048,0.0056396578108377,40,0.0037868801986813997,0.003370319954619975,0.0041991352365657,0.0030912629702048,0.0056396578108377,0,,,,,
ACOLITE+T-Mart,20260226_ZRH,4,11,443,40,237.95499999999998,212.885,259.7525,180.35,335.57,40,237.95499999999998,212.885,259.7525,180.35,335.57,40,0.0046347425695221,0.00417053154815235,0.0050498043178101,0.0038119078055875,0.0063019349918794,40,0.0046347425695221,0.00417053154815235,0.0050498043178101,0.0038119078055875,0.0063019349918794,0,,,,,
C2RCC+RAdCor,20260226_ZRH,4,1,490,40,33.66,23.915,40.8225,2.05,46.15,40,33.66,23.915,40.8225,-14.19,46.15,40,0.0010352937039674,0.00075712497620325,0.00124321626580685,6.102656302204006e-05,0.0013811145201975,40,0.0010352937039674,0.00075712497620325,0.00124321626580685,6.102656302204006e-05,0.0013811145201975,0,,,,,
C2RCC,20260226_ZRH,4,2,490,40,38.46,32.2475,48.25,0.59,54.61,40,38.46,32.2475,48.25,-21.94,54.61,40,0.00121193253119625,0.000964904771344,0.001443342167389,1.753835726364802e-05,0.001613829795836,40,0.00121193253119625,0.000964904771344,0.001443342167389,1.753835726364802e-05,0.001613829795836,0,,,,,
C2RCC+T-Mart,20260226_ZRH,4,3,490,40,39.785,33.51,49.4525,7.88,59.32,40,39.785,33.51,49.4525,-9.93,59.32,40,0.0012631940401998001,0.001068906926935475,0.001492466004217525,0.0002339441855095,0.0017833493544934,40,0.0012631940401998001,0.001068906926935475,0.001492466004217525,0.0002339441855095,0.0017833493544934,0,,,,,
GAAC,20260226_ZRH,4,4,490,40,54.47,47.177499999999995,65.9325,32.23,79.57,40,54.47,47.177499999999995,65.9325,32.23,79.57,40,0.00165049175824125,0.0014214122341129499,0.001995667903594375,0.0010486186156693,0.0023653197471539,40,0.00165049175824125,0.0014214122341129499,0.001995667903594375,0.0010486186156693,0.0023653197471539,0,,,,,
ACOLITE+RAdCor,20260226_ZRH,4,5,490,40,57.47,43.55,71.245,25.06,130.32,40,57.47,43.55,71.245,25.06,130.32,40,0.00180847610649225,0.00133681761056305,0.002195961424162375,0.0008153197036721,0.0038712814603002,40,0.00180847610649225,0.00133681761056305,0.002195961424162375,0.0008153197036721,0.0038712814603002,0,,,,,
Polymer+T-Mart,20260226_ZRH,4,6,490,40,70.92500000000001,66.16,81.845,52.92,117.56,40,70.92500000000001,66.16,81.845,52.92,117.56,40,0.0021612818845405503,0.0019890659064804002,0.002488408800039625,0.0016133252766373,0.0035188212520782,40,0.0021612818845405503,0.0019890659064804002,0.002488408800039625,0.0016133252766373,0.0035188212520782,0,,,,,
Polymer+Radcor,20260226_ZRH,4,7,490,40,71.87,60.5,81.9075,51.67,122.6,40,71.87,60.5,81.9075,51.67,122.6,40,0.0021324569404574997,0.001884196148767725,0.0025310278349033747,0.0016422733073672,0.0037494971905129,40,0.0021324569404574997,0.001884196148767725,0.0025310278349033747,0.0016422733073672,0.0037494971905129,0,,,,,
Polymer,20260226_ZRH,4,8,490,40,76.74,72.275,85.83000000000001,59.27,118.16,40,76.74,72.275,85.83000000000001,59.27,118.16,40,0.0023475829850527,0.00217259339711095,0.0026037831886597503,0.0018200487781261,0.0035623061968956,40,0.0023475829850527,0.00217259339711095,0.0026037831886597503,0.0018200487781261,0.0035623061968956,0,,,,,
RAdCor+ACOLITE,20260226_ZRH,4,9,490,40,90.285,79.525,103.3525,56.23,144.9,40,90.285,79.525,103.3525,56.23,144.9,40,0.0027974639116442003,0.002399694806376575,0.00311885331984235,0.0018296710827984,0.0043044456433506,40,0.0027974639116442003,0.002399694806376575,0.00311885331984235,0.0018296710827984,0.0043044456433506,0,,,,,
ACOLITE,20260226_ZRH,4,10,490,40,96.42,87.0275,108.07249999999999,67.29,149.49,40,96.42,87.0275,108.07249999999999,67.29,149.49,40,0.0029919801913595003,0.0026728654511462254,0.0033144359697554002,0.0021895187588074,0.0044406622800977,40,0.0029919801913595003,0.0026728654511462254,0.0033144359697554002,0.0021895187588074,0.0044406622800977,0,,,,,
ACOLITE+T-Mart,20260226_ZRH,4,11,490,40,118.685,109.82499999999999,131.285,85.61,173.12,40,118.685,109.82499999999999,131.285,85.61,173.12,40,0.00368637568542905,0.003307025899166725,0.0039538842754287245,0.0027854250425138,0.0051427216421813,40,0.00368637568542905,0.003307025899166725,0.0039538842754287245,0.0027854250425138,0.0051427216421813,0,,,,,
Polymer+T-Mart,20260226_ZRH,4,1,560,40,3.955,1.4325,7.335,0.1,26.21,40,0.49,-2.59,6.3999999999999995,-13.39,26.21,40,0.0001315005508237,4.72381201550463e-05,0.000241694566328325,3.585415083238574e-06,0.0008484558501839,40,0.0001315005508237,4.72381201550463e-05,0.000241694566328325,3.585415083238574e-06,0.0008484558501839,0,,,,,
Polymer+Radcor,20260226_ZRH,4,2,560,40,4.545,1.98,8.7275,0.6,30.01,40,2.465,0.2025,8.34,-13.57,30.01,40,0.00015405069215804998,6.697104881535517e-05,0.00028990913780940005,2.007115543342739e-05,0.0009714606202249,40,0.00015405069215804998,6.697104881535517e-05,0.00028990913780940005,2.007115543342739e-05,0.0009714606202249,0,,,,,
Polymer,20260226_ZRH,4,3,560,40,10.469999999999999,6.9125,15.4575,1.29,37.92,40,10.469999999999999,6.9125,15.4575,-3.68,37.92,40,0.00035783013119255,0.000236585203947975,0.000511682453288875,4.472927483214952e-05,0.0012275624762838,40,0.00035783013119255,0.000236585203947975,0.000511682453288875,4.472927483214952e-05,0.0012275624762838,0,,,,,
ACOLITE+RAdCor,20260226_ZRH,4,4,560,40,26.505000000000003,14.2675,29.580000000000002,1.14,40.35,40,-23.265,-28.697499999999998,-6.59,-40.35,30.21,40,0.0007072364190023499,0.0004281410760599,0.000825515538798675,3.6525708600401805e-05,0.0010094010655028,40,0.0007072364190023499,0.0004281410760599,0.000825515538798675,3.6525708600401805e-05,0.0010094010655028,0,,,,,
RAdCor+ACOLITE,20260226_ZRH,4,5,560,40,28.47,23.53,35.6125,13.28,63.05,40,28.47,23.53,35.6125,13.28,63.05,40,0.00095518530639465,0.0007853077553857,0.00120047114196995,0.0004663638386683,0.0020412223195018,40,0.00095518530639465,0.0007853077553857,0.00120047114196995,0.0004663638386683,0.0020412223195018,0,,,,,
GAAC,20260226_ZRH,4,6,560,40,33.519999999999996,30.555,37.8925,23.49,49.19,40,33.519999999999996,30.555,37.8925,23.49,49.19,40,0.0011303570949016,0.0010556339051936,0.001250770902329175,0.0008248522056756,0.0016007764933855,40,0.0011303570949016,0.0010556339051936,0.001250770902329175,0.0008248522056756,0.0016007764933855,0,,,,,
ACOLITE,20260226_ZRH,4,7,560,40,35.105,32.4675,44.247499999999995,24.37,73.6,40,35.105,32.4675,44.247499999999995,24.37,73.6,40,0.0012001222474336,0.001096785532844675,0.0014803274133009,0.0008556799579219,0.0023828011718871,40,0.0012001222474336,0.001096785532844675,0.0014803274133009,0.0008556799579219,0.0023828011718871,0,,,,,
ACOLITE+T-Mart,20260226_ZRH,4,8,560,40,43.129999999999995,38.895,49.802499999999995,29.24,81.33,40,43.129999999999995,38.895,49.802499999999995,29.24,81.33,40,0.0014585666947748,0.00131328950054275,0.001668757697355,0.001026644239928,0.0026328459163489,40,0.0014585666947748,0.00131328950054275,0.001668757697355,0.001026644239928,0.0026328459163489,0,,,,,
C2RCC,20260226_ZRH,4,9,560,40,56.985,45.457499999999996,65.28999999999999,30.13,149.11,40,-56.985,-65.28999999999999,-45.457499999999996,-149.11,-30.13,40,0.0012399997485674,0.001071418053944275,0.00133895570771985,0.0007587451563511,0.0019824967701337,40,0.0012399997485674,0.001071418053944275,0.00133895570771985,0.0007587451563511,0.0019824967701337,0,,,,,
C2RCC+T-Mart,20260226_ZRH,4,10,560,40,62.855000000000004,53.2775,70.38499999999999,37.19,125.66,40,-62.855000000000004,-70.38499999999999,-53.2775,-125.66,-37.19,40,0.00130738258301675,0.0011776679155707,0.00142417653780925,0.0008882706226154,0.0018443157288568,40,0.00130738258301675,0.0011776679155707,0.00142417653780925,0.0008882706226154,0.0018443157288568,0,,,,,
C2RCC+RAdCor,20260226_ZRH,4,11,560,40,69.015,58.787499999999994,80.6375,41.47,113.7,40,-69.015,-80.6375,-58.787499999999994,-113.7,-41.47,40,0.0013803284141349,0.0012619997423138,0.001533997498920775,0.0009497857756671,0.0018442078475629,40,0.0013803284141349,0.0012619997423138,0.001533997498920775,0.0009497857756671,0.0018442078475629,0,,,,,
RAdCor+ACOLITE,20260226_ZRH,4,1,665,40,14.530000000000001,3.0700000000000003,27.2125,0.12,51.11,40,13.165,1.74,27.2125,-16.61,51.11,40,0.0002171195892225,4.7398529176056364e-05,0.000402581559530925,1.7607358775138283e-06,0.0007605871638288,40,0.0002171195892225,4.7398529176056364e-05,0.000402581559530925,1.7607358775138283e-06,0.0007605871638288,0,,,,,
ACOLITE,20260226_ZRH,4,2,665,40,21.895,13.8125,36.515,0.87,79.03,40,21.895,13.8125,36.515,0.87,79.03,40,0.0003343814342834,0.00021136802434205,0.000548932167382275,1.3381820380389733e-05,0.0011758056990207,40,0.0003343814342834,0.00021136802434205,0.000548932167382275,1.3381820380389733e-05,0.0011758056990207,0,,,,,
ACOLITE+T-Mart,20260226_ZRH,4,3,665,40,32.04,24.9,47.7275,9.08,82.73,40,32.04,24.9,47.7275,9.08,82.73,40,0.00048639867359305,0.000366758059732175,0.0007135440704828,0.0001400565916892,0.0012309751460334,40,0.00048639867359305,0.000366758059732175,0.0007135440704828,0.0001400565916892,0.0012309751460334,0,,,,,
GAAC,20260226_ZRH,4,4,665,40,75.14500000000001,70.07,84.8725,51.12,105.32,40,75.14500000000001,70.07,84.8725,51.12,105.32,40,0.0011504346989941,0.001064626871268025,0.00127796179959595,0.0008031265189022,0.0015845668258639,40,0.0011504346989941,0.001064626871268025,0.00127796179959595,0.0008031265189022,0.0015845668258639,0,,,,,
Polymer,20260226_ZRH,4,5,665,40,143.875,137.8575,156.52249999999998,106.84,185.38,40,-143.875,-156.52249999999998,-137.8575,-185.38,-106.84,40,0.0008962759275573,0.0008595688581781,0.0009362122597888,0.0007685204662483,0.0010540071114173,40,0.0008962759275573,0.0008595688581781,0.0009362122597888,0.0007685204662483,0.0010540071114173,0,,,,,
Polymer+Radcor,20260226_ZRH,4,6,665,40,174.69,161.2975,187.345,118.21,224.93,40,-174.69,-187.345,-161.2975,-224.93,-118.21,40,0.00095177942504495,0.000915770123287575,0.001015535837010025,0.00080601698935,0.0011178779030709,40,0.00095177942504495,0.000915770123287575,0.001015535837010025,0.00080601698935,0.0011178779030709,0,,,,,
Polymer+T-Mart,20260226_ZRH,4,7,665,40,178.1,165.99,188.7425,123.92,233.2,40,-178.1,-188.7425,-165.99,-233.2,-123.92,40,0.00096785413754925,0.0009268385857337,0.0010068410327376501,0.0008234086253285,0.0011356016362463,40,0.00096785413754925,0.0009268385857337,0.0010068410327376501,0.0008234086253285,0.0011356016362463,0,,,,,
ACOLITE+RAdCor,20260226_ZRH,4,8,665,40,244.56,122.07,426.3925,2.92,6375.95,40,-244.56,-426.3925,-122.07,-6375.95,-2.92,40,0.0010653177304494501,0.0008250984406171251,0.001240073367261275,4.216458313113444e-05,0.0015433916538599,40,0.0010653177304494501,0.0008250984406171251,0.001240073367261275,4.216458313113444e-05,0.0015433916538599,0,,,,,
C2RCC,20260226_ZRH,4,9,665,40,355.165,308.88,392.4375,261.32,637.37,40,-355.165,-392.4375,-308.88,-637.37,-261.32,40,0.0011880743078874,0.0011283158485749,0.001243400507725,0.0010604777472102,0.0013741954426905,40,0.0011880743078874,0.0011283158485749,0.001243400507725,0.0010604777472102,0.0013741954426905,0,,,,,
C2RCC+T-Mart,20260226_ZRH,4,10,665,40,389.015,344.595,423.3675,291.56,610.28,40,-389.015,-423.3675,-344.595,-610.28,-291.56,40,0.00121037014678605,0.00116189691676185,0.001254181884369975,0.0010918231721072,0.0013550587215418,40,0.00121037014678605,0.00116189691676185,0.001254181884369975,0.0010918231721072,0.0013550587215418,0,,,,,
C2RCC+RAdCor,20260226_ZRH,4,11,665,40,408.43,361.9475,464.09749999999997,310.05,625.03,40,-408.43,-464.09749999999997,-361.9475,-625.03,-310.05,40,0.00121346878609135,0.0011798928226195,0.001264857546713975,0.0011274870834175,0.0013745413976793,40,0.00121346878609135,0.0011798928226195,0.001264857546713975,0.0011274870834175,0.0013745413976793,0,,,,,
RAdCor+ACOLITE,20260226_ZRH,4,1,overall,40,56.004999999999995,49.177499999999995,65.80000000000001,34.97,99.83,40,56.004999999999995,49.177499999999995,65.80000000000001,33.04,99.83,40,0.00182,0.0015775,0.002195,0.00129,0.00311,40,0.00226,0.0019950000000000002,0.0026425,0.00162,0.0036,40,17.336567264451034,16.62555897874186,18.529370157085687,15.464164041766857,19.503734620968007
ACOLITE,20260226_ZRH,4,2,overall,40,64.075,57.665,73.44,44.24,111.34,40,64.075,57.665,73.44,44.24,111.34,40,0.00208,0.00186,0.0024124999999999997,0.00154,0.00336,40,0.00251,0.0022375,0.002815,0.00194,0.00378,40,16.856918766911193,16.157498888370245,17.746254929971553,14.207904457009809,18.81422326421129
GAAC,20260226_ZRH,4,3,overall,40,64.95,58.055,74.0675,43.27,92.01,40,64.95,58.055,74.0675,43.27,92.01,40,0.0015249999999999999,0.00138,0.0018124999999999999,0.00108,0.00207,40,0.001585,0.0014275,0.0019,0.00112,0.00213,40,9.810638767982818,8.26513205533842,11.075474036696523,7.148660949951163,12.26460850677088
ACOLITE+T-Mart,20260226_ZRH,4,4,overall,40,77.41499999999999,71.34,86.42750000000001,54.88,122.54,40,77.41499999999999,71.34,86.42750000000001,54.88,122.54,40,0.00255,0.0022975,0.0028375,0.00194,0.00379,40,0.003025,0.0027775,0.00333,0.00242,0.00431,40,18.705238401647463,18.014732544426185,19.332044467069537,16.258906332324937,20.375911469057225
C2RCC,20260226_ZRH,4,5,overall,40,82.82,78.795,88.77,67.43,98.43,40,-6.915,-9.657499999999999,0.36250000000000004,-74.29,7.02,40,0.001435,0.0013675,0.00153,0.00093,0.00173,40,0.0015,0.0014375,0.0016150000000000001,0.0011,0.00186,40,28.129879450547225,26.95696234385158,29.02110771879304,25.1650676405904,30.946635920755423
ACOLITE+RAdCor,20260226_ZRH,4,6,overall,40,83.19999999999999,70.93,94.2475,62.88,110.26,40,13.415,5.4775,26.02,-5.94,73.18,40,0.00157,0.00141,0.0017325,0.00131,0.0026,40,0.0017850000000000001,0.00151,0.0020800000000000003,0.00136,0.00334,40,25.73796186842192,25.255260923240666,26.693541212566515,23.633348929077687,28.03978832834372
C2RCC+RAdCor,20260226_ZRH,4,7,overall,40,87.37,80.9925,90.0575,58.12,106.49,40,-13.08,-17.735,-7.365,-48.79,1.16,40,0.00142,0.00135,0.0014925,0.00095,0.00164,40,0.001495,0.0014025,0.00157,0.00108,0.00173,40,29.016390950643398,28.12605289780723,29.72298878384864,23.54944991844278,32.109010651960745
C2RCC+T-Mart,20260226_ZRH,4,8,overall,40,88.14500000000001,83.5275,97.42,75.68,103.63,40,-7.7250000000000005,-10.645,-2.1199999999999997,-57.5,5.15,40,0.00151,0.00144,0.001625,0.00105,0.00179,40,0.00159,0.00151,0.001735,0.00116,0.00193,40,29.23148753679002,28.313346802456458,30.70458636806019,26.761176667647835,31.658211338799653
Polymer+Radcor,20260226_ZRH,4,9,overall,40,104.765,91.28,114.2975,78.48,152.32,40,32.235,26.4975,39.285,16.47,63.48,40,0.001495,0.0013974999999999999,0.00174,0.00124,0.00238,40,0.001795,0.0016875000000000002,0.0021625,0.00149,0.00301,40,22.458708949667333,21.245710125223034,23.44028097145933,19.88019351695916,27.23553229035384
Polymer+T-Mart,20260226_ZRH,4,10,overall,40,105.21000000000001,99.2225,117.0325,80.01,139.8,40,31.17,27.5975,37.26,18.4,64.98,40,0.001545,0.0014775,0.00169,0.0012,0.00233,40,0.0018700000000000001,0.0017775,0.0021,0.00143,0.00281,40,22.856844448210232,22.187159645137246,23.938513522807387,20.58994851480185,24.943039327982422
Polymer,20260226_ZRH,4,11,overall,40,105.765,101.005,112.035,86.46,132.02,40,39.525000000000006,36.150000000000006,45.695,24.97,72.27,40,0.001625,0.00153,0.00179,0.00133,0.00235,40,0.00192,0.0018325,0.0021625,0.00156,0.00281,40,21.331086105286865,20.78192276630132,22.268712975337632,19.245700253817088,23.635289946576528
Polymer+T-Mart,20260227_ZRH,1,1,443,89,21.93,11.42,35.97,0.32,62.86,89,21.93,10.97,35.97,-19.16,62.86,89,0.0004270571716225,0.0002269585559678,0.0006454114259467,6.443867755365901e-06,0.0011172852280424,89,0.0004270571716225,0.0002269585559678,0.0006454114259467,6.443867755365901e-06,0.0011172852280424,0,,,,,
Polymer+Radcor,20260227_ZRH,1,2,443,89,38.37,27.19,49.09,0.35,94.66,89,38.37,27.19,49.09,-17.6,94.66,89,0.0007458593473693,0.0005254449588246,0.0009182632003071,7.462961214409029e-06,0.0015018247631829,89,0.0007458593473693,0.0005254449588246,0.0009182632003071,7.462961214409029e-06,0.0015018247631829,0,,,,,
Polymer,20260227_ZRH,1,3,443,89,46.17,33.85,61.4,1.91,92.97,89,46.17,33.85,61.4,1.91,92.97,89,0.000915514661481,0.000653111861497,0.0011990529219738,4.101255736957844e-05,0.0015996016836057,89,0.000915514661481,0.000653111861497,0.0011990529219738,4.101255736957844e-05,0.0015996016836057,0,,,,,
GAAC,20260227_ZRH,1,4,443,89,50.69,44.66,57.07,9.55,85.81,89,50.69,44.66,57.07,9.55,85.81,89,0.0010088490408897,0.0009141322089103,0.0011076630892693,0.0001857860215044,0.0016547140346369,89,0.0010088490408897,0.0009141322089103,0.0011076630892693,0.0001857860215044,0.0016547140346369,0,,,,,
ACOLITE,20260227_ZRH,1,5,443,89,70.79,63.56,77.13,53.6,112.07,89,70.79,63.56,77.13,53.6,112.07,89,0.0014014050760666,0.001274373002734,0.001485528209001,0.0010219603666785,0.0019735458861011,89,0.0014014050760666,0.001274373002734,0.001485528209001,0.0010219603666785,0.0019735458861011,0,,,,,
RAdCor+ACOLITE,20260227_ZRH,1,6,443,89,91.95,84.51,98.9,73.72,134.21,89,91.95,84.51,98.9,73.72,134.21,89,0.0018299931302379,0.001689739108092,0.0018987678385376,0.0013858707045886,0.0024442682131099,89,0.0018299931302379,0.001689739108092,0.0018987678385376,0.0013858707045886,0.0024442682131099,0,,,,,
ACOLITE+T-Mart,20260227_ZRH,1,7,443,89,110.92,104.88,117.27,91.8,153.72,89,110.92,104.88,117.27,91.8,153.72,89,0.0021784701936962,0.0020697289630835,0.0022713411254997,0.0018276896683249,0.002769293738054,89,0.0021784701936962,0.0020697289630835,0.0022713411254997,0.0018276896683249,0.002769293738054,0,,,,,
ACOLITE+RAdCor,20260227_ZRH,1,8,443,89,199.83,192.74,208.11,175.01,258.37,89,199.83,192.74,208.11,175.01,258.37,89,0.0039401072972052,0.0038419741498513,0.004034392046123,0.0036326061742932,0.0043579433201718,89,0.0039401072972052,0.0038419741498513,0.004034392046123,0.0036326061742932,0.0043579433201718,0,,,,,
C2RCC+T-Mart,20260227_ZRH,1,9,443,89,277.56,248.96,299.27,211.17,472.43,89,-277.56,-299.27,-248.96,-472.43,-211.17,89,0.0014298601487529,0.0013705526931712,0.0015004604382474,0.0010869151680998,0.0017093539409745,89,0.0014298601487529,0.0013705526931712,0.0015004604382474,0.0010869151680998,0.0017093539409745,0,,,,,
C2RCC+RAdCor,20260227_ZRH,1,10,443,89,356.78,322.29,390.75,270.02,631.54,89,-356.78,-390.75,-322.29,-631.54,-270.02,89,0.001520553706611,0.001471049383081,0.0015970819221254,0.0011859281167952,0.0018286871878875,89,0.001520553706611,0.001471049383081,0.0015970819221254,0.0011859281167952,0.0018286871878875,0,,,,,
C2RCC,20260227_ZRH,1,11,443,89,407.22,372.4,451.36,309.28,963.19,89,-407.22,-451.36,-372.4,-963.19,-309.28,89,0.0015802868344855,0.0015091555214641,0.0016454597700344,0.0012520598893094,0.0018495135211531,89,0.0015802868344855,0.0015091555214641,0.0016454597700344,0.0012520598893094,0.0018495135211531,0,,,,,
GAAC,20260227_ZRH,1,1,490,80,6.9,4.04,10.6175,0.68,21.55,80,6.404999999999999,3.6675,10.1075,-21.55,19.33,80,0.00024649122122704997,0.000145986943134825,0.0003740091634416,2.552828773540877e-05,0.0006128544609324,80,0.00024649122122704997,0.000145986943134825,0.0003740091634416,2.552828773540877e-05,0.0006128544609324,0,,,,,
ACOLITE,20260227_ZRH,1,2,490,89,9.13,5.72,12.7,0.07,25.52,89,9.13,5.72,12.7,-3.76,25.52,89,0.0003247572712687,0.000206124415893,0.0004312589862084,2.3970100054742163e-06,0.0008017783217751,89,0.0003247572712687,0.000206124415893,0.0004312589862084,2.3970100054742163e-06,0.0008017783217751,0,,,,,
Polymer,20260227_ZRH,1,3,490,89,10.07,5.47,16.74,0.06,46.24,89,-9.14,-16.74,-0.89,-46.24,12.18,89,0.0003280330047013,0.000184491149989,0.0005140433385598,2.129825284719056e-06,0.0011662194772428,89,0.0003280330047013,0.000184491149989,0.0005140433385598,2.129825284719056e-06,0.0011662194772428,0,,,,,
Polymer+Radcor,20260227_ZRH,1,4,490,89,13.43,6.95,24.1,0.29,63.41,89,-13.43,-24.1,-6.37,-63.41,7.63,89,0.0004287596874833,0.0002306998980495,0.0007076713955738,9.77572480564265e-06,0.0014605493175944,89,0.0004287596874833,0.0002306998980495,0.0007076713955738,9.77572480564265e-06,0.0014605493175944,0,,,,,
RAdCor+ACOLITE,20260227_ZRH,1,5,490,89,15.13,12.33,17.82,2.94,27.45,89,15.13,12.33,17.82,2.94,27.45,89,0.0005409734297881,0.0004399081948993,0.0006189335209567,0.0001003372603645,0.0008489115429513,89,0.0005409734297881,0.0004399081948993,0.0006189335209567,0.0001003372603645,0.0008489115429513,0,,,,,
Polymer+T-Mart,20260227_ZRH,1,6,490,89,24.99,16.99,33.76,3.4,75.35,89,-24.99,-33.76,-16.99,-75.35,-3.4,89,0.0007055470743405,0.0005083279760561,0.0009268138354401,0.0001024929445696,0.0015849755886339,89,0.0007055470743405,0.0005083279760561,0.0009268138354401,0.0001024929445696,0.0015849755886339,0,,,,,
ACOLITE+T-Mart,20260227_ZRH,1,7,490,89,26.96,22.91,30.56,13.07,44.67,89,26.96,22.91,30.56,13.07,44.67,89,0.0009400161097283,0.0008398591976711,0.0010514751878983,0.0004821938624651,0.0014033172444128,89,0.0009400161097283,0.0008398591976711,0.0010514751878983,0.0004821938624651,0.0014033172444128,0,,,,,
ACOLITE+RAdCor,20260227_ZRH,1,8,490,89,68.85,63.31,73.13,57.07,95.01,89,68.85,63.31,73.13,57.07,95.01,89,0.0024504451240913,0.0023112117787017,0.0025675527262799,0.0020157820040585,0.0029849572271728,89,0.0024504451240913,0.0023112117787017,0.0025675527262799,0.0020157820040585,0.0029849572271728,0,,,,,
C2RCC+T-Mart,20260227_ZRH,1,9,490,89,337.76,303.88,367.04,271.19,577.45,89,-337.76,-367.04,-303.88,-577.45,-271.19,89,0.0027251475927649,0.0026405357301535,0.0028079200210022,0.0023498893482349,0.0029849899302194,89,0.0027251475927649,0.0026405357301535,0.0028079200210022,0.0023498893482349,0.0029849899302194,0,,,,,
C2RCC+RAdCor,20260227_ZRH,1,10,490,89,434.69,393.02,473.12,318.05,780.7,89,-434.69,-473.12,-393.02,-780.7,-318.05,89,0.0028710004626762,0.0027786929006884,0.0029640058255252,0.0025363223768795,0.00312781747692,89,0.0028710004626762,0.0027786929006884,0.0029640058255252,0.0025363223768795,0.00312781747692,0,,,,,
C2RCC,20260227_ZRH,1,11,490,89,502.7,453.12,563.26,359.72,1258.35,89,-502.7,-563.26,-453.12,-1258.35,-359.72,89,0.0029671919677013,0.0028723930195012,0.0030371577602681,0.0026015277237209,0.0032603554988456,89,0.0029671919677013,0.0028723930195012,0.0030371577602681,0.0026015277237209,0.0032603554988456,0,,,,,
ACOLITE+T-Mart,20260227_ZRH,1,1,560,89,2.83,1.54,5.2,0.0,16.24,89,-2.14,-4.93,0.56,-16.24,5.99,89,0.0001011875088756,6.061012812876715e-05,0.0001942051412456,1.9963467621803704e-07,0.0005266340799876,89,0.0001011875088756,6.061012812876715e-05,0.0001942051412456,1.9963467621803704e-07,0.0005266340799876,0,,,,,
GAAC,20260227_ZRH,1,2,560,89,8.52,6.08,13.03,0.15,41.49,89,-8.52,-13.03,-6.08,-41.49,0.15,89,0.0002969715709435,0.0002089011239758,0.0004547995976082,6.0700246628754215e-06,0.0011052442724284,89,0.0002969715709435,0.0002089011239758,0.0004547995976082,6.0700246628754215e-06,0.0011052442724284,0,,,,,
ACOLITE,20260227_ZRH,1,3,560,89,10.42,7.58,13.68,0.78,25.33,89,-10.42,-13.68,-7.58,-25.33,0.78,89,0.0003577166640297,0.0002793511833904,0.0004705821420637,2.6530281423211e-05,0.0007616991035356,89,0.0003577166640297,0.0002793511833904,0.0004705821420637,2.6530281423211e-05,0.0007616991035356,0,,,,,
RAdCor+ACOLITE,20260227_ZRH,1,4,560,89,15.61,11.85,19.1,8.09,36.18,89,-15.61,-19.1,-11.85,-36.18,-8.09,89,0.000513260200437,0.0004016273139653,0.0006136559331808,0.0002599682096893,0.0010013100083633,89,0.000513260200437,0.0004016273139653,0.0006136559331808,0.0002599682096893,0.0010013100083633,0,,,,,
ACOLITE+RAdCor,20260227_ZRH,1,5,560,89,33.6,30.5,37.81,19.19,47.13,89,33.6,30.5,37.81,19.19,47.13,89,0.0012633359621784,0.0011872883521142,0.0014081916493878,0.000723416744946,0.001611490196331,89,0.0012633359621784,0.0011872883521142,0.0014081916493878,0.000723416744946,0.001611490196331,0,,,,,
Polymer,20260227_ZRH,1,6,560,89,46.69,38.5,55.46,18.85,86.78,89,-46.69,-55.46,-38.5,-86.78,-18.85,89,0.0012067681059477,0.001044983895717,0.0013882313913663,0.0005508617130571,0.0018020926583146,89,0.0012067681059477,0.001044983895717,0.0013882313913663,0.0005508617130571,0.0018020926583146,0,,,,,
Polymer+Radcor,20260227_ZRH,1,7,560,89,54.92,45.28,67.36,19.13,102.88,89,-54.92,-67.36,-45.28,-102.88,-19.13,89,0.0013462058950798,0.001181277591578,0.0015202413143708,0.000557659292817,0.0019798344354583,89,0.0013462058950798,0.001181277591578,0.0015202413143708,0.000557659292817,0.0019798344354583,0,,,,,
Polymer+T-Mart,20260227_ZRH,1,8,560,89,72.11,63.31,84.34,35.55,131.06,89,-72.11,-84.34,-63.31,-131.06,-35.55,89,0.0015983095452653,0.001446514380978,0.0017516959270279,0.0009108165361561,0.0022000494503719,89,0.0015983095452653,0.001446514380978,0.0017516959270279,0.0009108165361561,0.0022000494503719,0,,,,,
C2RCC+T-Mart,20260227_ZRH,1,9,560,89,118.34,109.17,137.05,88.93,244.7,89,-118.34,-137.05,-109.17,-244.7,-88.93,89,0.0020660849522659,0.0019321297361338,0.0021610341096821,0.0017400774256696,0.0026756995297274,89,0.0020660849522659,0.0019321297361338,0.0021610341096821,0.0017400774256696,0.0026756995297274,0,,,,,
C2RCC+RAdCor,20260227_ZRH,1,10,560,89,171.42,155.34,187.76,112.95,377.33,89,-171.42,-187.76,-155.34,-377.33,-112.95,89,0.002376998786781,0.0022968994827192,0.0024753331191994,0.0019562733678941,0.0029795133995001,89,0.002376998786781,0.0022968994827192,0.0024753331191994,0.0019562733678941,0.0029795133995001,0,,,,,
C2RCC,20260227_ZRH,1,11,560,89,212.29,180.89,247.49,138.85,634.73,89,-212.29,-247.49,-180.89,-634.73,-138.85,89,0.0025508008546567,0.0024712024023375,0.0026940351532686,0.0022511297699907,0.0032561422492623,89,0.0025508008546567,0.0024712024023375,0.0026940351532686,0.0022511297699907,0.0032561422492623,0,,,,,
ACOLITE+T-Mart,20260227_ZRH,1,1,665,89,4.51,2.31,8.26,0.13,54.16,89,0.55,-2.59,6.36,-54.16,24.11,89,7.274165596759326e-05,3.66341744145154e-05,0.0001337958694334,2.147481136500736e-06,0.0006310075571276,89,7.274165596759326e-05,3.66341744145154e-05,0.0001337958694334,2.147481136500736e-06,0.0006310075571276,0,,,,,
RAdCor+ACOLITE,20260227_ZRH,1,2,665,89,11.74,6.77,16.01,0.37,84.13,89,-11.74,-16.01,-6.77,-84.13,5.5,89,0.0001746598974728,0.0001080401206655,0.0002383292562444,6.525423971474095e-06,0.0008206577206477,89,0.0001746598974728,0.0001080401206655,0.0002383292562444,6.525423971474095e-06,0.0008206577206477,0,,,,,
GAAC,20260227_ZRH,1,3,665,89,21.7,17.92,27.28,3.75,49.73,89,21.2,17.36,27.24,-32.95,49.73,89,0.000351312009492,0.0003016680611014,0.0004534861572588,6.556526327414344e-05,0.0007446037375101,89,0.000351312009492,0.0003016680611014,0.0004534861572588,6.556526327414344e-05,0.0007446037375101,0,,,,,
ACOLITE,20260227_ZRH,1,4,665,89,23.72,16.28,29.46,1.55,119.14,89,-23.72,-29.46,-16.28,-119.14,-1.55,89,0.0003197564933397,0.0002307657267422,0.0003975001901591,2.2829700389087257e-05,0.0009764754379615,89,0.0003197564933397,0.0002307657267422,0.0003975001901591,2.2829700389087257e-05,0.0009764754379615,0,,,,,
ACOLITE+RAdCor,20260227_ZRH,1,5,665,89,63.36,57.31,68.87,21.2,94.3,89,63.36,57.31,68.87,21.2,94.3,89,0.0010684675005928,0.0009757960517914,0.0011320415346809,0.0003807988666481,0.0014446221349819,89,0.0010684675005928,0.0009757960517914,0.0011320415346809,0.0003807988666481,0.0014446221349819,0,,,,,
C2RCC+T-Mart,20260227_ZRH,1,6,665,89,100.69,86.13,117.36,49.59,243.4,89,-100.69,-117.36,-86.13,-243.4,-49.59,89,0.0008137536348563,0.0007672157731571,0.0009108450915789,0.0005013515001578,0.0012197295823437,89,0.0008137536348563,0.0007672157731571,0.0009108450915789,0.0005013515001578,0.0012197295823437,0,,,,,
C2RCC+RAdCor,20260227_ZRH,1,7,665,89,172.41,144.11,213.54,60.31,344.39,89,-172.41,-213.54,-144.11,-344.39,-60.31,89,0.0010649921825766,0.0009666002013211,0.0011417924665617,0.000666798660306,0.0013383926317669,89,0.0010649921825766,0.0009666002013211,0.0011417924665617,0.000666798660306,0.0013383926317669,0,,,,,
Polymer+T-Mart,20260227_ZRH,1,8,665,89,213.25,182.43,248.12,100.26,425.75,89,-213.25,-248.12,-182.43,-425.75,-100.26,89,0.0011531600418459,0.0010792279165626,0.0012268862861266,0.0006835828093533,0.0014835004463748,89,0.0011531600418459,0.0010792279165626,0.0012268862861266,0.0006835828093533,0.0014835004463748,0,,,,,
C2RCC,20260227_ZRH,1,9,665,89,239.77,205.32,304.58,143.37,573.58,89,-239.77,-304.58,-205.32,-573.58,-143.37,89,0.0011924237431848,0.001105776792114,0.0012839802657273,0.0008769353217711,0.0014468237517842,89,0.0011924237431848,0.001105776792114,0.0012839802657273,0.0008769353217711,0.0014468237517842,0,,,,,
Polymer+Radcor,20260227_ZRH,1,10,665,89,251.49,214.66,291.64,119.45,713.37,89,-251.49,-291.64,-214.66,-713.37,-119.45,89,0.0012139727083895,0.0011372460302252,0.0012751703099016,0.0007567887294692,0.0016067147318757,89,0.0012139727083895,0.0011372460302252,0.0012751703099016,0.0007567887294692,0.0016067147318757,0,,,,,
Polymer,20260227_ZRH,1,11,665,89,327.95,273.52,381.1,158.94,902.39,89,-327.95,-381.1,-273.52,-902.39,-158.94,89,0.0012862177832836,0.0012149574312781,0.001362312541378,0.0008398566630381,0.0016491868024761,89,0.0012862177832836,0.0012149574312781,0.001362312541378,0.0008398566630381,0.0016491868024761,0,,,,,
ACOLITE,20260227_ZRH,1,1,704,89,11.56,5.66,18.96,0.47,36.63,89,10.59,3.76,18.6,-24.18,36.63,89,0.0001253193957868,6.324769982278349e-05,0.0002095700213122,5.305662423074229e-06,0.0004245383733775,89,0.0001253193957868,6.324769982278349e-05,0.0002095700213122,5.305662423074229e-06,0.0004245383733775,0,,,,,
ACOLITE+T-Mart,20260227_ZRH,1,2,704,89,17.46,11.37,24.11,0.52,45.88,89,16.21,8.56,24.11,-19.26,45.88,89,0.0001918711558812,0.0001177550256197,0.0002723948528077,5.948505901098335e-06,0.0004616419155042,89,0.0001918711558812,0.0001177550256197,0.0002723948528077,5.948505901098335e-06,0.0004616419155042,0,,,,,
RAdCor+ACOLITE,20260227_ZRH,1,3,704,89,27.5,20.2,35.3,0.7,55.89,89,27.5,20.2,35.3,-5.98,55.89,89,0.0003088952988523,0.0002167214443671,0.0004075551369246,8.772582794308679e-06,0.0006476590478684,89,0.0003088952988523,0.0002167214443671,0.0004075551369246,8.772582794308679e-06,0.0006476590478684,0,,,,,
GAAC,20260227_ZRH,1,4,704,89,79.42,69.47,86.79,20.43,123.32,89,79.42,69.47,86.79,20.43,123.32,89,0.0008809681746116,0.0008070961857717,0.0009928843638139,0.0002377469964896,0.0012102898888105,89,0.0008809681746116,0.0008070961857717,0.0009928843638139,0.0002377469964896,0.0012102898888105,0,,,,,
C2RCC+T-Mart,20260227_ZRH,1,5,704,89,87.65,70.07,104.15,23.56,253.22,89,-87.65,-104.15,-70.07,-253.22,-23.56,89,0.0005245062017629,0.0004562672919609,0.000586582395876,0.0001893897567818,0.0008541624420475,89,0.0005245062017629,0.0004562672919609,0.000586582395876,0.0001893897567818,0.0008541624420475,0,,,,,
ACOLITE+RAdCor,20260227_ZRH,1,6,704,89,111.6,101.01,123.45,65.39,158.06,89,111.6,101.01,123.45,65.39,158.06,89,0.0012604356839783,0.0011685076132361,0.001361230552769,0.0008263629963148,0.0015511662040708,89,0.0012604356839783,0.0011685076132361,0.001361230552769,0.0008263629963148,0.0015511662040708,0,,,,,
C2RCC+RAdCor,20260227_ZRH,1,7,704,89,166.12,123.86,206.25,36.16,374.66,89,-166.12,-206.25,-123.86,-374.66,-36.16,89,0.0006973449832961,0.0006237952241792,0.0007733192241792,0.0003149724673393,0.0009406358942299,89,0.0006973449832961,0.0006237952241792,0.0007733192241792,0.0003149724673393,0.0009406358942299,0,,,,,
C2RCC,20260227_ZRH,1,8,704,89,233.57,194.16,312.91,136.35,635.1,89,-233.57,-312.91,-194.16,-635.1,-136.35,89,0.0007958549496403,0.000730740629512,0.000870206557003,0.0005435430440042,0.0010182164044844,89,0.0007958549496403,0.000730740629512,0.000870206557003,0.0005435430440042,0.0010182164044844,0,,,,,
Polymer+T-Mart,20260227_ZRH,1,9,704,83,759.07,489.55499999999995,1181.2800000000002,172.51,9549.88,83,-759.07,-1181.2800000000002,-489.55499999999995,-9549.88,-172.51,83,0.0010066697159524,0.0009132730839948,0.0010681909821166,0.0007336059047082,0.0011295974165655,83,0.0010066697159524,0.0009132730839948,0.0010681909821166,0.0007336059047082,0.0011295974165655,0,,,,,
Polymer+Radcor,20260227_ZRH,1,10,704,68,929.71,599.915,1431.2849999999999,210.64,7627.98,68,-929.71,-1431.2849999999999,-599.915,-7627.98,-210.64,68,0.00102768886752135,0.00095540105283845,0.001093723208181725,0.0007858116433584,0.0012034847533164,68,0.00102768886752135,0.00095540105283845,0.001093723208181725,0.0007858116433584,0.0012034847533164,0,,,,,
Polymer,20260227_ZRH,1,11,704,55,1622.71,685.81,2294.1099999999997,314.44,8821.56,55,-1622.71,-2294.1099999999997,-685.81,-8821.56,-314.44,55,0.0010410775717268,0.00097937387411525,0.00111496648551155,0.000871522042169,0.0012099613547758,55,0.0010410775717268,0.00097937387411525,0.00111496648551155,0.000871522042169,0.0012099613547758,0,,,,,
ACOLITE,20260227_ZRH,1,1,overall,89,14.5,11.87,17.97,7.56,26.39,89,6.15,2.18,9.71,-20.3,20.98,89,0.00052,0.00046,0.00055,0.00039,0.0006,89,0.00069,0.00065,0.00073,0.00052,0.00091,89,13.417562847925184,12.60480066037241,14.240500179583275,10.333427269382444,16.807778633223776
ACOLITE+T-Mart,20260227_ZRH,1,2,overall,89,17.46,11.99,21.92,2.32,36.1,89,15.82,8.56,21.92,-14.09,36.1,89,0.00071,0.00067,0.00075,0.00056,0.00088,89,0.00107,0.00102,0.00112,0.00088,0.00132,89,15.801941944034626,14.950262542492544,16.466644150527397,13.269418810427062,18.893342142577065
RAdCor+ACOLITE,20260227_ZRH,1,3,overall,89,18.04,15.84,21.01,8.7,36.18,89,14.71,10.9,17.33,-5.98,27.45,89,0.00067,0.00064,0.0007,0.00055,0.0008,89,0.0009,0.00085,0.00094,0.0007,0.00116,89,16.429225562401694,15.565302486857922,17.209384965135126,13.738343337377668,19.805488761324305
GAAC,20260227_ZRH,1,4,overall,89,23.02,19.33,29.158902878552585,9.27,49.73,89,22.94,18.37,28.485752287885724,-17.59,49.73,89,0.00057,0.00053,0.00062,0.00032,0.00081,89,0.0006521731274354,0.0006169504004181,0.00072,0.0004,0.0009,89,11.664384146316191,10.905010731150488,13.099496526013164,8.020875366477345,16.300640002092642
Polymer,20260227_ZRH,1,5,overall,89,52.54,46.03,60.35,33.167311126221,86.78,89,-41.64,-51.13,-28.44017988673686,-86.78,-5.063140741247296,89,0.0009530303208207,0.0009,0.0010187558364575,0.0006158760268387,0.00114,89,0.0010348013405689,0.00098,0.0010988871595642,0.000726322913881,0.00125,89,21.033765729989963,19.9048941868293,22.483940101904995,16.09879983681949,27.007432333719816
Polymer+Radcor,20260227_ZRH,1,6,overall,89,54.92,49.82,65.79,35.244189386967165,95.67,89,-51.92,-63.28,-41.39,-95.67,-11.87768941675218,89,0.00095,0.00088522647118,0.0010173590691678,0.0005899393636814,0.0011401733680787,89,0.0010298401517587,0.00096,0.0011,0.0006518997727507,0.00128,89,20.70180160802851,19.55720708931397,22.19185390040593,12.308807249571071,27.931624670735
ACOLITE+RAdCor,20260227_ZRH,1,7,overall,89,70.07,64.55,76.56,57.09,95.01,89,70.07,64.55,76.56,57.09,95.01,89,0.00201,0.00192,0.00207,0.00152,0.00221,89,0.00229,0.00222,0.00235,0.00193,0.00247,89,16.456275636500024,15.83955084679566,17.062554357647528,14.08671352159486,19.50802807920681
Polymer+T-Mart,20260227_ZRH,1,8,overall,89,71.24,63.31,82.71,34.18135034594953,131.06,89,-71.24,-82.71,-63.31,-131.06,-23.59237487345127,89,0.00097,0.00092,0.00104,0.0006461394956758,0.00129,89,0.00106,0.00101,0.00114,0.0006705395225754,0.00142,89,19.40976071584545,18.22096054722504,21.749253894501955,13.110286070994928,28.30275022288217
C2RCC+T-Mart,20260227_ZRH,1,9,overall,89,121.27,112.32,140.86,88.93,253.22,89,-121.27,-140.86,-112.32,-253.22,-88.93,89,0.00152,0.00145,0.00158,0.0013,0.00186,89,0.00171,0.00165,0.00177,0.00152,0.00203,89,17.96588243795648,17.314442917373107,18.83108048799039,11.799727969116226,22.34741100905332
C2RCC+RAdCor,20260227_ZRH,1,10,overall,89,183.36,168.03,230.0,115.2,377.33,89,-183.36,-230.0,-168.03,-377.33,-115.2,89,0.0017,0.00164,0.00177,0.00147,0.002,89,0.00188,0.00183,0.00196,0.00167,0.00218,89,17.35553462743079,16.51045244716423,18.28473666289658,12.694806284628354,22.95057261243611
C2RCC,20260227_ZRH,1,11,overall,89,245.75,213.63,321.9,160.14,634.73,89,-245.75,-321.9,-213.63,-634.73,-160.14,89,0.00183,0.00175,0.00189,0.00151,0.00214,89,0.002,0.00193,0.00207,0.00171,0.00233,89,16.61536663434299,15.27493292141331,17.488959809548497,8.841759213580271,19.724500625460067
Polymer+T-Mart,20260227_ZRH,3,1,443,108,17.145,7.5775,22.490000000000002,0.21,51.58,108,16.4,4.905,22.3275,-23.15,51.58,108,0.00034690750781945004,0.0001659984417549,0.000474155093331825,4.160071573134586e-06,0.0010291024204027,108,0.00034690750781945004,0.0001659984417549,0.000474155093331825,4.160071573134586e-06,0.0010291024204027,0,,,,,
Polymer+Radcor,20260227_ZRH,3,2,443,108,31.455,18.0475,37.64,1.27,76.55,108,31.455,17.7675,37.64,-19.28,76.55,108,0.00064651590710475,0.00037570693036575,0.000780830525153425,2.507277991406747e-05,0.001422686176208,108,0.00064651590710475,0.00037570693036575,0.000780830525153425,2.507277991406747e-05,0.001422686176208,0,,,,,
Polymer,20260227_ZRH,3,3,443,108,35.644999999999996,24.009999999999998,43.099999999999994,3.52,74.3,108,35.644999999999996,24.009999999999998,43.099999999999994,-3.76,74.3,108,0.0007307050129073,0.000515981228566225,0.00086746242537245,7.895099862796585e-05,0.0014277139204801,108,0.0007307050129073,0.000515981228566225,0.00086746242537245,7.895099862796585e-05,0.0014277139204801,0,,,,,
GAAC,20260227_ZRH,3,4,443,108,46.905,39.2675,54.6175,2.44,79.32,108,46.905,39.2675,54.6175,2.44,79.32,108,0.0009696697731471,0.0008361239906855751,0.001108580164057225,6.041259683645453e-05,0.0014795236844472,108,0.0009696697731471,0.0008361239906855751,0.001108580164057225,6.041259683645453e-05,0.0014795236844472,0,,,,,
ACOLITE,20260227_ZRH,3,5,443,108,79.045,68.0975,91.35499999999999,33.89,110.45,108,79.045,68.0975,91.35499999999999,33.89,110.45,108,0.0016679143842485,0.001510220997334825,0.0018071761246849002,0.0008402104985023,0.0020013324842866,108,0.0016679143842485,0.001510220997334825,0.0018071761246849002,0.0008402104985023,0.0020013324842866,0,,,,,
RAdCor+ACOLITE,20260227_ZRH,3,6,443,108,90.835,80.3625,104.2175,41.91,125.54,108,90.835,80.3625,104.2175,41.91,125.54,108,0.0019361617804515,0.001781698746142175,0.0020679559881598,0.0010389272619093,0.0022636639029231,108,0.0019361617804515,0.001781698746142175,0.0020679559881598,0.0010389272619093,0.0022636639029231,0,,,,,
ACOLITE+T-Mart,20260227_ZRH,3,7,443,108,106.255,91.51,122.23,47.7,148.03,108,106.255,91.51,122.23,47.7,148.03,108,0.00225474031955355,0.0020239395392332,0.002437124783351225,0.0011825688678826,0.0026463970002796,108,0.00225474031955355,0.0020239395392332,0.002437124783351225,0.0011825688678826,0.0026463970002796,0,,,,,
ACOLITE+RAdCor,20260227_ZRH,3,8,443,108,124.77000000000001,113.86250000000001,138.46,74.78,162.82,108,124.77000000000001,113.86250000000001,138.46,74.78,162.82,108,0.00264816615584335,0.002507270767044525,0.0027722937289124503,0.0018537481345291,0.0029927260317351,108,0.00264816615584335,0.002507270767044525,0.0027722937289124503,0.0018537481345291,0.0029927260317351,0,,,,,
C2RCC+T-Mart,20260227_ZRH,3,9,443,108,277.83,245.775,310.51750000000004,174.6,450.81,108,-277.83,-310.51750000000004,-245.775,-450.81,-174.6,108,0.0015440319200619,0.001451580033203725,0.00163999441113565,0.0011814780262084,0.0020289270772498,108,0.0015440319200619,0.001451580033203725,0.00163999441113565,0.0011814780262084,0.0020289270772498,0,,,,,
C2RCC+RAdCor,20260227_ZRH,3,10,443,108,343.715,318.6875,386.83,228.99,533.2,108,-343.715,-386.83,-318.6875,-533.2,-228.99,108,0.00163894466497415,0.0015391199455396,0.00171724151983145,0.0012784715667779,0.0020875154329758,108,0.00163894466497415,0.0015391199455396,0.00171724151983145,0.0012784715667779,0.0020875154329758,0,,,,,
C2RCC,20260227_ZRH,3,11,443,108,381.395,348.94,425.435,277.44,663.06,108,-381.395,-425.435,-348.94,-663.06,-277.44,108,0.0016825321004146,0.00156905620667515,0.0017680982913094749,0.0013342215406884,0.0021541126015913,108,0.0016825321004146,0.00156905620667515,0.0017680982913094749,0.0013342215406884,0.0021541126015913,0,,,,,
Polymer,20260227_ZRH,3,1,490,108,8.485,4.14,15.74,0.02,42.4,108,-8.0,-15.515,-1.3225,-42.4,15.68,108,0.000282293210692,0.00013677222211575,0.00049605848079695,7.998331673893591e-07,0.0011337121306664,108,0.000282293210692,0.00013677222211575,0.00049605848079695,7.998331673893591e-07,0.0011337121306664,0,,,,,
Polymer+Radcor,20260227_ZRH,3,2,490,108,10.175,5.7625,18.045,0.06,59.19,108,-10.085,-18.045,-3.8475,-59.19,10.21,108,0.00032996484463560004,0.00018792481814365,0.000541294261591275,2.192246459676705e-06,0.0012643723597821,108,0.00032996484463560004,0.00018792481814365,0.000541294261591275,2.192246459676705e-06,0.0012643723597821,0,,,,,
GAAC,20260227_ZRH,3,3,490,108,11.010000000000002,6.6850000000000005,16.7375,0.19,27.48,108,10.925,5.3875,16.7375,-11.14,27.48,108,0.0003912765525562,0.00023584896124095,0.000594243226381,6.774163427837859e-06,0.0008974375625087,108,0.0003912765525562,0.00023584896124095,0.000594243226381,6.774163427837859e-06,0.0008974375625087,0,,,,,
ACOLITE,20260227_ZRH,3,4,490,108,20.939999999999998,15.149999999999999,27.035,6.12,35.83,108,20.939999999999998,15.149999999999999,27.035,6.12,35.83,108,0.0007276605049959,0.000543196483494075,0.0009175993283503,0.0002365057428691,0.0011955541464278,108,0.0007276605049959,0.000543196483494075,0.0009175993283503,0.0002365057428691,0.0011955541464278,0,,,,,
Polymer+T-Mart,20260227_ZRH,3,5,490,108,21.22,15.0525,30.66,1.06,74.05,108,-21.22,-30.66,-15.0525,-74.05,7.04,108,0.0006224680536250501,0.00044800252703134996,0.0008289193625143001,3.832610834155576e-05,0.0014467351496804,108,0.0006224680536250501,0.00044800252703134996,0.0008289193625143001,3.832610834155576e-05,0.0014467351496804,0,,,,,
RAdCor+ACOLITE,20260227_ZRH,3,6,490,108,22.255,16.5925,28.814999999999998,6.25,37.39,108,22.255,16.5925,28.814999999999998,6.25,37.39,108,0.0007723827907822,0.00061024362194935,0.000961672684726575,0.0002379795875501,0.0012290781129434,108,0.0007723827907822,0.00061024362194935,0.000961672684726575,0.0002379795875501,0.0012290781129434,0,,,,,
ACOLITE+T-Mart,20260227_ZRH,3,7,490,108,34.82,26.36,41.425,12.31,50.12,108,34.82,26.36,41.425,12.31,50.12,108,0.00122179176995155,0.00097887093167865,0.0014146728683875,0.0004758621638033,0.0017101415338704,108,0.00122179176995155,0.00097887093167865,0.0014146728683875,0.0004758621638033,0.0017101415338704,0,,,,,
ACOLITE+RAdCor,20260227_ZRH,3,8,490,108,46.56,40.0275,52.2575,29.99,62.52,108,46.56,40.0275,52.2575,29.99,62.52,108,0.0016275084381277998,0.001471172400353125,0.00179627270925065,0.0011465424373764,0.002008900937323,108,0.0016275084381277998,0.001471172400353125,0.00179627270925065,0.0011465424373764,0.002008900937323,0,,,,,
C2RCC+T-Mart,20260227_ZRH,3,9,490,108,300.795,265.2925,331.4,209.02,438.11,108,-300.795,-331.4,-265.2925,-438.11,-209.02,108,0.0026343732079570498,0.002531379309437175,0.00275549662026725,0.0021660853789873,0.0031482414034084,108,0.0026343732079570498,0.002531379309437175,0.00275549662026725,0.0021660853789873,0.0031482414034084,0,,,,,
C2RCC+RAdCor,20260227_ZRH,3,10,490,108,369.24,339.645,417.0775,276.26,534.01,108,-369.24,-417.0775,-339.645,-534.01,-276.26,108,0.0027884526017387503,0.0026805822465472253,0.002882631139193275,0.0023110596273987,0.0032538233732507,108,0.0027884526017387503,0.0026805822465472253,0.002882631139193275,0.0023110596273987,0.0032538233732507,0,,,,,
C2RCC,20260227_ZRH,3,11,490,108,420.44500000000005,376.2575,480.1925,305.3,717.2,108,-420.44500000000005,-480.1925,-376.2575,-717.2,-305.3,108,0.0028567361295943,0.0027371406078207498,0.00296167578534925,0.0024054426735213,0.003393650263334,108,0.0028567361295943,0.0027371406078207498,0.00296167578534925,0.0024054426735213,0.003393650263334,0,,,,,
GAAC,20260227_ZRH,3,1,560,108,3.54,1.9,6.819999999999999,0.05,22.23,108,0.325,-3.065,3.95,-22.23,14.89,108,0.00012918475667165,7.018026721850783e-05,0.000242499638801,1.840571345513784e-06,0.0007044264405286,108,0.00012918475667165,7.018026721850783e-05,0.000242499638801,1.840571345513784e-06,0.0007044264405286,0,,,,,
RAdCor+ACOLITE,20260227_ZRH,3,2,560,108,4.5,2.1525,7.135,0.02,21.04,108,-3.7199999999999998,-7.075,-0.6575,-21.04,8.35,108,0.00015656770255475,7.585865750229354e-05,0.00025494235264042497,5.676642843483772e-07,0.0006731603618515,108,0.00015656770255475,7.585865750229354e-05,0.00025494235264042497,5.676642843483772e-07,0.0006731603618515,0,,,,,
ACOLITE,20260227_ZRH,3,3,560,108,4.555,2.1125000000000003,7.0375,0.03,15.45,108,3.295,-0.36,6.5125,-12.23,15.45,108,0.00016886911466025,7.662436106958977e-05,0.00026001719545175003,1.0020974992512414e-06,0.000540710327836,108,0.00016886911466025,7.662436106958977e-05,0.00026001719545175003,1.0020974992512414e-06,0.000540710327836,0,,,,,
ACOLITE+T-Mart,20260227_ZRH,3,4,560,108,8.36,3.4650000000000003,11.112499999999999,0.0,20.17,108,8.29,3.165,11.0575,-12.56,20.17,108,0.00030559977420485,0.000135989633695225,0.0004059386236697,5.6574540972537813e-08,0.0006886024467756,108,0.00030559977420485,0.000135989633695225,0.0004059386236697,5.6574540972537813e-08,0.0006886024467756,0,,,,,
ACOLITE+RAdCor,20260227_ZRH,3,5,560,108,20.92,17.4175,24.615000000000002,8.44,34.47,108,20.92,17.4175,24.615000000000002,8.44,34.47,108,0.00076920920486495,0.0006596990340611501,0.0008792542953676499,0.0003267017334895,0.0012065170273802,108,0.00076920920486495,0.0006596990340611501,0.0008792542953676499,0.0003267017334895,0.0012065170273802,0,,,,,
Polymer,20260227_ZRH,3,6,560,108,38.18,29.7725,46.125,10.92,67.22,108,-38.18,-46.125,-29.7725,-67.22,-10.92,108,0.001014635910662,0.0008356394721208251,0.00116546774645315,0.0003521506349267,0.0014728669463736,108,0.001014635910662,0.0008356394721208251,0.00116546774645315,0.0003521506349267,0.0014728669463736,0,,,,,
Polymer+Radcor,20260227_ZRH,3,7,560,108,42.36,31.8225,48.9175,15.51,83.27,108,-42.36,-48.9175,-31.8225,-83.27,-15.51,108,0.0011041125990279,0.00086893354921615,0.0012177317461602,0.0004917071641954,0.0016801010691129,108,0.0011041125990279,0.00086893354921615,0.0012177317461602,0.0004917071641954,0.0016801010691129,0,,,,,
Polymer+T-Mart,20260227_ZRH,3,8,560,108,57.69499999999999,46.8525,66.5725,21.15,104.19,108,-57.69499999999999,-66.5725,-46.8525,-104.19,-21.15,108,0.00136437980971775,0.001152498544747425,0.00147433754453715,0.00062434879226,0.001869583543275,108,0.00136437980971775,0.001152498544747425,0.00147433754453715,0.00062434879226,0.001869583543275,0,,,,,
C2RCC+T-Mart,20260227_ZRH,3,9,560,108,100.3,83.8225,118.4675,50.39,193.25,108,-100.3,-118.4675,-83.8225,-193.25,-50.39,108,0.00184028852934445,0.0016945391870085,0.0020132222884751,0.0012243750033649,0.0024145064999147,108,0.00184028852934445,0.0016945391870085,0.0020132222884751,0.0012243750033649,0.0024145064999147,0,,,,,
C2RCC+RAdCor,20260227_ZRH,3,10,560,108,140.645,113.7625,169.8475,81.03,415.68,108,-140.645,-169.8475,-113.7625,-415.68,-81.03,108,0.00214236696577995,0.001962698923539025,0.0023004682940038247,0.0016256960692702,0.0028717048266387,108,0.00214236696577995,0.001962698923539025,0.0023004682940038247,0.0016256960692702,0.0028717048266387,0,,,,,
C2RCC,20260227_ZRH,3,11,560,108,159.3,136.7325,223.675,92.69,596.9,108,-159.3,-223.675,-136.7325,-596.9,-92.69,108,0.00227801753037435,0.0021168445008896246,0.0025380354501943246,0.0017145527097284,0.0031381674511272,108,0.00227801753037435,0.0021168445008896246,0.0025380354501943246,0.0017145527097284,0.0031381674511272,0,,,,,
RAdCor+ACOLITE,20260227_ZRH,3,1,665,108,5.895,2.9825,11.557500000000001,0.11,29.56,108,4.3,-0.9725,10.9825,-28.45,29.56,108,8.822346916556362e-05,4.8536441866606466e-05,0.0001676269866686,1.685974082827604e-06,0.0004234216444817,108,8.822346916556362e-05,4.8536441866606466e-05,0.0001676269866686,1.685974082827604e-06,0.0004234216444817,0,,,,,
ACOLITE,20260227_ZRH,3,2,665,108,5.97,2.875,10.3325,0.02,26.27,108,0.24,-5.25,5.9725,-25.96,26.27,108,8.32491715794802e-05,4.252964063674214e-05,0.00015270510320745001,2.749151307344065e-07,0.0003777949176548,108,8.32491715794802e-05,4.252964063674214e-05,0.00015270510320745001,2.749151307344065e-07,0.0003777949176548,0,,,,,
ACOLITE+T-Mart,20260227_ZRH,3,3,665,108,13.91,8.27,21.9325,0.05,39.88,108,13.91,7.992500000000001,21.9325,-11.15,39.88,108,0.00021036125969785,0.000126638838367875,0.00032625074246879997,7.140693567991331e-07,0.0005711681711179,108,0.00021036125969785,0.000126638838367875,0.00032625074246879997,7.140693567991331e-07,0.0005711681711179,0,,,,,
GAAC,20260227_ZRH,3,4,665,108,38.815,32.6075,46.5725,2.45,67.6,108,38.815,32.6075,46.5725,-4.88,67.6,108,0.00060614417857275,0.0005101781752401251,0.0006882027149044,4.27994918628747e-05,0.0009207583655166,108,0.00060614417857275,0.0005101781752401251,0.0006882027149044,4.27994918628747e-05,0.0009207583655166,0,,,,,
ACOLITE+RAdCor,20260227_ZRH,3,5,665,108,40.71,34.269999999999996,48.875,13.91,71.06,108,40.71,34.269999999999996,48.875,13.91,71.06,108,0.00061606180540905,0.0005423015595885,0.000698249956348475,0.0002549353949905,0.0010177583004039,108,0.00061606180540905,0.0005423015595885,0.000698249956348475,0.0002549353949905,0.0010177583004039,0,,,,,
C2RCC+T-Mart,20260227_ZRH,3,6,665,108,83.72999999999999,58.1925,121.4275,19.03,370.66,108,-83.72999999999999,-121.4275,-58.1925,-370.66,-19.03,108,0.0006801022726585001,0.000560365196956725,0.0008130176437063251,0.0002444331858371,0.0012337203169842,108,0.0006801022726585001,0.000560365196956725,0.0008130176437063251,0.0002444331858371,0.0012337203169842,0,,,,,
C2RCC+RAdCor,20260227_ZRH,3,7,665,108,136.885,106.165,204.08499999999998,45.49,808.49,108,-136.885,-204.08499999999998,-106.165,-808.49,-45.49,108,0.0008674797709767,0.0007716518142809,0.00102211935074415,0.0004779548040969,0.0013781118018866,108,0.0008674797709767,0.0007716518142809,0.00102211935074415,0.0004779548040969,0.0013781118018866,0,,,,,
Polymer+T-Mart,20260227_ZRH,3,8,665,108,166.93,140.5475,210.14499999999998,74.73,475.1,108,-166.93,-210.14499999999998,-140.5475,-475.1,-74.73,108,0.00094584178066765,0.00088200678020685,0.0010571073762581,0.0005939120976001,0.001346493803345,108,0.00094584178066765,0.00088200678020685,0.0010571073762581,0.0005939120976001,0.001346493803345,0,,,,,
Polymer+Radcor,20260227_ZRH,3,9,665,108,188.57999999999998,158.69,240.23250000000002,98.96,544.75,108,-188.57999999999998,-240.23250000000002,-158.69,-544.75,-98.96,108,0.00099015584853345,0.00093277228119505,0.001085565283409925,0.0006854637575785,0.0015127162507371,108,0.00099015584853345,0.00093277228119505,0.001085565283409925,0.0006854637575785,0.0015127162507371,0,,,,,
C2RCC,20260227_ZRH,3,10,665,108,191.31,140.7875,266.4775,60.88,1396.65,108,-191.31,-266.4775,-140.7875,-1396.65,-60.88,108,0.0009760080316889999,0.00088162877161595,0.0010951018200284,0.0005784135021072,0.0015299637176574,108,0.0009760080316889999,0.00088162877161595,0.0010951018200284,0.0005784135021072,0.0015299637176574,0,,,,,
Polymer,20260227_ZRH,3,11,665,108,252.78,210.695,320.6175,119.39,1034.25,108,-252.78,-320.6175,-210.695,-1034.25,-119.39,108,0.0010878714538735,0.001022500011060475,0.001188758768065975,0.000742352689249,0.0014938707353263,108,0.0010878714538735,0.001022500011060475,0.001188758768065975,0.000742352689249,0.0014938707353263,0,,,,,
ACOLITE+T-Mart,20260227_ZRH,3,1,704,108,41.82,31.665,53.862500000000004,1.85,84.85,108,41.82,31.665,53.862500000000004,-5.69,84.85,108,0.00041215904647645,0.0003023082961861,0.000490403276870525,2.114013713407515e-05,0.0007445197288506,108,0.00041215904647645,0.0003023082961861,0.000490403276870525,2.114013713407515e-05,0.0007445197288506,0,,,,,
ACOLITE,20260227_ZRH,3,2,704,108,45.245000000000005,37.6225,57.3625,7.41,89.59,108,45.245000000000005,37.6225,57.3625,7.41,89.59,108,0.00045221299348025,0.0003659553205641,0.0005284577366841999,6.518885751223568e-05,0.0007558930401318,108,0.00045221299348025,0.0003659553205641,0.0005284577366841999,6.518885751223568e-05,0.0007558930401318,0,,,,,
RAdCor+ACOLITE,20260227_ZRH,3,3,704,108,58.245000000000005,48.3475,71.86500000000001,19.7,112.65,108,58.245000000000005,48.3475,71.86500000000001,19.7,112.65,108,0.0005727474278686,0.000492156046604725,0.000652748683274675,0.0002125296813015,0.0009288820430185,108,0.0005727474278686,0.000492156046604725,0.000652748683274675,0.0002125296813015,0.0009288820430185,0,,,,,
C2RCC+T-Mart,20260227_ZRH,3,4,704,108,62.735,39.4875,107.205,6.42,379.43,108,-62.735,-107.205,-39.4875,-379.43,6.42,108,0.0003695124107187,0.000266561049186375,0.00048724110844225,6.146590914101857e-05,0.000805431077926,108,0.0003695124107187,0.000266561049186375,0.00048724110844225,6.146590914101857e-05,0.000805431077926,0,,,,,
ACOLITE+RAdCor,20260227_ZRH,3,5,704,108,91.245,79.02499999999999,106.11500000000001,46.51,154.38,108,91.245,79.02499999999999,106.11500000000001,46.51,154.38,108,0.0008863422580985499,0.0008054058004857,0.0009820532914846252,0.0004996055530101,0.0011848828281756,108,0.0008863422580985499,0.0008054058004857,0.0009820532914846252,0.0004996055530101,0.0011848828281756,0,,,,,
C2RCC+RAdCor,20260227_ZRH,3,6,704,108,116.19999999999999,83.96000000000001,199.32500000000002,13.83,893.18,108,-116.19999999999999,-199.32500000000002,-83.96000000000001,-893.18,-13.83,108,0.0005083801269757,0.0004175350919072,0.0006505102566961749,0.0001163583919943,0.0009036107302037,108,0.0005083801269757,0.0004175350919072,0.0006505102566961749,0.0001163583919943,0.0009036107302037,0,,,,,
GAAC,20260227_ZRH,3,7,704,108,116.63999999999999,105.2375,131.9575,69.56,187.65,108,116.63999999999999,105.2375,131.9575,69.56,187.65,108,0.0011332556462121,0.0010412557311993,0.001243095658742525,0.0007821555622796,0.0014725749936982,108,0.0011332556462121,0.0010412557311993,0.001243095658742525,0.0007821555622796,0.0014725749936982,0,,,,,
C2RCC,20260227_ZRH,3,8,704,108,170.07,113.06,244.7075,33.36,1634.33,108,-170.07,-244.7075,-113.06,-1634.33,-33.36,108,0.000601303100586,0.0005109453505883501,0.000697852111540775,0.0002395582997099,0.0010011570882828,108,0.000601303100586,0.0005109453505883501,0.000697852111540775,0.0002395582997099,0.0010011570882828,0,,,,,
Polymer+T-Mart,20260227_ZRH,3,9,704,102,474.375,294.75,861.4075,160.83,5699.73,102,-474.375,-861.4075,-294.75,-5699.73,-160.83,102,0.0007860769493252,0.0007294843647133249,0.000859942735975075,0.000519670322392,0.001042670685338,102,0.0007860769493252,0.0007294843647133249,0.000859942735975075,0.000519670322392,0.001042670685338,0,,,,,
Polymer+Radcor,20260227_ZRH,3,10,704,98,691.485,437.985,1193.1225,146.08,8264.98,98,-691.485,-1193.1225,-437.985,-8264.98,-146.08,98,0.0008296071182491,0.0007640627658343999,0.000887551339137025,0.0006017096136354,0.0010546320892097,98,0.0008296071182491,0.0007640627658343999,0.000887551339137025,0.0006017096136354,0.0010546320892097,0,,,,,
Polymer,20260227_ZRH,3,11,704,86,846.2950000000001,481.1425,2076.0375,239.31,9246.09,86,-846.2950000000001,-2076.0375,-481.1425,-9246.09,-239.31,86,0.00085522756733775,0.0008059470043619251,0.0009264140126973,0.0005944039940886,0.0011313547832238,86,0.00085522756733775,0.0008059470043619251,0.0009264140126973,0.0005944039940886,0.0011313547832238,0,,,,,
ACOLITE,20260227_ZRH,3,1,overall,108,21.229999999999997,15.5325,26.86,7.56,35.83,108,20.72,15.149999999999999,26.86,6.12,35.83,108,0.00062,0.0005375,0.00071,0.00036,0.00087,108,0.00086,0.0007575,0.0009425,0.00048,0.00107,108,11.81290969320779,10.842351982600704,12.652489833178437,8.220283624886939,14.633569006613529
RAdCor+ACOLITE,20260227_ZRH,3,2,overall,108,22.479999999999997,17.4825,28.6425,6.25,37.39,108,22.255,16.5925,28.485,6.25,37.39,108,0.00071,0.00063,0.000775,0.00047,0.00095,108,0.00099,0.00089,0.00107,0.00062,0.00118,108,14.572594115030885,13.576893363454634,15.322630413842386,10.48444796720712,17.157174951626928
ACOLITE+T-Mart,20260227_ZRH,3,3,overall,108,31.744999999999997,24.12,40.5225,1.91,50.12,108,31.744999999999997,24.12,40.5225,-0.05,50.12,108,0.00087,0.0007375,0.0009925,0.00043,0.00113,108,0.001165,0.001035,0.0013,0.00062,0.00142,108,13.641340958585458,12.598190448968808,14.540608836560486,10.211748939327409,16.23655887365325
GAAC,20260227_ZRH,3,4,overall,108,37.345,31.122500000000002,44.6875,9.14,63.66,108,37.345,31.122500000000002,44.6875,-4.88,63.66,108,0.000645,0.0005675,0.00073,0.00038,0.00095,108,0.00076,0.0006675,0.00083,0.00047,0.00102,108,11.491488050181502,10.784192062217741,12.299019773295136,8.499347508207729,14.579555534255812
Polymer,20260227_ZRH,3,5,overall,108,42.03,37.640150323287074,47.4675,21.00429168787205,74.3,108,-35.19,-43.277499999999996,-26.8625,-64.89,-0.8528608661476866,108,0.00078,0.00074,0.00086,0.0005967132498345,0.001040766794586,108,0.00085,0.00081,0.0009235436874466499,0.0006263287316924,0.0011187713187791,108,18.281664376132568,16.969319333419012,19.705484692558915,10.9203636806722,23.45767835454805
Polymer+Radcor,20260227_ZRH,3,6,overall,108,44.394999999999996,37.0175,49.974706952401135,21.31,83.27,108,-41.485,-48.4475,-29.557499999999997,-83.27,-9.853781958730725,108,0.000775,0.0007066473181633,0.00085,0.00059,0.0010180264140121,108,0.00085,0.00076,0.00092,0.00062,0.00112,108,17.41278804608819,15.615927474134292,19.024007078584166,9.726815389736858,22.08201351101346
ACOLITE+RAdCor,20260227_ZRH,3,7,overall,108,47.129999999999995,40.98,54.55,30.36,71.06,108,47.129999999999995,40.98,54.55,30.36,71.06,108,0.0013,0.00121,0.00142,0.00092,0.00161,108,0.00151,0.0014175,0.0016025000000000002,0.00109,0.00177,108,12.984251583108119,12.298694917109678,13.83685363491607,10.209366236054478,15.463355122040916
Polymer+T-Mart,20260227_ZRH,3,8,overall,108,57.295,47.3625,66.0375,29.33,100.61,108,-57.295,-66.0375,-46.8525,-100.61,-19.377278112683705,108,0.0008049999999999999,0.00073,0.000888170029949075,0.00058,0.0011086342353769,108,0.0008849999999999999,0.0007975,0.0009824999999999999,0.00061,0.0013013649776595,108,16.22219103764892,14.598037928387509,18.254324454215375,9.438387000272142,21.90761654648792
C2RCC+T-Mart,20260227_ZRH,3,9,overall,108,101.99,83.9,127.8625,50.39,326.7,108,-101.99,-127.8625,-83.9,-326.7,-50.39,108,0.001415,0.00132,0.00154,0.00101,0.00178,108,0.00164,0.0015374999999999998,0.00175,0.00126,0.00204,108,18.85650311793731,17.86594729910452,19.762587421150837,10.49633670047237,23.47618163187052
C2RCC+RAdCor,20260227_ZRH,3,10,overall,108,152.665,120.095,218.14000000000001,81.03,480.49,108,-152.665,-218.14000000000001,-120.095,-480.49,-81.03,108,0.0016,0.0015,0.00171,0.00124,0.00194,108,0.0018,0.00171,0.0019,0.00146,0.00218,108,18.517485594656325,17.214444879568187,19.50128273491197,7.432956264892761,23.61961294867108
C2RCC,20260227_ZRH,3,11,overall,108,198.935,153.965,271.755,93.45,596.9,108,-198.935,-271.755,-153.965,-596.9,-93.45,108,0.001685,0.0015875,0.0018,0.00131,0.00204,108,0.001885,0.001785,0.002,0.00151,0.00228,108,18.016481052245027,16.090342676410327,19.059697533478346,7.127975245896659,23.124676725956267
Polymer+T-Mart,20260423_ZRH,1,1,443,34,3.12,2.0025,7.677499999999999,0.32,12.78,34,-0.895,-5.2775,2.3325,-11.58,12.78,34,0.00012355477835460001,7.67829900420727e-05,0.00029216107541535,1.200254833600995e-05,0.0004483123682096,34,0.00012355477835460001,7.67829900420727e-05,0.00029216107541535,1.200254833600995e-05,0.0004483123682096,0,,,,,
Polymer+Radcor,20260423_ZRH,1,2,443,34,3.6950000000000003,1.4625,6.5375,0.0,20.22,34,0.01,-2.5149999999999997,4.487500000000001,-8.59,20.22,34,0.000139558798431,5.883525814273281e-05,0.00025325682918915,1.0908745258801297e-07,0.0007092469388453,34,0.000139558798431,5.883525814273281e-05,0.00025325682918915,1.0908745258801297e-07,0.0007092469388453,0,,,,,
RAdCor+ACOLITE,20260423_ZRH,1,3,443,34,4.695,2.3225,7.99,0.0,18.23,34,4.41,0.0925,7.99,-5.18,18.23,34,0.00018068527247505,9.444986806003464e-05,0.00029024409948405,8.11733963492281e-08,0.0006601271840586,34,0.00018068527247505,9.444986806003464e-05,0.00029024409948405,8.11733963492281e-08,0.0006601271840586,0,,,,,
ACOLITE+T-Mart,20260423_ZRH,1,4,443,34,8.735,5.637499999999999,12.295,0.18,18.61,34,-8.735,-12.295,-4.6775,-18.61,6.52,34,0.0003184689083306,0.0001997205362258,0.000442153056061625,6.618380210399524e-06,0.0006828689131398,34,0.0003184689083306,0.0001997205362258,0.000442153056061625,6.618380210399524e-06,0.0006828689131398,0,,,,,
C2RCC+T-Mart,20260423_ZRH,1,5,443,34,10.17,7.755000000000001,16.1325,0.0,23.13,34,10.17,7.755000000000001,16.1325,-0.1,23.13,34,0.00039515788436,0.00030022652379557496,0.000595837473734725,1.5475609608898988e-08,0.000837471458042,34,0.00039515788436,0.00030022652379557496,0.000595837473734725,1.5475609608898988e-08,0.000837471458042,0,,,,,
C2RCC+RAdCor,20260423_ZRH,1,6,443,34,10.77,6.43,15.2425,0.08,25.92,34,10.77,6.43,15.2425,-2.18,25.92,34,0.00042705456347985,0.00025420251510925,0.0005651384582569001,3.536402552848858e-06,0.0009386128044078,34,0.00042705456347985,0.00025420251510925,0.0005651384582569001,3.536402552848858e-06,0.0009386128044078,0,,,,,
ACOLITE,20260423_ZRH,1,7,443,34,13.98,8.959999999999999,17.3425,1.37,24.76,34,-13.98,-17.3425,-8.959999999999999,-24.76,1.49,34,0.00047991493490905004,0.00030082320960377496,0.000615953369673475,4.954791318917276e-05,0.0008635040487606,34,0.00047991493490905004,0.00030082320960377496,0.000615953369673475,4.954791318917276e-05,0.0008635040487606,0,,,,,
Polymer,20260423_ZRH,1,8,443,34,15.335,10.6425,19.8525,4.28,33.81,34,15.335,10.6425,19.8525,4.28,33.81,34,0.00059864800773975,0.00044165535003465,0.000748310735149,0.0001864265755472,0.0011860288274665,34,0.00059864800773975,0.00044165535003465,0.000748310735149,0.0001864265755472,0.0011860288274665,0,,,,,
ACOLITE+RAdCor,20260423_ZRH,1,9,443,34,23.65,17.490000000000002,28.0725,0.55,36.15,34,23.65,17.490000000000002,28.0725,0.55,36.15,34,0.0009148852994700499,0.000679636955699725,0.00106592164382,2.353401899504639e-05,0.001315364677381,34,0.0009148852994700499,0.000679636955699725,0.00106592164382,2.353401899504639e-05,0.001315364677381,0,,,,,
C2RCC,20260423_ZRH,1,10,443,34,27.11,21.715,34.485,11.42,46.11,34,27.11,21.715,34.485,11.42,46.11,34,0.0010348567409327,0.00084895925362595,0.001381697945865575,0.0004923072931452,0.001705170257584,34,0.0010348567409327,0.00084895925362595,0.001381697945865575,0.0004923072931452,0.001705170257584,0,,,,,
GAAC,20260423_ZRH,1,11,443,34,79.155,68.3125,88.17,47.03,117.44,34,-79.155,-88.17,-68.3125,-117.44,-47.03,34,0.0017297038673406,0.001570992249378025,0.0019076377225153,0.0011767337541145,0.0021995997520009,34,0.0017297038673406,0.001570992249378025,0.0019076377225153,0.0011767337541145,0.0021995997520009,0,,,,,
RAdCor+ACOLITE,20260423_ZRH,1,1,490,34,3.1399999999999997,1.65,6.325,0.06,13.86,34,-2.745,-6.325,-1.08,-13.86,4.45,34,0.00016024710548635,8.53857830686569e-05,0.0003240471255025,3.1297910366061624e-06,0.0007307682411284,34,0.00016024710548635,8.53857830686569e-05,0.0003240471255025,3.1297910366061624e-06,0.0007307682411284,0,,,,,
ACOLITE+RAdCor,20260423_ZRH,1,2,490,34,5.695,3.0425,8.5475,0.23,15.92,34,5.365,2.28,7.385,-13.18,15.92,34,0.00031070318381270004,0.00016864872009,0.00044989553284099996,1.306343232941598e-05,0.0008105695378758,34,0.00031070318381270004,0.00016864872009,0.00044989553284099996,1.306343232941598e-05,0.0008105695378758,0,,,,,
Polymer+Radcor,20260423_ZRH,1,3,490,34,6.99,3.3925,9.1375,0.02,12.79,34,-6.885,-9.1375,-2.4825,-12.79,7.69,34,0.00035137709861685,0.0001745551576009,0.000474232926779575,8.789311218143636e-07,0.0006474079574321,34,0.00035137709861685,0.0001745551576009,0.000474232926779575,8.789311218143636e-07,0.0006474079574321,0,,,,,
Polymer,20260423_ZRH,1,4,490,34,8.015,5.345,11.8225,1.77,21.04,34,8.015,5.345,11.8225,1.77,21.04,34,0.00043049501837615,0.0002967651768143,0.00062236617521775,0.0001003391750529,0.001041540703722,34,0.00043049501837615,0.0002967651768143,0.00062236617521775,0.0001003391750529,0.001041540703722,0,,,,,
Polymer+T-Mart,20260423_ZRH,1,5,490,34,8.55,5.6375,11.385,0.35,15.13,34,-8.55,-11.385,-5.6375,-15.13,2.07,34,0.00042134499697395,0.00028205718464855003,0.0005695223027621251,1.799181562469384e-05,0.0007458272887207,34,0.00042134499697395,0.00028205718464855003,0.0005695223027621251,1.799181562469384e-05,0.0007458272887207,0,,,,,
C2RCC+T-Mart,20260423_ZRH,1,6,490,34,9.67,8.215,12.412500000000001,2.89,18.25,34,9.67,8.215,12.412500000000001,2.89,18.25,34,0.0005219773711495,0.000444046706271975,0.0006633439172472,0.0001655049740689,0.0009853019246885,34,0.0005219773711495,0.000444046706271975,0.0006633439172472,0.0001655049740689,0.0009853019246885,0,,,,,
C2RCC+RAdCor,20260423_ZRH,1,7,490,34,10.05,6.9750000000000005,12.772499999999999,1.83,20.43,34,10.05,6.9750000000000005,12.772499999999999,1.83,20.43,34,0.0005679595589662999,0.00038745845144055,0.0006903297771495999,0.0001048247908567,0.0010523542435289,34,0.0005679595589662999,0.00038745845144055,0.0006903297771495999,0.0001048247908567,0.0010523542435289,0,,,,,
ACOLITE+T-Mart,20260423_ZRH,1,8,490,34,10.21,8.502500000000001,14.067499999999999,3.12,17.34,34,-10.21,-14.067499999999999,-8.502500000000001,-17.34,-3.12,34,0.0004972918139171,0.00041781685505582497,0.0006709790038416251,0.0001541642341039,0.0008508809023532,34,0.0004972918139171,0.00041781685505582497,0.0006709790038416251,0.0001541642341039,0.0008508809023532,0,,,,,
ACOLITE,20260423_ZRH,1,9,490,34,13.035,11.6225,17.3675,6.26,25.36,34,-13.035,-17.3675,-11.6225,-25.36,-6.26,34,0.00060753606788975,0.000546355668497775,0.000805243821303,0.0003000540527722,0.0012142159269661,34,0.00060753606788975,0.000546355668497775,0.000805243821303,0.0003000540527722,0.0012142159269661,0,,,,,
C2RCC,20260423_ZRH,1,10,490,34,25.865,20.8725,30.2075,15.1,38.33,34,25.865,20.8725,30.2075,15.1,38.33,34,0.0013934975814612499,0.00114642268860465,0.00161889194582305,0.0008659242722995,0.002022633902904,34,0.0013934975814612499,0.00114642268860465,0.00161889194582305,0.0008659242722995,0.002022633902904,0,,,,,
GAAC,20260423_ZRH,1,11,490,34,71.81,68.195,79.075,56.45,96.76,34,-71.81,-79.075,-68.195,-96.76,-56.45,34,0.00225981236441545,0.0021438089866057,0.00241934710788315,0.0018366744169582,0.0029516127743268,34,0.00225981236441545,0.0021438089866057,0.00241934710788315,0.0018366744169582,0.0029516127743268,0,,,,,
ACOLITE+RAdCor,20260423_ZRH,1,1,560,34,5.755000000000001,3.675,8.299999999999999,1.26,32.37,34,-5.755000000000001,-8.299999999999999,-3.675,-32.37,-1.26,34,0.00038225465563125,0.000249253367208725,0.000551346423957775,8.830874581551573e-05,0.0020335719835786,34,0.00038225465563125,0.000249253367208725,0.000551346423957775,8.830874581551573e-05,0.0020335719835786,0,,,,,
Polymer,20260423_ZRH,1,2,560,34,7.87,6.8525,9.52,0.91,20.58,34,-7.87,-9.52,-6.8525,-20.58,0.91,34,0.0005259524921893499,0.000446957079231925,0.0006292764468951,5.9044083179428906e-05,0.0014196019017388,34,0.0005259524921893499,0.000446957079231925,0.0006292764468951,5.9044083179428906e-05,0.0014196019017388,0,,,,,
RAdCor+ACOLITE,20260423_ZRH,1,3,560,34,12.02,10.209999999999999,13.51,7.54,28.95,34,-12.02,-13.51,-10.209999999999999,-28.95,-7.54,34,0.000764033583191,0.000653214239430325,0.000866476767132025,0.0004867222810051,0.0018671711821882,34,0.000764033583191,0.000653214239430325,0.000866476767132025,0.0004867222810051,0.0018671711821882,0,,,,,
ACOLITE,20260423_ZRH,1,4,560,34,12.69,11.2275,14.6775,8.77,29.48,34,-12.69,-14.6775,-11.2275,-29.48,-8.77,34,0.00080921403205125,0.0007260637668054,0.000889517688571775,0.0005597570629677,0.0018936612558393,34,0.00080921403205125,0.0007260637668054,0.000889517688571775,0.0005597570629677,0.0018936612558393,0,,,,,
ACOLITE+T-Mart,20260423_ZRH,1,5,560,34,17.19,15.53,19.0675,13.25,29.51,34,-17.19,-19.0675,-15.53,-29.51,-13.25,34,0.00104432336541505,0.000961129409235375,0.00115487910164695,0.0008124435039124,0.0018950768661527,34,0.00104432336541505,0.000961129409235375,0.00115487910164695,0.0008124435039124,0.0018950768661527,0,,,,,
Polymer+Radcor,20260423_ZRH,1,6,560,34,23.21,21.005,24.4875,14.92,36.88,34,-23.21,-24.4875,-21.005,-36.88,-14.92,34,0.0013629450419494,0.001209958313480875,0.001417245311427525,0.0008443610852441,0.0022407857035366,34,0.0013629450419494,0.001209958313480875,0.001417245311427525,0.0008443610852441,0.0022407857035366,0,,,,,
Polymer+T-Mart,20260423_ZRH,1,7,560,34,25.505000000000003,24.060000000000002,26.8,16.72,35.38,34,-25.505000000000003,-26.8,-24.060000000000002,-35.38,-16.72,34,0.00145465693012755,0.0013594624311237,0.0015328385343480748,0.0009315052869984,0.0021732575442034,34,0.00145465693012755,0.0013594624311237,0.0015328385343480748,0.0009315052869984,0.0021732575442034,0,,,,,
C2RCC,20260423_ZRH,1,8,560,34,25.52,23.3375,27.5225,15.19,35.99,34,-25.52,-27.5225,-23.3375,-35.99,-15.19,34,0.00145948792080205,0.001323436752753875,0.001552571573585025,0.0008577771894576,0.0022010389829134,34,0.00145948792080205,0.001323436752753875,0.001552571573585025,0.0008577771894576,0.0022010389829134,0,,,,,
C2RCC+T-Mart,20260423_ZRH,1,9,560,34,33.435,32.504999999999995,36.89,28.03,41.78,34,-33.435,-36.89,-32.504999999999995,-41.78,-28.03,34,0.0017876548052982002,0.00171716395493605,0.0019497346337229,0.0015796428073633,0.0023267992481079,34,0.0017876548052982002,0.00171716395493605,0.0019497346337229,0.0015796428073633,0.0023267992481079,0,,,,,
C2RCC+RAdCor,20260423_ZRH,1,10,560,34,37.495000000000005,34.625,39.5625,30.78,50.52,34,-37.495000000000005,-39.5625,-34.625,-50.52,-30.78,34,0.00193022643007375,0.0018212678209947502,0.00206947690286725,0.0015735504802091,0.0027911044799758,34,0.00193022643007375,0.0018212678209947502,0.00206947690286725,0.0015735504802091,0.0027911044799758,0,,,,,
GAAC,20260423_ZRH,1,11,560,34,45.59,42.815,49.412499999999994,41.64,80.4,34,-45.59,-49.412499999999994,-42.815,-80.4,-41.64,34,0.0022338604695558498,0.0021427563090518752,0.002377490327293925,0.0020392918479176,0.0037063403423836,34,0.0022338604695558498,0.0021427563090518752,0.002377490327293925,0.0020392918479176,0.0037063403423836,0,,,,,
ACOLITE+RAdCor,20260423_ZRH,1,1,665,34,18.195,10.465,32.0925,5.5,70.31,34,-18.195,-32.0925,-10.465,-70.31,-5.5,34,0.0003319609730923,0.00021379928101767498,0.00048772106657902505,0.0001126781333249,0.0009633374174429,34,0.0003319609730923,0.00021379928101767498,0.00048772106657902505,0.0001126781333249,0.0009633374174429,0,,,,,
RAdCor+ACOLITE,20260423_ZRH,1,2,665,34,22.07,17.384999999999998,27.25,11.12,43.84,34,-22.07,-27.25,-17.384999999999998,-43.84,-11.12,34,0.00039620688052725004,0.000313365665088775,0.000444523705067325,0.0002093509217707,0.0007082642295701,34,0.00039620688052725004,0.000313365665088775,0.000444523705067325,0.0002093509217707,0.0007082642295701,0,,,,,
ACOLITE,20260423_ZRH,1,3,665,34,36.285,32.9475,44.355,22.99,59.4,34,-36.285,-44.355,-32.9475,-59.4,-22.99,34,0.0005797430309876499,0.00053150501740405,0.000641866516729925,0.000386519955594,0.0008695740725217,34,0.0005797430309876499,0.00053150501740405,0.000641866516729925,0.000386519955594,0.0008695740725217,0,,,,,
ACOLITE+T-Mart,20260423_ZRH,1,4,665,34,37.915,35.195,47.394999999999996,24.11,60.32,34,-37.915,-47.394999999999996,-35.195,-60.32,-24.11,34,0.0005974636855047,0.0005620422285318,0.00066611847786705,0.0004016430043913,0.0008478755371017,34,0.0005974636855047,0.0005620422285318,0.00066611847786705,0.0004016430043913,0.0008478755371017,0,,,,,
Polymer,20260423_ZRH,1,5,665,34,38.025000000000006,35.09,42.5475,22.67,50.3,34,-38.025000000000006,-42.5475,-35.09,-50.3,-22.67,34,0.0005931323358120001,0.000549926758351,0.000633899309199,0.0003313173966449,0.0007492269556161,34,0.0005931323358120001,0.000549926758351,0.000633899309199,0.0003313173966449,0.0007492269556161,0,,,,,
Polymer+Radcor,20260423_ZRH,1,6,665,34,55.195,51.025,59.252500000000005,44.92,68.87,34,-55.195,-59.252500000000005,-51.025,-68.87,-44.92,34,0.00076251957270675,0.0007087698532313,0.000809411722503025,0.0005559722198494,0.000922968558607,34,0.00076251957270675,0.0007087698532313,0.000809411722503025,0.0005559722198494,0.000922968558607,0,,,,,
Polymer+T-Mart,20260423_ZRH,1,7,665,34,57.555,52.239999999999995,62.275000000000006,41.61,72.31,34,-57.555,-62.275000000000006,-52.239999999999995,-72.31,-41.61,34,0.00077523128864825,0.000743094400945125,0.0008340918561904,0.000526816146279,0.0009215272054044,34,0.00077523128864825,0.000743094400945125,0.0008340918561904,0.000526816146279,0.0009215272054044,0,,,,,
C2RCC+T-Mart,20260423_ZRH,1,8,665,34,109.265,99.78999999999999,114.64750000000001,87.8,126.6,34,-109.265,-114.64750000000001,-99.78999999999999,-126.6,-87.8,34,0.00111385032250355,0.0010595576799849,0.0011604795771917,0.0008993172175771,0.0012648834836622,34,0.00111385032250355,0.0010595576799849,0.0011604795771917,0.0008993172175771,0.0012648834836622,0,,,,,
C2RCC+RAdCor,20260423_ZRH,1,9,665,34,123.735,117.69749999999999,134.0275,105.65,140.98,34,-123.735,-134.0275,-117.69749999999999,-140.98,-105.65,34,0.0011976228357525498,0.0011344548681422,0.0012367477271064001,0.000944161307785,0.0013439337351955,34,0.0011976228357525498,0.0011344548681422,0.0012367477271064001,0.000944161307785,0.0013439337351955,0,,,,,
C2RCC,20260423_ZRH,1,10,665,34,137.725,133.4475,143.91250000000002,102.05,151.64,34,-137.725,-143.91250000000002,-133.4475,-151.64,-102.05,34,0.00125077649747995,0.0011944919227453,0.0012999216628322,0.0009055797065622,0.0014027192375686,34,0.00125077649747995,0.0011944919227453,0.0012999216628322,0.0009055797065622,0.0014027192375686,0,,,,,
GAAC,20260423_ZRH,1,11,665,34,172.485,150.73499999999999,240.39499999999998,135.32,597.24,34,-172.485,-240.39499999999998,-150.73499999999999,-597.24,-135.32,34,0.00138699808195265,0.001296000174633075,0.0015057391032924,0.001207094023437,0.0018972421275302,34,0.00138699808195265,0.001296000174633075,0.0015057391032924,0.001207094023437,0.0018972421275302,0,,,,,
RAdCor+ACOLITE,20260423_ZRH,1,1,overall,34,9.940000000000001,8.7075,10.66,4.88,21.17,34,-7.095000000000001,-10.037500000000001,-5.720000000000001,-21.17,-2.71,34,0.000395,0.00035,0.00044,0.00029,0.00085,34,0.00047000000000000004,0.0004025,0.0005275,0.00036,0.00106,34,3.8938751465079955,3.3633849090295005,4.49603607347629,2.127741063672634,5.425556707115439
ACOLITE+RAdCor,20260423_ZRH,1,2,overall,34,11.86,9.175,13.875,7.12,22.4,34,-0.47,-2.2399999999999998,1.3875,-22.4,6.66,34,0.000495,0.0004525,0.00054,0.00031,0.00093,34,0.00057,0.00054,0.0006275,0.00039,0.00118,34,6.174991842581311,5.660728094019165,6.842829095875576,4.207515287778935,7.516794105642783
Polymer,20260423_ZRH,1,3,overall,34,13.14,10.1175,15.587499999999999,7.74,24.52,34,-0.44999999999999996,-1.8299999999999998,2.2225,-8.41,10.52,34,0.00054,0.0004925,0.0005949999999999999,0.00043,0.00071,34,0.0005549999999999999,0.00052,0.0006,0.00044,0.00085,34,6.326617183465562,5.532247443981081,6.803888173999529,4.9811213757786375,7.758971605200905
ACOLITE+T-Mart,20260423_ZRH,1,4,overall,34,13.46,12.155000000000001,16.0775,8.97,22.38,34,-13.46,-16.0775,-12.155000000000001,-22.38,-8.8,34,0.000615,0.000515,0.0007325,0.00041,0.00101,34,0.00067,0.0006,0.0007675,0.00048,0.00114,34,3.246467972368422,2.7631280774097355,3.7069657743976867,1.8322524851676336,4.357407295014041
ACOLITE,20260423_ZRH,1,5,overall,34,14.14,11.799999999999999,18.095000000000002,8.01,27.41,34,-14.14,-18.095000000000002,-11.799999999999999,-27.41,-8.01,34,0.000625,0.000535,0.00074,0.00034,0.00119,34,0.0006399999999999999,0.0005625,0.00075,0.00038,0.00127,34,2.467388312790373,2.1816311860450877,2.675720436463047,1.7234975734868443,3.376242294743422
Polymer+Radcor,20260423_ZRH,1,6,overall,34,15.600000000000001,13.4175,17.535,9.38,23.57,34,-14.5,-16.08,-11.435,-23.57,-3.3,34,0.000625,0.000595,0.0006975,0.00047,0.00096,34,0.000795,0.00071,0.0008475,0.00065,0.00125,34,5.902663168259908,5.370979808036944,6.686788538418659,4.5835302864018415,9.082666532766607
Polymer+T-Mart,20260423_ZRH,1,7,overall,34,17.065,14.81,18.5,10.76,23.13,34,-17.065,-18.5,-14.2925,-23.13,-6.93,34,0.0006900000000000001,0.0006225,0.0007675,0.0005,0.00096,34,0.000855,0.0008025,0.00091,0.00058,0.00122,34,6.099987971074933,5.248481352354354,6.679820626769162,4.307385492375008,7.718185221432873
C2RCC+T-Mart,20260423_ZRH,1,8,overall,34,22.435000000000002,21.115000000000002,23.7025,18.98,27.96,34,-10.81,-12.9775,-8.844999999999999,-19.13,-4.5,34,0.000965,0.0009125,0.0010275000000000002,0.00085,0.00128,34,0.00113,0.00109,0.00117,0.00099,0.00142,34,12.312003632199666,11.921817092178037,13.104153650688469,11.000968694443872,14.238375449282854
C2RCC+RAdCor,20260423_ZRH,1,9,overall,34,23.634999999999998,21.8675,25.6625,20.75,31.22,34,-11.71,-14.897499999999999,-9.87,-20.79,-4.21,34,0.000995,0.00094,0.00108,0.0009,0.00133,34,0.0012,0.0011625,0.00123,0.00102,0.00161,34,12.943500959016916,12.493737704265506,13.841125870849766,11.81137223706008,15.61144354284637
C2RCC,20260423_ZRH,1,10,overall,34,27.16,24.4675,33.16,22.0,42.17,34,-0.030000000000000002,-3.085,2.3075,-7.9,9.03,34,0.001265,0.001195,0.001345,0.0011,0.00167,34,0.00128,0.0012225,0.0013575000000000002,0.00116,0.0017,34,14.507495228082561,13.949038782950645,15.449507841680548,12.95403886889051,17.191671462210238
GAAC,20260423_ZRH,1,11,overall,34,75.66,69.065,85.685,53.59,102.37,34,-75.66,-85.685,-69.065,-102.37,-53.59,34,0.001905,0.0018075,0.002045,0.00161,0.00269,34,0.0019399999999999999,0.0018475,0.002085,0.00164,0.00278,34,7.461371765285448,6.693452215153496,8.38272305353907,5.634197006002496,10.506398889106022
Polymer+T-Mart,20260423_ZRH,2,1,443,40,4.76,2.7474999999999996,7.325,0.12,23.67,40,0.94,-5.6625,4.092499999999999,-23.67,20.56,40,0.00017316517655355,0.00010128263774237043,0.00027804553480709996,4.4660781788104925e-06,0.0009549938064475,40,0.00017316517655355,0.00010128263774237043,0.00027804553480709996,4.4660781788104925e-06,0.0009549938064475,0,,,,,
ACOLITE,20260423_ZRH,2,2,443,40,5.385,3.4375,8.1425,0.1,42.65,40,-0.27,-6.8875,5.0175,-42.65,11.56,40,0.00019569942688525,0.000125092657172425,0.00030197973996657496,3.571389140486717e-06,0.0014919858468728,40,0.00019569942688525,0.000125092657172425,0.00030197973996657496,3.571389140486717e-06,0.0014919858468728,0,,,,,
Polymer+Radcor,20260423_ZRH,2,3,443,40,6.145,4.1450000000000005,7.885,0.85,23.67,40,4.995,-2.935,7.53,-23.67,16.25,40,0.0002277407815766,0.00015649740742919999,0.0002955154168065,3.281790877564857e-05,0.0009549656437751,40,0.0002277407815766,0.00015649740742919999,0.0002955154168065,3.281790877564857e-05,0.0009549656437751,0,,,,,
ACOLITE+T-Mart,20260423_ZRH,2,4,443,40,8.015,3.695,10.6875,0.04,35.18,40,5.9399999999999995,-1.255,10.612499999999999,-35.18,16.17,40,0.00030878070219375,0.00014050799559922503,0.00038815571409375,1.5524579168556265e-06,0.0012986497996406,40,0.00030878070219375,0.00014050799559922503,0.00038815571409375,1.5524579168556265e-06,0.0012986497996406,0,,,,,
C2RCC+T-Mart,20260423_ZRH,2,5,443,40,10.45,6.42,17.2575,0.22,37.14,40,10.165,5.035,15.835,-18.42,37.14,40,0.00039451695104890004,0.00023820843483872498,0.000620590054370375,8.639916530251823e-06,0.0014134528577279,40,0.00039451695104890004,0.00023820843483872498,0.000620590054370375,8.639916530251823e-06,0.0014134528577279,0,,,,,
C2RCC+RAdCor,20260423_ZRH,2,6,443,40,13.3,10.5225,20.125,1.71,34.98,40,13.075,9.14,20.125,-16.13,34.98,40,0.0005010780389945501,0.0004063192004564,0.0007119063289248251,7.02286600698706e-05,0.001331174572859,40,0.0005010780389945501,0.0004063192004564,0.0007119063289248251,7.02286600698706e-05,0.001331174572859,0,,,,,
RAdCor+ACOLITE,20260423_ZRH,2,7,443,40,18.415,10.695,22.22,4.45,27.99,40,17.945,10.66,22.22,-22.12,27.99,40,0.0006987274243409501,0.000401822965857675,0.0008065628661822501,0.0001867067948493,0.0009773408468911,40,0.0006987274243409501,0.000401822965857675,0.0008065628661822501,0.0001867067948493,0.0009773408468911,0,,,,,
Polymer,20260423_ZRH,2,8,443,40,19.134999999999998,11.3725,22.415,4.59,36.84,40,19.134999999999998,11.3725,22.415,-4.59,36.84,40,0.00069925270905995,0.00046185237715085,0.000806591040218475,0.0002190981380709,0.0014021284989477,40,0.00069925270905995,0.00046185237715085,0.000806591040218475,0.0002190981380709,0.0014021284989477,0,,,,,
ACOLITE+RAdCor,20260423_ZRH,2,9,443,40,35.614999999999995,24.0725,44.9325,5.83,58.12,40,35.614999999999995,24.0725,44.9325,-5.83,58.12,40,0.0013827974762928,0.000922536344636475,0.001660124602763625,0.0002748329235272,0.0020292715575644,40,0.0013827974762928,0.000922536344636475,0.001660124602763625,0.0002748329235272,0.0020292715575644,0,,,,,
C2RCC,20260423_ZRH,2,10,443,40,36.129999999999995,32.449999999999996,43.78,10.95,57.75,40,36.129999999999995,32.449999999999996,43.78,10.95,57.75,40,0.0013624178462115,0.0012311658658598502,0.001594264367341125,0.0005464889911,0.0021978384224738,40,0.0013624178462115,0.0012311658658598502,0.001594264367341125,0.0005464889911,0.0021978384224738,0,,,,,
GAAC,20260423_ZRH,2,11,443,40,49.88,43.045,68.2625,33.4,170.2,40,-49.88,-68.2625,-43.045,-170.2,-33.4,40,0.0012604490822982,0.00110842070439975,0.00160355507761875,0.0008740638915436,0.0031432169958116,40,0.0012604490822982,0.00110842070439975,0.00160355507761875,0.0008740638915436,0.0031432169958116,0,,,,,
ACOLITE+T-Mart,20260423_ZRH,2,1,490,40,3.06,1.4275,6.7749999999999995,0.07,41.35,40,-2.46,-6.7675,0.5825,-41.35,6.52,40,0.0001510633302799,7.038475694578919e-05,0.00033133280618665004,3.7775191576482417e-06,0.0019127360166447,40,0.0001510633302799,7.038475694578919e-05,0.00033133280618665004,3.7775191576482417e-06,0.0019127360166447,0,,,,,
Polymer+Radcor,20260423_ZRH,2,2,490,40,3.105,1.1825,5.09,0.09,28.74,40,-0.35,-4.6075,1.9125,-28.74,12.51,40,0.00015172841940455,5.8921852500495524e-05,0.00025779810497765,4.217815623835768e-06,0.0014595535338834,40,0.00015172841940455,5.8921852500495524e-05,0.00025779810497765,4.217815623835768e-06,0.0014595535338834,0,,,,,
RAdCor+ACOLITE,20260423_ZRH,2,3,490,40,4.34,2.24,6.855,0.15,33.41,40,4.075,1.3050000000000002,6.16,-33.41,12.94,40,0.0002187143849303,0.00011677263038145,0.00034936189761645,8.173254218101639e-06,0.0016374370635883,40,0.0002187143849303,0.00011677263038145,0.00034936189761645,8.173254218101639e-06,0.0016374370635883,0,,,,,
Polymer+T-Mart,20260423_ZRH,2,4,490,40,5.13,2.275,8.297500000000001,0.39,28.41,40,-4.83,-7.59,-1.4825,-28.41,14.17,40,0.00024463095532225,0.00010957954079542464,0.000411517988983425,1.8899183609534e-05,0.0014466040406836,40,0.00024463095532225,0.00010957954079542464,0.000411517988983425,1.8899183609534e-05,0.0014466040406836,0,,,,,
ACOLITE,20260423_ZRH,2,5,490,40,5.91,3.45,9.620000000000001,0.35,46.43,40,-5.91,-9.620000000000001,-3.45,-46.43,3.06,40,0.00027991619029600005,0.000170267638775675,0.00045852876889137503,1.681463851404153e-05,0.0020733919547336,40,0.00027991619029600005,0.000170267638775675,0.00045852876889137503,1.681463851404153e-05,0.0020733919547336,0,,,,,
ACOLITE+RAdCor,20260423_ZRH,2,6,490,40,11.485,5.825,19.58,1.76,28.13,40,11.165,5.645,18.63,-26.32,28.13,40,0.0005861523101031,0.0003002622238246,0.0009822131728800501,9.611004163217508e-05,0.0013623057485954,40,0.0005861523101031,0.0003002622238246,0.0009822131728800501,9.611004163217508e-05,0.0013623057485954,0,,,,,
Polymer,20260423_ZRH,2,7,490,40,12.085,9.370000000000001,16.7875,4.87,28.34,40,12.085,9.370000000000001,16.7875,-8.17,28.34,40,0.0006132693816657501,0.0005037670295988249,0.0008270338680903,0.0002634273877602,0.0014789668220933,40,0.0006132693816657501,0.0005037670295988249,0.0008270338680903,0.0002634273877602,0.0014789668220933,0,,,,,
C2RCC+T-Mart,20260423_ZRH,2,8,490,40,12.445,7.945,15.3525,0.34,36.85,40,12.185,7.7375,14.9825,-15.36,36.85,40,0.0006529075873567499,0.00040015303006505,0.0008326746924185501,1.7075981050732048e-05,0.0019231040231619,40,0.0006529075873567499,0.00040015303006505,0.0008326746924185501,1.7075981050732048e-05,0.0019231040231619,0,,,,,
C2RCC+RAdCor,20260423_ZRH,2,9,490,40,14.915,11.530000000000001,17.945,3.35,33.03,40,14.825,10.9825,17.945,-14.99,33.03,40,0.0007602549299501,0.0006017626615334,0.0008832912452111751,0.0001800582441573,0.0017239263391702,40,0.0007602549299501,0.0006017626615334,0.0008832912452111751,0.0001800582441573,0.0017239263391702,0,,,,,
C2RCC,20260423_ZRH,2,10,490,40,35.455,31.65,40.1375,8.85,52.22,40,35.455,31.65,40.1375,8.85,52.22,40,0.0017998676004946,0.0016616281894372,0.00196643318032515,0.0005786857864426,0.0027255611300869,40,0.0017998676004946,0.0016616281894372,0.00196643318032515,0.0005786857864426,0.0027255611300869,0,,,,,
GAAC,20260423_ZRH,2,11,490,40,66.36,57.02,70.17750000000001,47.17,158.97,40,-66.36,-70.17750000000001,-57.02,-158.97,-47.17,40,0.0019892324869098,0.0018383759901288749,0.002165537806774825,0.0015433109325702,0.0040138966517752,40,0.0019892324869098,0.0018383759901288749,0.002165537806774825,0.0015433109325702,0.0040138966517752,0,,,,,
Polymer,20260423_ZRH,2,1,560,40,2.205,1.4,3.34,0.39,55.37,40,-1.2149999999999999,-2.775,1.6675,-55.37,8.54,40,0.00014552946443270002,9.18790078708099e-05,0.000217707836146175,2.4885529607797385e-05,0.0034437701621132,40,0.00014552946443270002,9.18790078708099e-05,0.000217707836146175,2.4885529607797385e-05,0.0034437701621132,0,,,,,
RAdCor+ACOLITE,20260423_ZRH,2,2,560,40,4.305,2.6625,6.137499999999999,0.06,77.18,40,-4.24,-6.137499999999999,-2.3825,-77.18,4.25,40,0.0002639905842952,0.0001615690773147,0.00039874191943882497,4.177934614658409e-06,0.0042093262009408,40,0.0002639905842952,0.0001615690773147,0.00039874191943882497,4.177934614658409e-06,0.0042093262009408,0,,,,,
ACOLITE,20260423_ZRH,2,3,560,40,4.85,3.2775,6.5625,0.21,74.66,40,-4.85,-6.5625,-3.0575,-74.66,3.42,40,0.00030884148440439997,0.00020449736801467499,0.00041282200931345,1.3705807806491978e-05,0.0041307304918851,40,0.00030884148440439997,0.00020449736801467499,0.00041282200931345,1.3705807806491978e-05,0.0041307304918851,0,,,,,
ACOLITE+RAdCor,20260423_ZRH,2,4,560,40,5.145,2.8325,7.155,0.34,75.28,40,1.2850000000000001,-4.995,5.0825,-75.28,14.81,40,0.00032844314867195,0.00018687533246415,0.000438502839690875,2.3238951679229423e-05,0.0041502859376456,40,0.00032844314867195,0.00018687533246415,0.000438502839690875,2.3238951679229423e-05,0.0041502859376456,0,,,,,
ACOLITE+T-Mart,20260423_ZRH,2,5,560,40,8.885,6.055,10.805,0.15,78.61,40,-8.885,-10.805,-6.055,-78.61,-0.15,40,0.00054244564693325,0.0003824345880863,0.000672997018503375,9.327829639911404e-06,0.0042529516786422,40,0.00054244564693325,0.0003824345880863,0.000672997018503375,9.327829639911404e-06,0.0042529516786422,0,,,,,
Polymer+Radcor,20260423_ZRH,2,6,560,40,14.385,11.84,16.767500000000002,0.73,84.0,40,-14.385,-16.767500000000002,-11.84,-84.0,-0.73,40,0.0008378900215443999,0.0007045265992788,0.0009848475520494498,4.945814656435316e-05,0.0044116761508161,40,0.0008378900215443999,0.0007045265992788,0.0009848475520494498,4.945814656435316e-05,0.0044116761508161,0,,,,,
C2RCC,20260423_ZRH,2,7,560,40,16.68,13.6275,18.4975,8.24,76.78,40,-16.68,-18.4975,-13.6275,-76.78,-8.24,40,0.0009783667201267,0.00078053018075025,0.00103943192397395,0.0004473526081569,0.0041971192761229,40,0.0009783667201267,0.00078053018075025,0.00103943192397395,0.0004473526081569,0.0041971192761229,0,,,,,
Polymer+T-Mart,20260423_ZRH,2,8,560,40,17.16,14.3275,19.3925,2.64,83.63,40,-17.16,-19.3925,-14.3275,-83.63,-2.64,40,0.0009677696439920501,0.00082000247066065,0.0011101357738183,0.0001756239542408,0.004400862870427,40,0.0009677696439920501,0.00082000247066065,0.0011101357738183,0.0001756239542408,0.004400862870427,0,,,,,
C2RCC+RAdCor,20260423_ZRH,2,9,560,40,33.05,29.950000000000003,34.8525,18.36,112.28,40,-33.05,-34.8525,-29.950000000000003,-112.28,-18.36,40,0.00164335602216505,0.001521588380168825,0.0017497985804263,0.0010595565616478,0.0051113101551616,40,0.00164335602216505,0.001521588380168825,0.0017497985804263,0.0010595565616478,0.0051113101551616,0,,,,,
C2RCC+T-Mart,20260423_ZRH,2,10,560,40,33.31,31.310000000000002,37.0125,10.99,104.57,40,-33.31,-37.0125,-31.310000000000002,-104.57,-10.99,40,0.0016331771739708,0.0015381790612962751,0.0017732544459072,0.0006763675338526,0.0049397105457405,40,0.0016331771739708,0.0015381790612962751,0.0017732544459072,0.0006763675338526,0.0049397105457405,0,,,,,
GAAC,20260423_ZRH,2,11,560,40,38.525000000000006,33.89,43.474999999999994,24.86,166.48,40,-38.525000000000006,-43.474999999999994,-33.89,-166.48,-24.86,40,0.0018211972708058,0.0016475929799984,0.0020578941088302003,0.0012198640895619,0.0060371820213473,40,0.0018211972708058,0.0016475929799984,0.0020578941088302003,0.0012198640895619,0.0060371820213473,0,,,,,
RAdCor+ACOLITE,20260423_ZRH,2,1,665,40,8.055,2.74,12.655,0.01,88.61,40,-8.055,-12.655,-2.3425000000000002,-88.61,6.37,40,0.0001407919913736,5.0484098709106427e-05,0.000222835179437275,1.9650911462312282e-07,0.0010842874342331,40,0.0001407919913736,5.0484098709106427e-05,0.000222835179437275,1.9650911462312282e-07,0.0010842874342331,0,,,,,
ACOLITE+RAdCor,20260423_ZRH,2,2,665,40,9.25,4.6049999999999995,21.805,0.23,105.52,40,-3.33,-21.3025,5.0375,-105.52,22.57,40,0.00017255916778005,8.190880292893943e-05,0.000362933514859875,4.284680203080074e-06,0.0011850068274641,40,0.00017255916778005,8.190880292893943e-05,0.000362933514859875,4.284680203080074e-06,0.0011850068274641,0,,,,,
ACOLITE,20260423_ZRH,2,3,665,40,20.97,13.56,26.322499999999998,4.25,108.75,40,-20.97,-26.322499999999998,-13.56,-108.75,-4.25,40,0.00032313682878455,0.00021977478921105,0.0004250241007139,6.844183127683407e-05,0.0012023691249766,40,0.00032313682878455,0.00021977478921105,0.0004250241007139,6.844183127683407e-05,0.0012023691249766,0,,,,,
Polymer,20260423_ZRH,2,4,665,40,22.78,19.2725,25.2925,9.14,67.8,40,-22.78,-25.2925,-19.2725,-67.8,-9.14,40,0.00034577801861859997,0.000301591408109625,0.00039292691323622496,0.0001404406746034,0.000932575774797,40,0.00034577801861859997,0.000301591408109625,0.00039292691323622496,0.0001404406746034,0.000932575774797,0,,,,,
ACOLITE+T-Mart,20260423_ZRH,2,5,665,40,23.65,15.450000000000001,28.2425,5.09,115.42,40,-23.65,-28.2425,-15.450000000000001,-115.42,-5.09,40,0.00036545586974799996,0.00024765847067969996,0.00043819430029725,8.122993796420104e-05,0.001236613390384,40,0.00036545586974799996,0.00024765847067969996,0.00043819430029725,8.122993796420104e-05,0.001236613390384,0,,,,,
Polymer+Radcor,20260423_ZRH,2,6,665,40,38.79,33.875,42.379999999999995,20.04,96.61,40,-38.79,-42.379999999999995,-33.875,-96.61,-20.04,40,0.00052781134899375,0.000480506326161825,0.000571178805047225,0.000305700423513,0.0011341215689726,40,0.00052781134899375,0.000480506326161825,0.000571178805047225,0.000305700423513,0.0011341215689726,0,,,,,
Polymer+T-Mart,20260423_ZRH,2,7,665,40,40.135000000000005,34.2925,43.147499999999994,21.67,96.19,40,-40.135000000000005,-43.147499999999994,-34.2925,-96.19,-21.67,40,0.0005266230255658001,0.00048734773217637504,0.00058662501127435,0.0003229863736475,0.0011315955254866,40,0.0005266230255658001,0.00048734773217637504,0.00058662501127435,0.0003229863736475,0.0011315955254866,0,,,,,
C2RCC+T-Mart,20260423_ZRH,2,8,665,40,105.49000000000001,96.8275,116.565,67.42,196.34,40,-105.49000000000001,-116.565,-96.8275,-196.34,-67.42,40,0.0009638754053967,0.0009091087405485001,0.0010153204378102,0.0007946501591009,0.0015291675265047,40,0.0009638754053967,0.0009091087405485001,0.0010153204378102,0.0007946501591009,0.0015291675265047,0,,,,,
C2RCC,20260423_ZRH,2,9,665,40,112.23,105.8375,115.81,88.6,168.38,40,-112.23,-115.81,-105.8375,-168.38,-88.6,40,0.0010062647652352,0.0009423711181463,0.00104150036179335,0.0007880624475028,0.0014480319050106,40,0.0010062647652352,0.0009423711181463,0.00104150036179335,0.0007880624475028,0.0014480319050106,0,,,,,
C2RCC+RAdCor,20260423_ZRH,2,10,665,40,114.75999999999999,105.5825,119.86749999999999,89.01,211.39,40,-114.75999999999999,-119.86749999999999,-105.5825,-211.39,-89.01,40,0.00100893173325145,0.0009548161638367749,0.00103516824860725,0.000826173435648,0.0015668042700699,40,0.00100893173325145,0.0009548161638367749,0.00103516824860725,0.000826173435648,0.0015668042700699,0,,,,,
GAAC,20260423_ZRH,2,11,665,40,151.305,118.8725,199.47500000000002,98.69,3731.38,40,-151.305,-199.47500000000002,-118.8725,-3731.38,-98.69,40,0.0011536146242854999,0.00098116671902475,0.001322652931958025,0.0008406899592277,0.0022477509378036,40,0.0011536146242854999,0.00098116671902475,0.001322652931958025,0.0008406899592277,0.0022477509378036,0,,,,,
ACOLITE,20260423_ZRH,2,1,overall,40,6.234999999999999,4.9625,9.2675,2.34,59.92,40,-5.57,-9.2675,-3.3899999999999997,-59.92,3.24,40,0.00028,0.00019,0.0004,0.0001,0.00222,40,0.0003,0.00022250000000000001,0.00041,0.00012,0.0025,40,2.184872919197189,1.8437478590013883,2.5682142110994555,1.3170046854980224,5.772018496304855
RAdCor+ACOLITE,20260423_ZRH,2,2,overall,40,6.425000000000001,5.0975,8.2875,2.74,53.74,40,0.3,-2.2275,2.37,-53.74,9.61,40,0.00033,0.00029,0.00036250000000000003,0.00016,0.00196,40,0.00041,0.0003275,0.00046,0.00019,0.00237,40,4.519760220065521,3.788506398843207,4.85646430290277,2.236928816032762,9.337092316070338
ACOLITE+T-Mart,20260423_ZRH,2,3,overall,40,8.865,7.1975,10.29,3.38,58.89,40,-5.83,-9.48,-3.2474999999999996,-58.89,3.13,40,0.00033,0.00026,0.0003975,0.00021,0.00218,40,0.00037,0.0003175,0.0004625,0.00024,0.0025,40,3.348305791969965,3.1844934512616634,4.018349298350116,1.6085354201880635,7.618899409862863
Polymer+Radcor,20260423_ZRH,2,4,overall,40,10.59,9.6125,11.435,6.43,53.91,40,-7.275,-10.4525,-4.86,-53.91,5.69,40,0.000415,0.00039,0.00049,0.00028,0.00199,40,0.0005,0.00046,0.00059,0.00033,0.00244,40,4.905271822476445,4.1789386119811045,5.469279801792896,2.634533879054018,10.74541180287668
Polymer+T-Mart,20260423_ZRH,2,5,overall,40,11.375,10.307500000000001,13.477500000000001,6.35,53.55,40,-10.7,-13.2375,-7.8549999999999995,-53.55,5.47,40,0.00046,0.0004075,0.00056,0.00024,0.00198,40,0.00057,0.0005149999999999999,0.00067,0.0003,0.00243,40,4.679974541634223,3.740673821134656,5.328841542360346,2.8210302526456466,10.727771123490994
ACOLITE+RAdCor,20260423_ZRH,2,6,overall,40,12.25,9.48,14.96,5.85,48.8,40,5.795,-0.495,12.4775,-48.8,25.32,40,0.00057,0.0004925,0.0007625,0.00035,0.00174,40,0.0008049999999999999,0.0005775,0.000985,0.00038,0.00227,40,6.902897120286964,6.172749689060368,7.414462600228585,4.411185325862696,12.193034380137794
Polymer,20260423_ZRH,2,7,overall,40,14.555,11.5025,18.85,5.33,29.64,40,5.595000000000001,3.43,8.774999999999999,-29.64,18.02,40,0.00046,0.0003775,0.00053,0.0003,0.00127,40,0.00053,0.0004175,0.0006025,0.00031,0.0018,40,5.0209852014125005,4.242335016086562,5.4850542098193245,3.3935362159401,10.823272953804484
C2RCC+T-Mart,20260423_ZRH,2,8,overall,40,22.475,21.6225,24.8275,19.32,55.65,40,-10.665,-13.592500000000001,-7.685,-55.65,11.04,40,0.000915,0.0008475,0.001005,0.00071,0.00203,40,0.00105,0.0010175000000000002,0.0011125,0.00087,0.00265,40,12.44942635978498,11.916814885817448,12.92603212018179,10.691035090569985,16.478411184613574
C2RCC+RAdCor,20260423_ZRH,2,9,overall,40,23.35,22.35,26.2175,19.54,57.01,40,-8.415,-11.6675,-5.895,-57.01,6.02,40,0.00097,0.0008975,0.00105,0.00077,0.00206,40,0.001085,0.00102,0.00114,0.00088,0.00273,40,12.996532916071303,12.471833839973392,13.827289605810254,10.863300409170575,17.685057916568702
C2RCC,20260423_ZRH,2,10,overall,40,36.65,31.875,41.5025,24.22,54.96,40,8.07,4.59,10.58,-27.44,17.81,40,0.0012850000000000001,0.001215,0.001345,0.00107,0.00169,40,0.00133,0.001255,0.0014225000000000002,0.00108,0.00226,40,14.301169945201906,13.70956588808238,15.103273234836465,12.231283373646896,19.0653753433404
GAAC,20260423_ZRH,2,11,overall,40,57.65,50.445,69.57749999999999,42.34,168.34,40,-57.65,-69.57749999999999,-50.445,-168.34,-42.34,40,0.00158,0.00139,0.0018024999999999998,0.00116,0.00386,40,0.0016250000000000001,0.00142,0.00185,0.00119,0.00411,40,6.576681395811809,5.8051597757587174,7.688634088270447,4.780777022777696,10.663087404251891
Polymer+Radcor,20260423_ZRH,3,1,443,31,3.69,3.185,7.64,0.34,14.3,31,3.14,-3.06,5.23,-12.05,14.3,31,0.0001486412311619,0.00012506099460455,0.00028629000181085,1.3735344166051523e-05,0.0005157182565207,31,0.0001486412311619,0.00012506099460455,0.00028629000181085,1.3735344166051523e-05,0.0005157182565207,0,,,,,
ACOLITE+T-Mart,20260423_ZRH,3,2,443,31,5.56,2.045,8.4,0.43,18.94,31,-3.65,-8.4,1.23,-18.94,7.45,31,0.0001975564643946,7.632133683294052e-05,0.00031964086074325,1.5630488068342236e-05,0.0007210604520095,31,0.0001975564643946,7.632133683294052e-05,0.00031964086074325,1.5630488068342236e-05,0.0007210604520095,0,,,,,
Polymer+T-Mart,20260423_ZRH,3,3,443,31,5.66,1.315,7.285,0.02,14.16,31,-0.02,-5.93,3.62,-14.16,11.92,31,0.0002137306078031,5.2094415629605744e-05,0.0002717794406266,7.590776598563262e-07,0.0005616891943808,31,0.0002137306078031,5.2094415629605744e-05,0.0002717794406266,7.590776598563262e-07,0.0005616891943808,0,,,,,
ACOLITE,20260423_ZRH,3,4,443,31,7.37,3.25,12.54,0.09,24.06,31,-7.37,-12.54,-2.6,-24.06,3.84,31,0.0002718095510742,0.00011803842858826303,0.00045736437741615,3.2091549172401715e-06,0.0008782786456449,31,0.0002718095510742,0.00011803842858826303,0.00045736437741615,3.2091549172401715e-06,0.0008782786456449,0,,,,,
RAdCor+ACOLITE,20260423_ZRH,3,5,443,31,8.51,4.52,13.735,0.2,21.36,31,8.51,4.385,13.735,-4.52,21.36,31,0.0003370663780367,0.00018143244638115001,0.0005057966487784,8.599143971920083e-06,0.0007705907513623,31,0.0003370663780367,0.00018143244638115001,0.0005057966487784,8.599143971920083e-06,0.0007705907513623,0,,,,,
C2RCC+T-Mart,20260423_ZRH,3,6,443,31,11.89,7.41,18.3,1.48,28.29,31,11.89,7.41,18.3,-1.48,28.29,31,0.0004725428693714,0.00030343366450890003,0.0007007732030291499,6.61257677879749e-05,0.0009997300177922,31,0.0004725428693714,0.00030343366450890003,0.0007007732030291499,6.61257677879749e-05,0.0009997300177922,0,,,,,
C2RCC+RAdCor,20260423_ZRH,3,7,443,31,12.67,9.149999999999999,19.23,1.07,30.33,31,12.67,9.149999999999999,19.23,1.07,30.33,31,0.0004988543770046,0.00037292676448219997,0.0007481467836471,4.844887684389218e-05,0.0010703153804739,31,0.0004988543770046,0.00037292676448219997,0.0007481467836471,4.844887684389218e-05,0.0010703153804739,0,,,,,
Polymer,20260423_ZRH,3,8,443,31,15.62,10.49,20.5,2.85,28.49,31,15.62,10.49,20.5,2.85,28.49,31,0.0006227521126468,0.00041889343288874995,0.0007931258612821001,0.0001289822618233,0.0010068966767846,31,0.0006227521126468,0.00041889343288874995,0.0007931258612821001,0.0001289822618233,0.0010068966767846,0,,,,,
ACOLITE+RAdCor,20260423_ZRH,3,9,443,31,23.9,20.69,34.205,10.48,43.38,31,23.9,20.69,34.205,10.48,43.38,31,0.0009553441450939,0.0008313539996459001,0.0012824962824899999,0.0004265268889636,0.0015408665765283,31,0.0009553441450939,0.0008313539996459001,0.0012824962824899999,0.0004265268889636,0.0015408665765283,0,,,,,
C2RCC,20260423_ZRH,3,10,443,31,34.23,28.785,40.715,20.46,51.73,31,34.23,28.785,40.715,20.46,51.73,31,0.0013612642401801,0.0011547441892142,0.0015534858778410501,0.0008595054772395,0.0018663977585114,31,0.0013612642401801,0.0011547441892142,0.0015534858778410501,0.0008595054772395,0.0018663977585114,0,,,,,
GAAC,20260423_ZRH,3,11,443,31,69.19,55.245000000000005,80.78999999999999,41.01,106.59,31,-69.19,-80.78999999999999,-55.245000000000005,-106.59,-41.01,31,0.0016316889850602,0.0012995439652824,0.0017933415542714,0.0010491983334505,0.0021400719474997,31,0.0016316889850602,0.0012995439652824,0.0017933415542714,0.0010491983334505,0.0021400719474997,0,,,,,
Polymer+Radcor,20260423_ZRH,3,1,490,31,2.69,1.3900000000000001,4.515,0.1,9.19,31,-1.63,-4.475,0.45,-9.19,5.46,31,0.0001379185639807,7.211134693220229e-05,0.0002421015850158,5.116579454077924e-06,0.000448158504949,31,0.0001379185639807,7.211134693220229e-05,0.0002421015850158,5.116579454077924e-06,0.000448158504949,0,,,,,
RAdCor+ACOLITE,20260423_ZRH,3,2,490,31,3.18,2.105,4.905,0.16,9.24,31,0.23,-3.465,2.7750000000000004,-9.24,7.25,31,0.0001633018261563,0.0001088003390289,0.00025046375611585,8.653333554983073e-06,0.0004816599244198,31,0.0001633018261563,0.0001088003390289,0.00025046375611585,8.653333554983073e-06,0.0004816599244198,0,,,,,
Polymer+T-Mart,20260423_ZRH,3,3,490,31,4.87,2.59,7.9399999999999995,0.02,11.84,31,-4.87,-7.9399999999999995,-1.8000000000000003,-11.84,2.59,31,0.0002379163725346,0.00012953759824365,0.00039707053080195005,1.0080690757878832e-06,0.0005927168014315,31,0.0002379163725346,0.00012953759824365,0.00039707053080195005,1.0080690757878832e-06,0.0005927168014315,0,,,,,
ACOLITE+T-Mart,20260423_ZRH,3,4,490,31,7.54,5.195,11.114999999999998,0.72,16.69,31,-7.54,-11.114999999999998,-5.195,-16.69,-0.72,31,0.0003687043675091,0.0002489297612049,0.0005400209663299,3.5057371950149296e-05,0.0008144023882172,31,0.0003687043675091,0.0002489297612049,0.0005400209663299,3.5057371950149296e-05,0.0008144023882172,0,,,,,
ACOLITE+RAdCor,20260423_ZRH,3,5,490,31,8.68,5.130000000000001,11.73,0.54,17.99,31,7.71,4.085,11.73,-8.68,17.99,31,0.0004538805795931,0.00027956947694020003,0.00059889578471325,2.8972929487943583e-05,0.0008870963319182,31,0.0004538805795931,0.00027956947694020003,0.00059889578471325,2.8972929487943583e-05,0.0008870963319182,0,,,,,
ACOLITE,20260423_ZRH,3,6,490,31,9.83,7.325,14.07,2.67,18.89,31,-9.83,-14.07,-7.325,-18.89,-2.67,31,0.0004766795027816,0.0003467400041167,0.00065368821291345,0.0001282180347502,0.000904776533874,31,0.0004766795027816,0.0003467400041167,0.00065368821291345,0.0001282180347502,0.000904776533874,0,,,,,
Polymer,20260423_ZRH,3,7,490,31,10.8,8.73,14.940000000000001,3.41,19.4,31,10.8,8.73,14.940000000000001,3.41,19.4,31,0.0005708758534251,0.00047812898214925003,0.00076435726296975,0.000189412006699,0.0009564184948961,31,0.0005708758534251,0.00047812898214925003,0.00076435726296975,0.000189412006699,0.0009564184948961,0,,,,,
C2RCC+T-Mart,20260423_ZRH,3,8,490,31,13.5,9.82,17.745,4.93,24.61,31,13.5,9.82,17.745,4.93,24.61,31,0.0007347153370443,0.0005411633961618001,0.00089953986403535,0.0002576633329842,0.0012132614739118,31,0.0007347153370443,0.0005411633961618001,0.00089953986403535,0.0002576633329842,0.0012132614739118,0,,,,,
C2RCC+RAdCor,20260423_ZRH,3,9,490,31,15.81,12.24,20.36,8.07,25.8,31,15.81,12.24,20.36,8.07,25.8,31,0.0008476189988124,0.00067590903608475,0.0010502192315220002,0.0004297410651403,0.0012761082306435,31,0.0008476189988124,0.00067590903608475,0.0010502192315220002,0.0004297410651403,0.0012761082306435,0,,,,,
C2RCC,20260423_ZRH,3,10,490,31,33.82,31.615000000000002,38.42,24.1,44.5,31,33.82,31.615000000000002,38.42,24.1,44.5,31,0.0017871601368136,0.0017103249873093,0.0019306912107285,0.0013393822609731,0.0022181614111673,31,0.0017871601368136,0.0017103249873093,0.0019306912107285,0.0013393822609731,0.0022181614111673,0,,,,,
GAAC,20260423_ZRH,3,11,490,31,65.09,61.355000000000004,76.93,54.67,108.3,31,-65.09,-76.93,-61.355000000000004,-108.3,-54.67,31,0.0020720733870271,0.0019749713545661497,0.0023173764642081002,0.0017425476532378,0.0029601339423656,31,0.0020720733870271,0.0019749713545661497,0.0023173764642081002,0.0017425476532378,0.0029601339423656,0,,,,,
Polymer,20260423_ZRH,3,1,560,31,2.66,1.395,5.98,0.12,8.36,31,-2.66,-5.98,-1.395,-8.36,0.82,31,0.0001686321818801,9.096625584683249e-05,0.00037903768808075,7.97330785935399e-06,0.0005390263507292,31,0.0001686321818801,9.096625584683249e-05,0.00037903768808075,7.97330785935399e-06,0.0005390263507292,0,,,,,
ACOLITE+RAdCor,20260423_ZRH,3,2,560,31,3.93,2.1900000000000004,5.859999999999999,0.02,17.75,31,-3.93,-5.859999999999999,-1.3900000000000001,-17.75,2.98,31,0.0002634973244414,0.00014474995523605,0.00036295253021675,1.2037635180950704e-06,0.0011379797117726,31,0.0002634973244414,0.00014474995523605,0.00036295253021675,1.2037635180950704e-06,0.0011379797117726,0,,,,,
RAdCor+ACOLITE,20260423_ZRH,3,3,560,31,8.5,7.205,10.655,1.85,18.59,31,-8.5,-10.655,-7.205,-18.59,-1.85,31,0.0005354695021593,0.00047472585133390003,0.00063251373918325,0.0001220680892744,0.0011831921631412,31,0.0005354695021593,0.00047472585133390003,0.00063251373918325,0.0001220680892744,0.0011831921631412,0,,,,,
ACOLITE,20260423_ZRH,3,4,560,31,9.17,7.52,10.440000000000001,2.91,17.14,31,-9.17,-10.440000000000001,-7.52,-17.14,-2.91,31,0.0005613713496956,0.00047852873771935,0.0006275568267497501,0.0001926128461625,0.0011042527960555,31,0.0005613713496956,0.00047852873771935,0.0006275568267497501,0.0001926128461625,0.0011042527960555,0,,,,,
ACOLITE+T-Mart,20260423_ZRH,3,5,560,31,14.2,11.575,16.03,7.44,22.83,31,-14.2,-16.03,-11.575,-22.83,-7.44,31,0.0008455192492051,0.0007298530673341,0.0009225032359387,0.0004719798162248,0.001402975443186,31,0.0008455192492051,0.0007298530673341,0.0009225032359387,0.0004719798162248,0.001402975443186,0,,,,,
Polymer+Radcor,20260423_ZRH,3,6,560,31,17.2,15.05,19.41,11.82,23.01,31,-17.2,-19.41,-15.05,-23.01,-11.82,31,0.0009676688602392,0.00089016567120215,0.00110061623760545,0.0007201425278228,0.0013005524541666,31,0.0009676688602392,0.00089016567120215,0.00110061623760545,0.0007201425278228,0.0013005524541666,0,,,,,
C2RCC,20260423_ZRH,3,7,560,31,18.32,17.475,21.58,15.83,24.91,31,-18.32,-21.58,-17.475,-24.91,-15.83,31,0.001026694093984,0.00098747191800425,0.0011982864214050998,0.0008978203236095,0.0014435927422223,31,0.001026694093984,0.00098747191800425,0.0011982864214050998,0.0008978203236095,0.0014435927422223,0,,,,,
Polymer+T-Mart,20260423_ZRH,3,8,560,31,19.91,17.595,23.28,12.69,26.38,31,-19.91,-23.28,-17.595,-26.38,-12.69,31,0.0010966793921687,0.0010155732381201001,0.00129342233931285,0.0007417067169114,0.0014923224659804,31,0.0010966793921687,0.0010155732381201001,0.00129342233931285,0.0007417067169114,0.0014923224659804,0,,,,,
C2RCC+T-Mart,20260423_ZRH,3,9,560,31,32.35,29.43,35.465,25.3,46.02,31,-32.35,-35.465,-29.43,-46.02,-25.3,31,0.0016935676490341,0.00153166066750515,0.00179321856550095,0.0013640162552457,0.0022460877946426,31,0.0016935676490341,0.00153166066750515,0.00179321856550095,0.0013640162552457,0.0022460877946426,0,,,,,
C2RCC+RAdCor,20260423_ZRH,3,10,560,31,33.36,30.355,36.225,26.38,43.59,31,-33.36,-36.225,-30.355,-43.59,-26.38,31,0.001685468984628,0.0015710492775156,0.00180887459418715,0.0013897990335658,0.0021196261306818,31,0.001685468984628,0.0015710492775156,0.00180887459418715,0.0013897990335658,0.0021196261306818,0,,,,,
GAAC,20260423_ZRH,3,11,560,31,44.39,40.755,49.045,34.1,67.99,31,-44.39,-49.045,-40.755,-67.99,-34.1,31,0.0020562613522414,0.00198061691702325,0.0022427927346148503,0.001675959111177,0.0030548073905526,31,0.0020562613522414,0.00198061691702325,0.0022427927346148503,0.001675959111177,0.0030548073905526,0,,,,,
ACOLITE+RAdCor,20260423_ZRH,3,1,665,31,13.78,10.71,21.689999999999998,2.1,77.96,31,-13.78,-21.689999999999998,-10.71,-77.96,-2.1,31,0.0002383067944008,0.00019823835044245,0.00035789958999144997,3.9247160017311534e-05,0.0010266810352922,31,0.0002383067944008,0.00019823835044245,0.00035789958999144997,3.9247160017311534e-05,0.0010266810352922,0,,,,,
RAdCor+ACOLITE,20260423_ZRH,3,2,665,31,16.03,11.4,19.855,0.96,51.54,31,-16.03,-19.855,-11.4,-51.54,-0.96,31,0.0002567414598666,0.00020558012937904997,0.0003222331983245,1.817133015376325e-05,0.0007970954687343,31,0.0002567414598666,0.00020558012937904997,0.0003222331983245,1.817133015376325e-05,0.0007970954687343,0,,,,,
Polymer,20260423_ZRH,3,3,665,31,26.46,24.299999999999997,32.355000000000004,19.47,40.75,31,-26.46,-32.355000000000004,-24.299999999999997,-40.75,-19.47,31,0.0004042560017882,0.00036780392164855,0.00047936707904975,0.0003213096293634,0.0006785073076714,31,0.0004042560017882,0.00036780392164855,0.00047936707904975,0.0003213096293634,0.0006785073076714,0,,,,,
ACOLITE,20260423_ZRH,3,4,665,31,30.39,26.555,36.7,13.76,66.68,31,-30.39,-36.7,-26.555,-66.68,-13.76,31,0.0004440468468449,0.0004175912772275,0.00051773142695935,0.0002310897150857,0.000937586177607,31,0.0004440468468449,0.0004175912772275,0.00051773142695935,0.0002310897150857,0.000937586177607,0,,,,,
ACOLITE+T-Mart,20260423_ZRH,3,5,665,31,34.35,30.65,39.92,17.17,74.53,31,-34.35,-39.92,-30.65,-74.53,-17.17,31,0.0004989572820748,0.00046012382867885004,0.00055810165912465,0.0002799964902771,0.00100081634475,31,0.0004989572820748,0.00046012382867885004,0.00055810165912465,0.0002799964902771,0.00100081634475,0,,,,,
Polymer+Radcor,20260423_ZRH,3,6,665,31,43.01,40.175,48.485,30.79,57.49,31,-43.01,-48.485,-40.175,-57.49,-30.79,31,0.0005921919227902,0.00053756527153075,0.0006390731472598499,0.000449900008881,0.0008538122354274,31,0.0005921919227902,0.00053756527153075,0.0006390731472598499,0.000449900008881,0.0008538122354274,0,,,,,
Polymer+T-Mart,20260423_ZRH,3,7,665,31,44.89,42.415,52.21,33.28,62.33,31,-44.89,-52.21,-42.415,-62.33,-33.28,31,0.000595110954573,0.00056256616547475,0.0006722156516355,0.0004924049787247,0.0008998589458573,31,0.000595110954573,0.00056256616547475,0.0006722156516355,0.0004924049787247,0.0008998589458573,0,,,,,
C2RCC+T-Mart,20260423_ZRH,3,8,665,31,102.22,97.13,109.985,84.09,147.03,31,-102.22,-109.985,-97.13,-147.03,-84.09,31,0.0009959206218706,0.00092836829967745,0.00104045887645615,0.0008627347351955,0.0013948973609476,31,0.0009959206218706,0.00092836829967745,0.00104045887645615,0.0008627347351955,0.0013948973609476,0,,,,,
C2RCC+RAdCor,20260423_ZRH,3,9,665,31,115.78,110.295,119.86500000000001,99.61,152.66,31,-115.78,-119.86500000000001,-110.295,-152.66,-99.61,31,0.0010648238607379,0.0009803011939111001,0.00110133992407925,0.0009388522872613,0.0014160198098906,31,0.0010648238607379,0.0009803011939111001,0.00110133992407925,0.0009388522872613,0.0014160198098906,0,,,,,
C2RCC,20260423_ZRH,3,10,665,31,117.69,112.68,124.52,105.43,147.37,31,-117.69,-124.52,-112.68,-147.37,-105.43,31,0.001045965945763,0.00098357250772495,0.0011189213981134,0.0009012377847048,0.0013961726853317,31,0.001045965945763,0.00098357250772495,0.0011189213981134,0.0009012377847048,0.0013961726853317,0,,,,,
GAAC,20260423_ZRH,3,11,665,31,211.01,173.15,260.135,121.48,1024.07,31,-211.01,-260.135,-173.15,-1024.07,-121.48,31,0.0012946478366925,0.0012443042143455499,0.0013864346485699,0.0010481497267555,0.0021351048085747,31,0.0012946478366925,0.0012443042143455499,0.0013864346485699,0.0010481497267555,0.0021351048085747,0,,,,,
RAdCor+ACOLITE,20260423_ZRH,3,1,overall,31,7.96,6.5600000000000005,10.100000000000001,3.63,13.82,31,-3.94,-7.085,-1.6149999999999998,-13.82,2.76,31,0.00034,0.00028,0.00037,0.00013,0.00068,31,0.00038,0.000335,0.00042,0.00015,0.00076,31,3.788923230382675,2.978374361780045,4.739429471801454,1.2739016376423735,6.103784544958689
ACOLITE+T-Mart,20260423_ZRH,3,2,overall,31,10.59,9.575,13.895,5.72,19.72,31,-10.31,-13.895,-8.434999999999999,-19.72,-4.48,31,0.00045,0.000405,0.000565,0.00026,0.00087,31,0.00054,0.00047000000000000004,0.00061,0.0003,0.00096,31,3.142356598120032,2.34781304648055,3.7945654841110925,1.3613885254016418,5.292134178016023
ACOLITE,20260423_ZRH,3,3,overall,31,10.62,7.815,13.985,3.42,21.22,31,-10.62,-13.985,-7.815,-21.22,-3.42,31,0.00046,0.00035999999999999997,0.000575,0.00017,0.00083,31,0.00047,0.00039,0.00058,0.00019,0.00087,31,2.332498344152571,1.9053984631836112,2.7873210537787303,1.2621960273113122,4.045166011754812
ACOLITE+RAdCor,20260423_ZRH,3,4,overall,31,11.4,9.8,13.815000000000001,7.36,17.62,31,2.52,-1.26,5.375,-13.13,10.18,31,0.0005,0.00044,0.00058,0.00029,0.00076,31,0.00059,0.000515,0.00073,0.00032,0.00088,31,6.156966090830678,5.4931251113282284,7.160500932780561,3.768395497053516,8.750254609345909
Polymer+Radcor,20260423_ZRH,3,5,overall,31,12.18,9.855,13.605,6.51,15.89,31,-9.51,-11.42,-6.96,-15.89,-4.37,31,0.0005,0.000445,0.00054,0.00032,0.00063,31,0.0006,0.00055,0.00065,0.00043,0.00079,31,5.358091336112058,4.492856038492431,6.472611658947449,2.631433972384188,7.226805647744297
Polymer,20260423_ZRH,3,6,overall,31,13.15,10.35,17.92,4.44,22.42,31,4.22,1.85,6.130000000000001,-1.94,8.49,31,0.00047,0.000375,0.0005549999999999999,0.00023,0.00061,31,0.00052,0.00041,0.000605,0.00025,0.00072,31,5.351607021613291,4.367106677653317,6.312759382657422,2.852508087890436,7.098306660734748
Polymer+T-Mart,20260423_ZRH,3,7,overall,31,13.58,11.865,14.94,7.79,18.46,31,-11.89,-14.045,-9.795,-18.46,-6.24,31,0.00053,0.00049,0.0006050000000000001,0.00036,0.00074,31,0.00065,0.0006,0.00075,0.00046,0.0009,31,5.1784146744700905,4.111319334605084,6.269793198665107,2.8925235865781227,7.323612749518473
C2RCC+T-Mart,20260423_ZRH,3,8,overall,31,22.66,21.95,25.45,20.47,29.81,31,-8.26,-13.045,-5.96,-18.29,-0.52,31,0.00097,0.00089,0.001055,0.00078,0.00116,31,0.0011,0.0010400000000000001,0.001135,0.00091,0.00137,31,12.485039946879642,11.956035235512024,13.782535947599026,10.882948119420096,14.94447035774118
C2RCC+RAdCor,20260423_ZRH,3,9,overall,31,23.77,23.005000000000003,26.78,21.76,30.29,31,-8.73,-11.120000000000001,-5.234999999999999,-15.5,-0.84,31,0.00102,0.000955,0.00112,0.00081,0.00122,31,0.00114,0.00109,0.001175,0.00097,0.00135,31,13.344774115986777,12.46501008452922,14.265067022196519,11.238937206270649,15.412371700970512
C2RCC,20260423_ZRH,3,10,overall,31,34.16,29.91,40.125,24.33,48.07,31,5.47,3.1950000000000003,8.215,-1.83,11.46,31,0.00135,0.001255,0.001405,0.0011,0.00154,31,0.00137,0.001275,0.001455,0.00113,0.00159,31,14.779727532996665,13.865567320633552,15.53239157724484,11.921486509036765,16.71534389107269
GAAC,20260423_ZRH,3,11,overall,31,67.29,57.68,78.635,51.38,107.44,31,-67.29,-78.635,-57.68,-107.44,-51.38,31,0.00174,0.001635,0.0019450000000000001,0.00145,0.00256,31,0.00179,0.00167,0.001975,0.00149,0.0026,31,7.237702337919341,6.731616279574265,8.048398435627613,5.6408843469048255,12.226353165517192
Polymer+T-Mart,20260423_ZRH,4,1,443,33,2.96,1.65,6.38,0.12,14.94,33,-1.97,-5.89,1.57,-14.94,8.0,33,0.0001162361953619,6.342383814742902e-05,0.0002431987520453,4.620914529555702e-06,0.0005830201484369,33,0.0001162361953619,6.342383814742902e-05,0.0002431987520453,4.620914529555702e-06,0.0005830201484369,0,,,,,
Polymer+Radcor,20260423_ZRH,4,2,443,33,3.66,2.06,5.47,0.28,11.51,33,0.78,-3.04,4.29,-10.46,11.51,33,0.0001494446138746,8.386492708128968e-05,0.0002115783066405,1.13326514870676e-05,0.0004456517403635,33,0.0001494446138746,8.386492708128968e-05,0.0002115783066405,1.13326514870676e-05,0.0004456517403635,0,,,,,
RAdCor+ACOLITE,20260423_ZRH,4,3,443,35,7.4,2.6799999999999997,11.379999999999999,0.03,319.41,35,4.84,1.04,9.995000000000001,-18.92,319.41,35,0.0003000779331738,0.00010750419585615,0.0004491422199685,1.1909118044373806e-06,0.0127390200039596,35,0.0003000779331738,0.00010750419585615,0.0004491422199685,1.1909118044373806e-06,0.0127390200039596,0,,,,,
ACOLITE+T-Mart,20260423_ZRH,4,4,443,35,9.47,3.505,14.0,0.26,277.87,35,-8.46,-12.844999999999999,-1.9,-32.49,277.87,35,0.0003528832550606,0.00013455315184495,0.0005021292376367001,1.0149604746580164e-05,0.0110824411502332,35,0.0003528832550606,0.00013455315184495,0.0005021292376367001,1.0149604746580164e-05,0.0110824411502332,0,,,,,
C2RCC+RAdCor,20260423_ZRH,4,5,443,35,9.52,6.585,15.67,0.13,272.56,35,8.27,5.984999999999999,14.985,-272.56,21.48,35,0.0003793214818721,0.00027151051904935003,0.0006279180478112999,5.96207018754933e-06,0.0029994675327763,35,0.0003793214818721,0.00027151051904935003,0.0006279180478112999,5.96207018754933e-06,0.0029994675327763,0,,,,,
C2RCC+T-Mart,20260423_ZRH,4,6,443,35,10.09,5.755,14.440000000000001,0.79,74.52,35,8.16,5.27,13.04,-74.52,17.99,35,0.0004014838413422,0.0002401831008165,0.0005673715445161499,3.4436148314319695e-05,0.0017506586752754,35,0.0004014838413422,0.0002401831008165,0.0005673715445161499,3.4436148314319695e-05,0.0017506586752754,0,,,,,
ACOLITE,20260423_ZRH,4,7,443,35,13.48,6.285,17.9,0.29,266.05,35,-12.34,-16.96,-5.27,-35.84,266.05,35,0.0004691520051072,0.0002374051644964,0.00060910630366185,1.103597908926014e-05,0.0106109525775761,35,0.0004691520051072,0.0002374051644964,0.00060910630366185,1.103597908926014e-05,0.0106109525775761,0,,,,,
Polymer,20260423_ZRH,4,8,443,33,13.71,8.98,16.92,2.02,24.54,33,13.71,8.98,16.92,2.02,24.54,33,0.0005361601729475,0.0003732634731035,0.0006612213064695,9.059732740798568e-05,0.0009500834442577,33,0.0005361601729475,0.0003732634731035,0.0006612213064695,9.059732740798568e-05,0.0009500834442577,0,,,,,
ACOLITE+RAdCor,20260423_ZRH,4,9,443,35,19.81,12.93,26.47,1.9,318.04,35,19.81,12.93,26.47,-4.68,318.04,35,0.0007855692656307,0.00052855044548325,0.00106927922379145,8.461706093549747e-05,0.0126846810570211,35,0.0007855692656307,0.00052855044548325,0.00106927922379145,8.461706093549747e-05,0.0126846810570211,0,,,,,
C2RCC,20260423_ZRH,4,10,443,35,28.35,22.495,32.69,15.29,127.79,35,25.5,21.585,31.3,-127.79,44.12,35,0.0011072361844693,0.0009277898755578,0.0012770904973293498,0.0006760523428567,0.0023000878077172,35,0.0011072361844693,0.0009277898755578,0.0012770904973293498,0.0006760523428567,0.0023000878077172,0,,,,,
GAAC,20260423_ZRH,4,11,443,35,72.06,62.09,88.28,43.2,334.16,35,-72.05,-86.315,-61.59,-136.12,334.16,35,0.0017130458092572,0.0015246827595757,0.0019939482085227,0.0011362372397993,0.0133275959446692,35,0.0017130458092572,0.0015246827595757,0.0019939482085227,0.0011362372397993,0.0133275959446692,0,,,,,
Polymer+Radcor,20260423_ZRH,4,1,490,33,2.34,0.65,3.8,0.04,8.58,33,-1.62,-3.52,-0.18,-8.58,4.75,33,0.0001238135213178,3.420669259055365e-05,0.0001954844498136,2.034144976520956e-06,0.0004465923667987,33,0.0001238135213178,3.420669259055365e-05,0.0001954844498136,2.034144976520956e-06,0.0004465923667987,0,,,,,
RAdCor+ACOLITE,20260423_ZRH,4,2,490,35,2.35,0.835,3.4699999999999998,0.25,250.31,35,-0.34,-2.52,1.92,-12.24,250.31,35,0.0001259618808534,4.44921096625331e-05,0.0001863275022479,1.354912686324112e-05,0.013570639867361,35,0.0001259618808534,4.44921096625331e-05,0.0001863275022479,1.354912686324112e-05,0.013570639867361,0,,,,,
Polymer+T-Mart,20260423_ZRH,4,3,490,33,4.81,2.29,6.59,1.31,12.06,33,-4.81,-6.59,-2.29,-12.06,2.09,33,0.0002456666947371,0.0001179944966979,0.000332199635396,6.808265666272909e-05,0.0006010253499608,33,0.0002456666947371,0.0001179944966979,0.000332199635396,6.808265666272909e-05,0.0006010253499608,0,,,,,
ACOLITE+RAdCor,20260423_ZRH,4,4,490,35,7.22,3.21,11.274999999999999,0.11,243.92,35,7.22,0.37,11.274999999999999,-6.75,243.92,35,0.0003837258902916,0.0001703838793158,0.0005981167632705499,6.1662638499732775e-06,0.0132240351327018,35,0.0003837258902916,0.0001703838793158,0.0005981167632705499,6.1662638499732775e-06,0.0132240351327018,0,,,,,
ACOLITE+T-Mart,20260423_ZRH,4,5,490,35,8.77,5.725,11.13,0.6,225.09,35,-8.41,-10.59,-5.5649999999999995,-22.56,225.09,35,0.0004312305377719,0.0002884090778486,0.0005471339307429499,3.074150628805134e-05,0.0122036166526632,35,0.0004312305377719,0.0002884090778486,0.0005471339307429499,3.074150628805134e-05,0.0122036166526632,0,,,,,
ACOLITE,20260423_ZRH,4,6,490,35,11.08,8.065,13.030000000000001,1.75,218.08,35,-11.04,-12.89,-7.88,-24.24,218.08,35,0.0005423506379647,0.0003962243090554,0.0006229066420835999,8.75765075588229e-05,0.0118234265633182,35,0.0005423506379647,0.0003962243090554,0.0006229066420835999,8.75765075588229e-05,0.0118234265633182,0,,,,,
Polymer,20260423_ZRH,4,7,490,33,11.13,8.69,12.84,4.64,19.22,33,11.13,8.69,12.84,4.64,19.22,33,0.0005950748160768,0.0004754244834775,0.000677455462098,0.0002639229482335,0.0009901187995742,33,0.0005950748160768,0.0004754244834775,0.000677455462098,0.0002639229482335,0.0009901187995742,0,,,,,
C2RCC+T-Mart,20260423_ZRH,4,8,490,35,12.93,10.71,16.17,6.3,61.98,35,12.06,10.215,15.01,-61.98,20.02,35,0.0006866525337221,0.0005760331261355,0.00084960703954865,0.0003559726476287,0.002118694062754,35,0.0006866525337221,0.0005760331261355,0.00084960703954865,0.0003559726476287,0.002118694062754,0,,,,,
C2RCC+RAdCor,20260423_ZRH,4,9,490,35,13.64,11.43,17.185000000000002,5.65,228.46,35,13.28,11.175,16.619999999999997,-228.46,22.25,35,0.0007259944828474,0.0006282189644348,0.0009049319145596,0.0003096897310927,0.0038512702633056,35,0.0007259944828474,0.0006282189644348,0.0009049319145596,0.0003096897310927,0.0038512702633056,0,,,,,
C2RCC,20260423_ZRH,4,10,490,35,29.21,27.29,33.760000000000005,25.1,94.42,35,29.17,26.805,33.495000000000005,-94.42,42.47,35,0.0016008142637219,0.00146802189465945,0.00181991960211265,0.0013551784450612,0.0026890006288893,35,0.0016008142637219,0.00146802189465945,0.00181991960211265,0.0013551784450612,0.0026890006288893,0,,,,,
GAAC,20260423_ZRH,4,11,490,35,66.0,60.955,81.265,52.48,251.44,35,-64.97,-78.14,-59.224999999999994,-104.32,251.44,35,0.0021456813619576,0.0020098067417717996,0.0024182087499226,0.0017489181688832,0.013631766352784,35,0.0021456813619576,0.0020098067417717996,0.0024182087499226,0.0017489181688832,0.013631766352784,0,,,,,
Polymer,20260423_ZRH,4,1,560,33,2.06,0.86,3.82,0.06,7.21,33,-1.67,-3.82,-0.24,-7.21,2.06,33,0.0001317835110029,5.812891367461184e-05,0.0002621001749048,3.694613339409909e-06,0.0004727400390624,33,0.0001317835110029,5.812891367461184e-05,0.0002621001749048,3.694613339409909e-06,0.0004727400390624,0,,,,,
ACOLITE+RAdCor,20260423_ZRH,4,2,560,35,3.52,1.5150000000000001,8.455,0.19,183.38,35,-1.08,-7.06,1.805,-14.55,183.38,35,0.0002305891868875,0.00010456117204368022,0.00053015525845595,1.2990919811963623e-05,0.0130778634621887,35,0.0002305891868875,0.00010456117204368022,0.00053015525845595,1.2990919811963623e-05,0.0130778634621887,0,,,,,
RAdCor+ACOLITE,20260423_ZRH,4,3,560,35,5.81,3.8499999999999996,8.875,0.18,189.18,35,-5.69,-8.305,-3.44,-16.59,189.18,35,0.0003712404107327,0.0002480718409488,0.00057399223765535,1.2012925891161095e-05,0.0134915681257038,35,0.0003712404107327,0.0002480718409488,0.00057399223765535,1.2012925891161095e-05,0.0134915681257038,0,,,,,
ACOLITE,20260423_ZRH,4,4,560,35,6.5,4.93,9.370000000000001,1.2,178.4,35,-6.42,-9.0,-4.865,-13.6,178.4,35,0.0004192136052935,0.0003186009285346,0.00058948732960315,7.758315741825117e-05,0.0127227818294553,35,0.0004192136052935,0.0003186009285346,0.00058948732960315,7.758315741825117e-05,0.0127227818294553,0,,,,,
ACOLITE+T-Mart,20260423_ZRH,4,5,560,35,10.98,9.510000000000002,14.315,5.36,182.1,35,-10.86,-14.1,-9.43,-20.71,182.1,35,0.0006796486500589,0.00059066167299895,0.0008819088070670001,0.0003326998846213,0.0129867540373592,35,0.0006796486500589,0.00059066167299895,0.0008819088070670001,0.0003326998846213,0.0129867540373592,0,,,,,
Polymer+Radcor,20260423_ZRH,4,6,560,33,14.95,12.94,16.34,9.02,20.9,33,-14.95,-16.34,-12.94,-20.9,-9.02,33,0.0008872960323358,0.0007757894521973,0.0009661700686438,0.0005277607340586,0.0012149266555456,33,0.0008872960323358,0.0007757894521973,0.0009661700686438,0.0005277607340586,0.0012149266555456,0,,,,,
C2RCC,20260423_ZRH,4,7,560,35,17.19,15.61,20.465,12.58,101.87,35,-17.19,-20.465,-15.61,-101.87,-12.58,35,0.0009903198906393,0.0008828845247301001,0.0012064672926902502,0.0007143073582291,0.0036192156102313,35,0.0009903198906393,0.0008828845247301001,0.0012064672926902502,0.0007143073582291,0.0036192156102313,0,,,,,
Polymer+T-Mart,20260423_ZRH,4,8,560,33,18.28,15.72,19.51,13.82,23.19,33,-18.28,-19.51,-15.72,-23.19,-13.82,33,0.0010162707037101,0.0009098858111822,0.0011668411433458,0.0007947149086547,0.0013229800110559,33,0.0010162707037101,0.0009098858111822,0.0011668411433458,0.0007947149086547,0.0013229800110559,0,,,,,
C2RCC+T-Mart,20260423_ZRH,4,9,560,35,28.72,26.785,32.504999999999995,23.45,90.35,35,-28.72,-32.504999999999995,-26.785,-90.35,-23.45,35,0.0015135650737958,0.00139183343183145,0.00166842468688495,0.0012328200490947,0.0034042102079246,35,0.0015135650737958,0.00139183343183145,0.00166842468688495,0.0012328200490947,0.0034042102079246,0,,,,,
C2RCC+RAdCor,20260423_ZRH,4,10,560,35,30.23,28.095,32.79,25.15,279.14,35,-30.23,-32.79,-28.095,-279.14,-25.15,35,0.0015436197833108,0.00147874153752095,0.0016955905067272,0.0012818219190051,0.0052802494330664,35,0.0015436197833108,0.00147874153752095,0.0016955905067272,0.0012818219190051,0.0052802494330664,0,,,,,
GAAC,20260423_ZRH,4,11,560,35,39.28,35.855000000000004,49.32,30.38,184.68,35,-39.1,-47.165000000000006,-35.41,-64.63,184.68,35,0.0019464079000696,0.00175984097425925,0.0022473421358178503,0.0015249433580052,0.013171227467209,35,0.0019464079000696,0.00175984097425925,0.0022473421358178503,0.0015249433580052,0.013171227467209,0,,,,,
RAdCor+ACOLITE,20260423_ZRH,4,1,665,35,12.11,9.3,19.795,1.67,714.75,35,-11.93,-17.83,-7.8950000000000005,-42.8,714.75,35,0.0002221235386583,0.00016439624208945,0.00032465730489075,3.023428181189291e-05,0.0153167000432186,35,0.0002221235386583,0.00016439624208945,0.00032465730489075,3.023428181189291e-05,0.0153167000432186,0,,,,,
ACOLITE+RAdCor,20260423_ZRH,4,2,665,35,12.35,5.55,35.489999999999995,0.79,715.12,35,-11.37,-33.985,-4.975,-61.74,715.12,35,0.0002029407525106,9.848809096961328e-05,0.0005362929668832001,1.4494348224282187e-05,0.0153246703018121,35,0.0002029407525106,9.848809096961328e-05,0.0005362929668832001,1.4494348224282187e-05,0.0153246703018121,0,,,,,
ACOLITE,20260423_ZRH,4,3,665,35,26.02,21.994999999999997,33.8,14.32,685.44,35,-25.53,-32.67,-21.5,-60.83,685.44,35,0.0004116468038407,0.0003560129932123,0.0005252448941802,0.0002309765554033,0.0146886011977367,35,0.0004116468038407,0.0003560129932123,0.0005252448941802,0.0002309765554033,0.0146886011977367,0,,,,,
Polymer,20260423_ZRH,4,4,665,33,27.08,24.7,29.94,19.33,36.2,33,-27.08,-29.94,-24.7,-36.2,-19.33,33,0.0004185119886469,0.0003688490488616,0.0004560721791927,0.0002948883578798,0.0005711055807699,33,0.0004185119886469,0.0003688490488616,0.0004560721791927,0.0002948883578798,0.0005711055807699,0,,,,,
ACOLITE+T-Mart,20260423_ZRH,4,5,665,35,30.37,25.545,38.364999999999995,17.8,695.91,35,-30.31,-37.894999999999996,-25.045,-72.7,695.91,35,0.0004726588754461,0.0004041220324109,0.0005775212266895,0.0002786890258081,0.0149130983669929,35,0.0004726588754461,0.0004041220324109,0.0005775212266895,0.0002786890258081,0.0149130983669929,0,,,,,
Polymer+Radcor,20260423_ZRH,4,6,665,33,43.29,38.21,46.18,33.18,52.89,33,-43.29,-46.18,-38.21,-52.89,-33.18,33,0.0005670969110554,0.0005360941162377,0.0006372749227902,0.0004566248065424,0.0007152559227902,33,0.0005670969110554,0.0005360941162377,0.0006372749227902,0.0004566248065424,0.0007152559227902,0,,,,,
Polymer+T-Mart,20260423_ZRH,4,7,665,33,45.39,41.78,48.22,35.61,55.55,33,-45.39,-48.22,-41.78,-55.55,-35.61,33,0.0006098205773078,0.0005580402492349,0.0006418079911768,0.0004858113402663,0.0007398781025599,33,0.0006098205773078,0.0005580402492349,0.0006418079911768,0.0004858113402663,0.0007398781025599,0,,,,,
C2RCC+T-Mart,20260423_ZRH,4,8,665,35,99.71,94.045,110.295,80.53,198.01,35,-99.71,-110.295,-94.045,-198.01,-80.53,35,0.0009810323799718,0.0009318188965954999,0.00106723631471745,0.0007704153771106,0.0014238571788568,35,0.0009810323799718,0.0009318188965954999,0.00106723631471745,0.0007704153771106,0.0014238571788568,0,,,,,
C2RCC+RAdCor,20260423_ZRH,4,9,665,35,110.96,107.115,119.005,91.71,261.08,35,-110.96,-119.005,-107.115,-261.08,-91.71,35,0.0010421847756777,0.0009615910443937,0.0011106430200312,0.0008262320150311,0.0015494764824649,35,0.0010421847756777,0.0009615910443937,0.0011106430200312,0.0008262320150311,0.0015494764824649,0,,,,,
C2RCC,20260423_ZRH,4,10,665,35,117.35,110.175,126.38999999999999,99.3,206.32,35,-117.35,-126.38999999999999,-110.175,-206.32,-99.3,35,0.0010685259397986,0.00099594577811915,0.0011556232907810001,0.0008605358545471,0.0014433843606352,35,0.0010685259397986,0.00099594577811915,0.0011556232907810001,0.0008605358545471,0.0014433843606352,0,,,,,
GAAC,20260423_ZRH,4,11,665,35,181.92,146.85,370.26,125.5,2731.93,35,-181.76,-343.05,-144.715,-2731.93,709.72,35,0.0012764735699461,0.00116522010890605,0.0015159098244757,0.0010262925485683,0.0152090152635573,35,0.0012764735699461,0.00116522010890605,0.0015159098244757,0.0010262925485683,0.0152090152635573,0,,,,,
RAdCor+ACOLITE,20260423_ZRH,4,1,overall,35,6.29,4.494999999999999,8.175,1.7,283.3,35,-2.45,-5.58,-1.3599999999999999,-15.53,283.3,35,0.00027,0.00017500000000000003,0.000325,8e-05,0.01378,35,0.0003,0.000205,0.00039,0.0001,0.01381,35,2.994752500623465,1.8569673843559535,3.7112719773379528,0.9488382561896428,17.62368675966401
ACOLITE+RAdCor,20260423_ZRH,4,2,overall,35,9.24,7.859999999999999,11.645,5.37,279.17,35,3.41,-2.87,6.015,-9.06,279.17,35,0.00046,0.00041,0.00048,0.00019,0.01358,35,0.00054,0.000475,0.00062,0.00021,0.01362,35,5.022796822736399,4.367167918478792,5.7037025947130084,2.1054828073578515,18.1012391636712
Polymer+Radcor,20260423_ZRH,4,3,overall,33,9.77,8.41,10.46,4.87,13.87,33,-8.31,-9.77,-7.25,-13.87,-3.64,33,0.00044,0.00041,0.00048,0.00026,0.00063,33,0.00055,0.00049,0.0006,0.00035,0.00072,33,4.60278678299351,3.8957356831028265,5.5292449044996905,2.829715111455138,6.680435500956868
ACOLITE+T-Mart,20260423_ZRH,4,4,overall,35,11.33,8.235,13.46,3.72,250.49,35,-11.28,-12.629999999999999,-8.11,-27.43,250.49,35,0.00049,0.000375,0.0006000000000000001,0.00019,0.0128,35,0.0005,0.000435,0.000635,0.00024,0.01287,35,2.5425633239959207,1.9565083363946345,3.116379061272056,1.1782155591086914,17.77657827999621
ACOLITE,20260423_ZRH,4,5,overall,35,11.61,8.365,15.035,2.7,241.22,35,-11.58,-14.815,-8.125,-29.91,241.22,35,0.00046,0.000365,0.000575,0.00016,0.01246,35,0.00047,0.000365,0.000585,0.00018,0.01255,35,2.2516132328417098,1.850654931336831,2.8020384761760315,1.495533482564537,17.813733998761744
Polymer+T-Mart,20260423_ZRH,4,6,overall,33,12.07,10.09,13.02,8.09,17.68,33,-12.03,-13.01,-9.73,-17.68,-6.64,33,0.00051,0.00045,0.00057,0.00037,0.00074,33,0.0006,0.00056,0.00069,0.00048,0.00079,33,4.816634197807994,3.878740830233996,5.042096946094722,2.616572999658205,6.841818332467132
Polymer,20260423_ZRH,4,7,overall,33,12.65,8.46,14.24,4.23,21.85,33,3.59,1.91,5.93,-0.88,9.67,33,0.00044,0.00035,0.00048,0.00024,0.00059,33,0.00047,0.00037,0.00053,0.00027,0.00072,33,4.837958517619822,3.998067291762808,5.380323547731762,2.918595778810376,6.439719015653896
C2RCC+T-Mart,20260423_ZRH,4,8,overall,35,20.7,19.740000000000002,22.21,17.59,82.26,35,-8.79,-11.905000000000001,-6.87,-82.26,-2.53,35,0.0009,0.00083,0.00099,0.00066,0.00217,35,0.00101,0.000955,0.00106,0.0008,0.0023,35,11.56186032592679,10.701244683546497,12.270309571339183,6.253124087657399,13.14909667813935
C2RCC+RAdCor,20260423_ZRH,4,9,overall,35,22.45,20.634999999999998,23.615000000000002,18.24,264.84,35,-9.09,-11.745000000000001,-6.51,-264.84,-2.48,35,0.00095,0.00085,0.0010400000000000001,0.0007,0.00341,35,0.00105,0.000995,0.00112,0.00084,0.00368,35,12.165173892095314,11.152360765634409,12.936945197399133,3.708547413129016,13.88006936473773
C2RCC,20260423_ZRH,4,10,overall,35,29.52,24.630000000000003,33.53,20.55,114.44,35,2.98,0.9249999999999999,5.52,-114.44,12.35,35,0.0012,0.001135,0.00131,0.00095,0.00251,35,0.00121,0.001155,0.00134,0.001,0.00263,35,13.367702980147463,12.440467345649408,14.088149709983036,4.860734810612002,15.228327221040464
GAAC,20260423_ZRH,4,11,overall,35,73.47,61.355000000000004,83.62,48.63,290.62,35,-71.26,-81.57,-59.705,-119.65,290.62,35,0.00179,0.001635,0.0020499999999999997,0.00143,0.01383,35,0.00181,0.001675,0.0020800000000000003,0.00146,0.01386,35,8.143905502246884,6.940402587312548,9.298941207995755,5.402094805643992,17.899518819836963
Polymer+T-Mart,20260430_ZRH,1,1,443,31,25.99,21.85,34.42,5.39,42.0,31,25.99,21.85,34.42,5.39,42.0,31,0.0007016717009108,0.0005607967500393,0.00081958988090585,0.0001725187743306,0.0011291734034525,31,0.0007016717009108,0.0005607967500393,0.00081958988090585,0.0001725187743306,0.0011291734034525,0,,,,,
ACOLITE+RAdCor,20260430_ZRH,1,2,443,31,30.29,14.45,45.785,0.39,73.29,31,30.29,14.45,45.785,-10.7,73.29,31,0.0007802182591637,0.00040138800068515,0.00112313614435935,1.2354051376104336e-05,0.0017079661557085,31,0.0007802182591637,0.00040138800068515,0.00112313614435935,1.2354051376104336e-05,0.0017079661557085,0,,,,,
Polymer+Radcor,20260430_ZRH,1,3,443,31,41.05,37.2,51.555,20.13,62.9,31,41.05,37.2,51.555,20.13,62.9,31,0.0010823803323414,0.0010230157004894,0.00122694937898115,0.0006447715123382,0.0017297921949708,31,0.0010823803323414,0.0010230157004894,0.00122694937898115,0.0006447715123382,0.0017297921949708,0,,,,,
ACOLITE,20260430_ZRH,1,4,443,31,51.85,39.41,64.55,14.71,90.27,31,51.85,39.41,64.55,14.71,90.27,31,0.0013591132278206,0.0010938815157743001,0.0016582488146884,0.0004712976988873,0.0021036636972434,31,0.0013591132278206,0.0010938815157743001,0.0016582488146884,0.0004712976988873,0.0021036636972434,0,,,,,
Polymer,20260430_ZRH,1,5,443,31,55.96,51.715,65.695,32.18,81.28,31,55.96,51.715,65.695,32.18,81.28,31,0.0015000826302921,0.0014072832494472,0.00170372752759585,0.0010307361938313,0.0019305858234576,31,0.0015000826302921,0.0014072832494472,0.00170372752759585,0.0010307361938313,0.0019305858234576,0,,,,,
C2RCC+RAdCor,20260430_ZRH,1,6,443,31,65.12,55.33,76.35,36.3,99.92,31,-65.12,-76.35,-55.33,-99.92,-36.3,31,0.0010689209953376,0.00087338567952825,0.00117167793527195,0.0006094372389869,0.0015457900681792,31,0.0010689209953376,0.00087338567952825,0.00117167793527195,0.0006094372389869,0.0015457900681792,0,,,,,
RAdCor+ACOLITE,20260430_ZRH,1,7,443,31,73.54,51.269999999999996,83.535,30.46,112.7,31,73.54,51.269999999999996,83.535,30.46,112.7,31,0.0018679377193036,0.00141211023844335,0.0021688114701448,0.0009757536937019,0.0026265622073419,31,0.0018679377193036,0.00141211023844335,0.0021688114701448,0.0009757536937019,0.0026265622073419,0,,,,,
C2RCC,20260430_ZRH,1,8,443,31,74.54,55.93,95.915,37.57,129.18,31,-74.54,-95.915,-55.93,-129.18,-37.57,31,0.0010907733556851,0.00093819344937915,0.00132029326526575,0.0006544751485691,0.0016448440611886,31,0.0010907733556851,0.00093819344937915,0.00132029326526575,0.0006544751485691,0.0016448440611886,0,,,,,
ACOLITE+T-Mart,20260430_ZRH,1,9,443,31,80.25,66.38499999999999,96.275,38.29,122.74,31,80.25,66.38499999999999,96.275,38.29,122.74,31,0.0020713123644354,0.0018427726663532,0.0023980457462414,0.0012266645681581,0.002860438726247,31,0.0020713123644354,0.0018427726663532,0.0023980457462414,0.0012266645681581,0.002860438726247,0,,,,,
GAAC,20260430_ZRH,1,10,443,31,83.51,75.08000000000001,103.32499999999999,31.9,133.22,31,-83.51,-103.32499999999999,-75.08000000000001,-133.22,-31.9,31,0.0011967503377404,0.0011098497038928498,0.0014232623511907499,0.0005434088160691,0.0017633226098736,31,0.0011967503377404,0.0011098497038928498,0.0014232623511907499,0.0005434088160691,0.0017633226098736,0,,,,,
C2RCC+T-Mart,20260430_ZRH,1,11,443,31,85.04,74.065,89.60499999999999,55.28,121.76,31,-85.04,-89.60499999999999,-74.065,-121.76,-55.28,31,0.0012146852286577,0.00104967141297095,0.0013454827736524,0.0007999439326085,0.0017587665722793,31,0.0012146852286577,0.00104967141297095,0.0013454827736524,0.0007999439326085,0.0017587665722793,0,,,,,
Polymer+T-Mart,20260430_ZRH,1,1,490,31,16.06,12.620000000000001,20.16,1.91,27.5,31,16.06,12.620000000000001,20.16,-2.23,27.5,31,0.0006193119268982,0.0004795809790046,0.0007090396988956,8.256260302408596e-05,0.0009423957601737,31,0.0006193119268982,0.0004795809790046,0.0007090396988956,8.256260302408596e-05,0.0009423957601737,0,,,,,
ACOLITE+RAdCor,20260430_ZRH,1,2,490,31,23.03,11.32,28.455,0.47,41.22,31,23.03,10.57,28.455,-22.14,41.22,31,0.0008085685797569,0.00042970576845555,0.00104485978221625,2.079393767237623e-05,0.0013932513909533,31,0.0008085685797569,0.00042970576845555,0.00104485978221625,2.079393767237623e-05,0.0013932513909533,0,,,,,
Polymer+Radcor,20260430_ZRH,1,3,490,31,28.77,25.325,34.89,10.81,43.4,31,28.77,25.325,34.89,10.81,43.4,31,0.0011113889798754,0.0009956284204304501,0.00122821136670535,0.0006183469207224,0.0014339252091225,31,0.0011113889798754,0.0009956284204304501,0.00122821136670535,0.0006183469207224,0.0014339252091225,0,,,,,
ACOLITE,20260430_ZRH,1,4,490,31,35.19,25.155,39.685,10.52,54.77,31,35.19,25.155,39.685,-11.06,54.77,31,0.0012908702731666,0.0009685553467847999,0.00145759954118355,0.0004542535698699,0.0018511105233922,31,0.0012908702731666,0.0009685553467847999,0.00145759954118355,0.0004542535698699,0.0018511105233922,0,,,,,
C2RCC,20260430_ZRH,1,5,490,31,37.56,27.765,47.94,16.91,98.73,31,-37.56,-47.94,-27.765,-98.73,-16.91,31,0.0010126715131557,0.0008122123658211001,0.0012494844908264502,0.0005035328711055,0.0028409138493232,31,0.0010126715131557,0.0008122123658211001,0.0012494844908264502,0.0005035328711055,0.0028409138493232,0,,,,,
C2RCC+RAdCor,20260430_ZRH,1,6,490,31,42.55,33.935,48.64,23.37,85.92,31,-42.55,-48.64,-33.935,-85.92,-23.37,31,0.001076905695051,0.0008908352046163,0.00127438282683755,0.0006266605568365,0.0026427372742215,31,0.001076905695051,0.0008908352046163,0.00127438282683755,0.0006266605568365,0.0026427372742215,0,,,,,
RAdCor+ACOLITE,20260430_ZRH,1,7,490,31,43.9,31.82,49.24,5.01,63.13,31,43.9,31.82,49.24,-5.01,63.13,31,0.0016922316602468,0.0011965563276584,0.0018043277208345501,0.0002730498776905,0.0021335564458861,31,0.0016922316602468,0.0011965563276584,0.0018043277208345501,0.0002730498776905,0.0021335564458861,0,,,,,
Polymer,20260430_ZRH,1,8,490,31,44.04,39.995000000000005,50.18,15.83,59.83,31,44.04,39.995000000000005,50.18,15.83,59.83,31,0.0016697185275779,0.00151302590237225,0.0018022995686865,0.0009049860070938,0.0019796349838788,31,0.0016697185275779,0.00151302590237225,0.0018022995686865,0.0009049860070938,0.0019796349838788,0,,,,,
GAAC,20260430_ZRH,1,9,490,31,44.64,40.120000000000005,50.8,24.25,103.53,31,-44.64,-50.8,-40.120000000000005,-103.53,-24.25,31,0.0011146818881897,0.00101019455992265,0.0012776661090646,0.0006457441765253,0.0029087891506494,31,0.0011146818881897,0.00101019455992265,0.0012776661090646,0.0006457441765253,0.0029087891506494,0,,,,,
ACOLITE+T-Mart,20260430_ZRH,1,10,490,31,51.1,39.985,56.295,3.19,70.77,31,51.1,39.985,56.295,3.19,70.77,31,0.0018570338391301,0.0015394889141448,0.00198655188888725,0.0001822816452808,0.0023916575962796,31,0.0018570338391301,0.0015394889141448,0.00198655188888725,0.0001822816452808,0.0023916575962796,0,,,,,
C2RCC+T-Mart,20260430_ZRH,1,11,490,31,59.69,55.765,64.50999999999999,44.6,93.34,31,-59.69,-64.50999999999999,-55.765,-93.34,-44.6,31,0.0013992138560043,0.0012553601822001999,0.0015473796516852,0.001020465133416,0.0027607421323467,31,0.0013992138560043,0.0012553601822001999,0.0015473796516852,0.001020465133416,0.0027607421323467,0,,,,,
Polymer+Radcor,20260430_ZRH,1,1,560,31,2.46,0.8250000000000001,4.48,0.08,54.01,31,-1.09,-3.55,0.36,-54.01,8.33,31,0.0001388014078806,4.4115028020081434e-05,0.0002392036359818,4.292727082796238e-06,0.0041086964824653,31,0.0001388014078806,4.4115028020081434e-05,0.0002392036359818,4.292727082796238e-06,0.0041086964824653,0,,,,,
ACOLITE+RAdCor,20260430_ZRH,1,2,560,31,4.74,2.14,11.605,0.09,102.12,31,-2.74,-11.605,0.415,-102.12,6.39,31,0.0002461390372626,0.00011380331685430001,0.0005877490735726,4.586657475233111e-06,0.0059195124816589,31,0.0002461390372626,0.00011380331685430001,0.0005877490735726,4.586657475233111e-06,0.0059195124816589,0,,,,,
Polymer+T-Mart,20260430_ZRH,1,3,560,31,9.43,7.77,12.225000000000001,1.58,68.95,31,-9.43,-12.225000000000001,-7.77,-68.95,-1.58,31,0.0004721328905631,0.00043759145439315004,0.00061279631391415,8.183106856962403e-05,0.0047816055929881,31,0.0004721328905631,0.00043759145439315004,0.00061279631391415,8.183106856962403e-05,0.0047816055929881,0,,,,,
Polymer,20260430_ZRH,1,4,560,31,9.47,8.125,11.555,1.1,49.57,31,9.45,7.785,11.035,-49.57,18.2,31,0.0005232417949319,0.00046006141746375,0.00063871973363265,6.998983012000606e-05,0.0038829981581377,31,0.0005232417949319,0.00046006141746375,0.00063871973363265,6.998983012000606e-05,0.0038829981581377,0,,,,,
RAdCor+ACOLITE,20260430_ZRH,1,5,560,31,14.6,6.58,17.875,0.29,73.26,31,14.55,3.92,17.485,-73.26,20.28,31,0.0007994873330938,0.00037999299917850003,0.00096255637870795,1.8121815981387776e-05,0.0049541021038286,31,0.0007994873330938,0.00037999299917850003,0.00096255637870795,1.8121815981387776e-05,0.0049541021038286,0,,,,,
ACOLITE,20260430_ZRH,1,6,560,31,15.23,8.530000000000001,18.465,0.92,71.64,31,14.45,7.77,17.89,-71.64,21.95,31,0.0008255831140079,0.0004928080607626,0.0010042624078074,6.12970351302625e-05,0.0048901565645329,31,0.0008255831140079,0.0004928080607626,0.0010042624078074,6.12970351302625e-05,0.0048901565645329,0,,,,,
ACOLITE+T-Mart,20260430_ZRH,1,7,560,31,15.97,9.155000000000001,19.46,0.35,66.87,31,15.63,8.175,18.47,-66.87,22.07,31,0.000878291326394,0.0005286469832483001,0.00104813096810395,2.237127200412775e-05,0.0046948572893135,31,0.000878291326394,0.0005286469832483001,0.00104813096810395,2.237127200412775e-05,0.0046948572893135,0,,,,,
GAAC,20260430_ZRH,1,8,560,31,19.91,14.785,24.064999999999998,11.42,131.74,31,-19.91,-24.064999999999998,-14.785,-131.74,-11.42,31,0.0009052665488939,0.0006957198818309,0.0010971819455232999,0.0005505568800071,0.0066605683999699,31,0.0009052665488939,0.0006957198818309,0.0010971819455232999,0.0005505568800071,0.0066605683999699,0,,,,,
C2RCC+T-Mart,20260430_ZRH,1,9,560,31,33.96,31.905,40.355,27.7,127.4,31,-33.96,-40.355,-31.905,-127.4,-27.7,31,0.0014209524711354,0.00130443633300515,0.00166027943535605,0.001182311693558,0.0065639235948077,31,0.0014209524711354,0.00130443633300515,0.00166027943535605,0.001182311693558,0.0065639235948077,0,,,,,
C2RCC,20260430_ZRH,1,10,560,31,34.03,29.255000000000003,36.39,24.44,140.38,31,-34.03,-36.39,-29.255000000000003,-140.38,-24.44,31,0.0014076631144871,0.0012377954631395999,0.0015265828580291502,0.0010333656511564,0.0068422807803613,31,0.0014076631144871,0.0012377954631395999,0.0015265828580291502,0.0010333656511564,0.0068422807803613,0,,,,,
C2RCC+RAdCor,20260430_ZRH,1,11,560,31,36.31,34.685,40.16,30.26,135.97,31,-36.31,-40.16,-34.685,-135.97,-30.26,31,0.0014653980496778,0.00139532073849405,0.00159748151998875,0.0012420724331655,0.0067510248284427,31,0.0014653980496778,0.00139532073849405,0.00159748151998875,0.0012420724331655,0.0067510248284427,0,,,,,
Polymer,20260430_ZRH,1,1,665,31,5.33,2.67,9.07,0.25,18.77,31,2.78,-2.21,6.255,-18.77,15.56,31,7.311413413717922e-05,3.959484882824467e-05,0.00012845274223205,3.520667134799356e-06,0.000286984836783,31,7.311413413717922e-05,3.959484882824467e-05,0.00012845274223205,3.520667134799356e-06,0.000286984836783,0,,,,,
Polymer+Radcor,20260430_ZRH,1,2,665,31,8.25,4.71,13.92,0.79,29.21,31,-7.56,-13.92,-3.545,-29.21,11.89,31,0.0001071307369015,6.0503176500099095e-05,0.00018793808013705,1.0472868028786522e-05,0.0004105355179941,31,0.0001071307369015,6.0503176500099095e-05,0.00018793808013705,1.0472868028786522e-05,0.0004105355179941,0,,,,,
Polymer+T-Mart,20260430_ZRH,1,3,665,31,10.46,6.5600000000000005,17.83,0.06,31.8,31,-10.46,-17.83,-6.5600000000000005,-31.8,0.06,31,0.00013496431873,8.25416223603565e-05,0.0002160853786896,7.255912174944801e-07,0.0004381032168433,31,0.00013496431873,8.25416223603565e-05,0.0002160853786896,7.255912174944801e-07,0.0004381032168433,0,,,,,
GAAC,20260430_ZRH,1,4,665,31,13.28,6.715,20.229999999999997,1.1,53.83,31,-1.1,-15.504999999999999,8.79,-53.83,21.88,31,0.0001764213307309,9.111539019558557e-05,0.00027521412656535,1.5128579919095489e-05,0.000767228843499,31,0.0001764213307309,9.111539019558557e-05,0.00027521412656535,1.5128579919095489e-05,0.000767228843499,0,,,,,
ACOLITE+RAdCor,20260430_ZRH,1,5,665,31,27.02,13.7,38.035,0.17,54.25,31,23.06,1.325,36.394999999999996,-45.28,54.25,31,0.0003617204328383,0.00018627311228244998,0.0005308366832858,2.2936777382492023e-06,0.0007464339867584,31,0.0003617204328383,0.00018627311228244998,0.0005308366832858,2.2936777382492023e-06,0.0007464339867584,0,,,,,
C2RCC+T-Mart,20260430_ZRH,1,6,665,31,34.08,24.549999999999997,39.150000000000006,15.04,63.38,31,-34.08,-39.150000000000006,-24.549999999999997,-63.38,-15.04,31,0.0003493787330461,0.00026640365544224997,0.00041022966404785004,0.0001688314357079,0.0008505776063668,31,0.0003493787330461,0.00026640365544224997,0.00041022966404785004,0.0001688314357079,0.0008505776063668,0,,,,,
ACOLITE,20260430_ZRH,1,7,665,31,43.97,21.87,50.43000000000001,0.69,72.39,31,43.97,21.87,50.43000000000001,-13.1,72.39,31,0.0005830076824258,0.00031682122652620004,0.0007469233465295,1.244334199744469e-05,0.0009649141230343,31,0.0005830076824258,0.00031682122652620004,0.0007469233465295,1.244334199744469e-05,0.0009649141230343,0,,,,,
RAdCor+ACOLITE,20260430_ZRH,1,8,665,31,49.92,18.32,60.135000000000005,3.4,77.92,31,49.92,18.32,60.135000000000005,-11.58,77.92,31,0.0006611260360906,0.00028263562700515,0.0008529353295367,5.940546168869726e-05,0.0010386180602668,31,0.0006611260360906,0.00028263562700515,0.0008529353295367,5.940546168869726e-05,0.0010386180602668,0,,,,,
ACOLITE+T-Mart,20260430_ZRH,1,9,665,31,57.89,35.515,64.755,0.35,86.3,31,57.89,35.515,64.755,-0.35,86.3,31,0.0007597983184586,0.00051440666583565,0.0009004273317411999,7.663436001062278e-06,0.0011502782818584,31,0.0007597983184586,0.00051440666583565,0.0009004273317411999,7.663436001062278e-06,0.0011502782818584,0,,,,,
C2RCC+RAdCor,20260430_ZRH,1,10,665,31,64.36,59.59,70.375,44.6,126.73,31,-64.36,-70.375,-59.59,-126.73,-44.6,31,0.0005431915080773,0.0005098779206375,0.0006211992647582,0.000384303793104,0.0012255652192973,31,0.0005431915080773,0.0005098779206375,0.0006211992647582,0.000384303793104,0.0012255652192973,0,,,,,
C2RCC,20260430_ZRH,1,11,665,31,66.06,60.605000000000004,75.68,44.55,119.51,31,-66.06,-75.68,-60.605000000000004,-119.51,-44.55,31,0.0005456140709431,0.0005133412328898,0.0006396805857846999,0.0003840159409476,0.0011937667459368,31,0.0005456140709431,0.0005133412328898,0.0006396805857846999,0.0003840159409476,0.0011937667459368,0,,,,,
Polymer+T-Mart,20260430_ZRH,1,1,overall,31,13.98,12.535,16.25,10.84,28.69,31,3.57,0.72,5.98,-11.32,12.95,31,0.00048,0.00044,0.000535,0.00038,0.0016,31,0.00055,0.00048,0.00063,0.0004,0.00246,31,7.9511893011533505,7.139495963131404,9.013524370356446,6.066098892361866,16.83585071591566
Polymer+Radcor,20260430_ZRH,1,2,overall,31,19.8,16.95,21.73,15.16,33.93,31,13.31,10.379999999999999,16.17,-2.52,25.35,31,0.00061,0.000565,0.0007,0.0005,0.00169,31,0.0008,0.000715,0.0009,0.00059,0.00226,31,8.736848636973289,8.364071115391019,9.583282099538897,7.026861783930228,17.827766509564295
ACOLITE+RAdCor,20260430_ZRH,1,3,overall,31,24.57,13.92,31.310000000000002,4.74,47.18,31,23.71,5.615,30.265,-33.21,47.18,31,0.00056,0.000415,0.00071,0.00026,0.00197,31,0.00067,0.000535,0.0008500000000000001,0.00035,0.00303,31,7.409995641887726,6.635244391502551,9.214453400623,4.592212620127407,16.097240025412432
Polymer,20260430_ZRH,1,4,overall,31,26.62,23.520000000000003,29.880000000000003,18.64,36.71,31,26.19,23.155,29.105,0.57,36.71,31,0.00093,0.00088,0.0010400000000000001,0.00064,0.00175,31,0.00115,0.00108,0.00129,0.0008,0.00222,31,8.915066746239216,8.213856252214537,10.100398955088323,7.050074886807989,18.190975213795987
GAAC,20260430_ZRH,1,5,overall,31,31.57,27.555,35.295,22.09,117.18,31,-31.57,-35.295,-26.895,-117.18,-21.49,31,0.00082,0.000755,0.00099,0.00053,0.00302,31,0.00094,0.000865,0.0011099999999999999,0.00062,0.00376,31,8.58922525773026,7.463169749323594,9.489395374175349,2.7505875577678744,11.99520939766935
ACOLITE,20260430_ZRH,1,6,overall,31,39.51,23.875,45.64,6.52,63.34,31,39.51,23.875,45.64,-12.08,63.34,31,0.00105,0.00075,0.00123,0.00028,0.00165,31,0.0011,0.000825,0.001305,0.00034,0.0025,31,6.6334180532300255,5.67559528022657,7.6340881114744725,3.6880210252557832,15.497000761911275
C2RCC+T-Mart,20260430_ZRH,1,7,overall,31,47.07,44.07,53.485,38.11,83.66,31,-47.07,-53.485,-44.07,-83.66,-38.11,31,0.00106,0.000985,0.001245,0.00083,0.00287,31,0.00115,0.00108,0.001335,0.00092,0.00365,31,6.3798914201352765,5.086450941791978,7.10010502437706,1.71133088996315,9.510772105873718
RAdCor+ACOLITE,20260430_ZRH,1,8,overall,31,48.68,27.06,54.89,8.25,70.36,31,48.68,25.65,54.89,-8.25,70.36,31,0.0013,0.000835,0.001455,0.00047,0.00172,31,0.00142,0.00099,0.001565,0.0006,0.00257,31,9.262384630263684,8.219939118755079,9.994913209844395,6.213508560395169,18.09730752955216
C2RCC,20260430_ZRH,1,9,overall,31,50.72,42.89,60.185,31.39,115.57,31,-50.72,-60.185,-42.89,-115.57,-31.39,31,0.001,0.0009,0.00115,0.00067,0.00313,31,0.00105,0.000955,0.0011949999999999999,0.00072,0.00384,31,4.823177513480015,4.138247406932142,6.187360475346482,2.80604103037318,9.08950308016908
C2RCC+RAdCor,20260430_ZRH,1,10,overall,31,50.92,44.375,57.855000000000004,36.46,105.32,31,-50.92,-57.855000000000004,-44.375,-105.32,-36.46,31,0.00104,0.00093,0.0011749999999999998,0.00079,0.00298,31,0.00109,0.001005,0.00124,0.00084,0.00373,31,3.960202002633212,3.3273189275159645,4.896352411484733,1.817151964992147,7.352516175877661
ACOLITE+T-Mart,20260430_ZRH,1,11,overall,31,55.37,38.45,60.05,16.37,78.36,31,55.37,38.45,60.05,1.4,78.36,31,0.00144,0.00112,0.001565,0.00063,0.00188,31,0.00156,0.0012799999999999999,0.0017100000000000001,0.00079,0.0025,31,10.485389768139148,9.500428464504042,11.317166096772933,7.68946024808697,19.23611509038568
ACOLITE+RAdCor,20260430_ZRH,2,1,443,62,24.015,14.04,36.7,0.95,62.49,62,24.015,13.844999999999999,36.7,-15.01,62.49,62,0.0005888439752227499,0.000362109593856475,0.000895853958641,2.4303504801392352e-05,0.0015526266642005,62,0.0005888439752227499,0.000362109593856475,0.000895853958641,2.4303504801392352e-05,0.0015526266642005,0,,,,,
Polymer+T-Mart,20260430_ZRH,2,2,443,62,30.72,22.155,38.8375,0.61,67.34,62,30.72,22.155,38.8375,0.61,67.34,62,0.0007793121422672,0.00058965678238365,0.000946074747331175,1.905166487913782e-05,0.0013636910012466,62,0.0007793121422672,0.00058965678238365,0.000946074747331175,1.905166487913782e-05,0.0013636910012466,0,,,,,
Polymer+Radcor,20260430_ZRH,2,3,443,62,45.375,37.515,56.3625,14.67,93.36,62,45.375,37.515,56.3625,14.67,93.36,62,0.0011635819891377,0.0010150119459478748,0.001401587762218975,0.0004569243018184,0.0020709861418214,62,0.0011635819891377,0.0010150119459478748,0.001401587762218975,0.0004569243018184,0.0020709861418214,0,,,,,
ACOLITE,20260430_ZRH,2,4,443,62,50.425,37.4675,63.66,14.5,95.64,62,50.425,37.4675,63.66,14.5,95.64,62,0.0012850105368313498,0.0010408684152523001,0.00152177037398055,0.0004092676983693,0.0019144680933165,62,0.0012850105368313498,0.0010408684152523001,0.00152177037398055,0.0004092676983693,0.0019144680933165,0,,,,,
C2RCC+RAdCor,20260430_ZRH,2,5,443,62,59.269999999999996,46.19,72.16749999999999,21.42,109.06,62,-59.269999999999996,-72.16749999999999,-46.19,-109.06,-21.42,62,0.000951046042347,0.0007919631315247,0.001097600739121225,0.0003265146150015,0.0016247402288148,62,0.000951046042347,0.0007919631315247,0.001097600739121225,0.0003265146150015,0.0016247402288148,0,,,,,
Polymer,20260430_ZRH,2,6,443,62,62.12,53.3,74.235,25.75,109.89,62,62.12,53.3,74.235,25.75,109.89,62,0.0015833298231228,0.001396276924657325,0.001816887784845725,0.0008018435188187,0.0022905201018434,62,0.0015833298231228,0.001396276924657325,0.001816887784845725,0.0008018435188187,0.0022905201018434,0,,,,,
RAdCor+ACOLITE,20260430_ZRH,2,7,443,62,64.64500000000001,49.2125,77.7775,21.37,109.73,62,64.64500000000001,49.2125,77.7775,21.37,109.73,62,0.0016172742290058999,0.0013724041778560999,0.00186942468871795,0.00060342796608,0.0024408588059337,62,0.0016172742290058999,0.0013724041778560999,0.00186942468871795,0.00060342796608,0.0024408588059337,0,,,,,
C2RCC,20260430_ZRH,2,8,443,62,66.56,46.1575,83.8325,13.59,112.35,62,-66.56,-83.8325,-46.1575,-112.35,-13.59,62,0.00100660605594245,0.00079009508215045,0.0012083258764364248,0.0002235359937485,0.0015589935808451,62,0.00100660605594245,0.00079009508215045,0.0012083258764364248,0.0002235359937485,0.0015589935808451,0,,,,,
C2RCC+T-Mart,20260430_ZRH,2,9,443,62,75.61500000000001,66.89750000000001,91.52250000000001,30.3,125.97,62,-75.61500000000001,-91.52250000000001,-66.89750000000001,-125.97,-30.3,62,0.0011294107183808999,0.0009968090033261,0.00128450015139715,0.0004345191735439,0.0018145331936363,62,0.0011294107183808999,0.0009968090033261,0.00128450015139715,0.0004345191735439,0.0018145331936363,0,,,,,
ACOLITE+T-Mart,20260430_ZRH,2,10,443,62,77.6,62.160000000000004,91.78,35.72,124.46,62,77.6,62.160000000000004,91.78,35.72,124.46,62,0.00196151258482695,0.001683037620364525,0.00223752962447195,0.0010085020632961,0.0026779558383018,62,0.00196151258482695,0.001683037620364525,0.00223752962447195,0.0010085020632961,0.0026779558383018,0,,,,,
GAAC,20260430_ZRH,2,11,443,62,80.215,62.75,92.53,35.45,131.38,62,-80.215,-92.53,-62.75,-131.38,-35.45,62,0.00116480348443625,0.00091749892200295,0.0012870418317186502,0.000489105547356,0.0017684128429771,62,0.00116480348443625,0.00091749892200295,0.0012870418317186502,0.000489105547356,0.0017684128429771,0,,,,,
ACOLITE+RAdCor,20260430_ZRH,2,1,490,62,20.325,12.5825,25.5475,1.7,43.34,62,20.325,12.5825,25.5475,-4.95,43.34,62,0.0006635770607745001,0.0004341509046866,0.0008799063866727249,5.92029605408907e-05,0.0015053074056565,62,0.0006635770607745001,0.0004341509046866,0.0008799063866727249,5.92029605408907e-05,0.0015053074056565,0,,,,,
Polymer+T-Mart,20260430_ZRH,2,2,490,62,22.94,18.2475,28.9275,5.72,45.13,62,22.94,18.2475,28.9275,5.72,45.13,62,0.0008191565575697501,0.000652960186319125,0.000985149666965975,0.0002193278932358,0.00139372397186,62,0.0008191565575697501,0.000652960186319125,0.000985149666965975,0.0002193278932358,0.00139372397186,0,,,,,
C2RCC,20260430_ZRH,2,3,490,62,28.965,17.2725,38.445,0.49,50.59,62,-28.965,-38.445,-17.2725,-50.59,-0.49,62,0.00079275317128295,0.000482762925261075,0.0009800634477316749,1.4012598693292737e-05,0.0013000476370268,62,0.00079275317128295,0.000482762925261075,0.0009800634477316749,1.4012598693292737e-05,0.0013000476370268,0,,,,,
C2RCC+RAdCor,20260430_ZRH,2,4,490,62,33.845,25.512500000000003,39.205,13.28,57.41,62,-33.845,-39.205,-25.512500000000003,-57.41,-13.28,62,0.0008690236909412,0.00068577133778895,0.001024552646809,0.0003376417247377,0.0013989432832155,62,0.0008690236909412,0.00068577133778895,0.001024552646809,0.0003376417247377,0.0013989432832155,0,,,,,
ACOLITE,20260430_ZRH,2,5,490,62,35.900000000000006,28.495,41.635000000000005,13.56,54.86,62,35.900000000000006,28.495,41.635000000000005,13.56,54.86,62,0.0012304123686064,0.0010291183378006502,0.001416593686721775,0.0004828764394292,0.0018889843667209,62,0.0012304123686064,0.0010291183378006502,0.001416593686721775,0.0004828764394292,0.0018889843667209,0,,,,,
Polymer+Radcor,20260430_ZRH,2,6,490,62,37.13,33.6475,43.66,19.37,64.28,62,37.13,33.6475,43.66,19.37,64.28,62,0.0013107610746732,0.0012103294588641,0.0015148334720604,0.0007428547783369,0.0022630398558636,62,0.0013107610746732,0.0012103294588641,0.0015148334720604,0.0007428547783369,0.0022630398558636,0,,,,,
GAAC,20260430_ZRH,2,7,490,62,38.36,33.2675,45.730000000000004,20.47,62.21,62,-38.36,-45.730000000000004,-33.2675,-62.21,-20.47,62,0.0009822074182246,0.0008397409134114999,0.00112797242306475,0.0005185585914162,0.0015671283026309,62,0.0009822074182246,0.0008397409134114999,0.00112797242306475,0.0005185585914162,0.0015671283026309,0,,,,,
RAdCor+ACOLITE,20260430_ZRH,2,8,490,62,42.81,33.9,50.230000000000004,18.15,65.68,62,42.81,33.9,50.230000000000004,18.15,65.68,62,0.0014780597313722998,0.001261304991553375,0.0017011547745284998,0.0006464059733221,0.002259630749468,62,0.0014780597313722998,0.001261304991553375,0.0017011547745284998,0.0006464059733221,0.002259630749468,0,,,,,
C2RCC+T-Mart,20260430_ZRH,2,9,490,62,50.43,44.412499999999994,58.9,26.07,78.47,62,-50.43,-58.9,-44.412499999999994,-78.47,-26.07,62,0.00118767910765795,0.0010514615535225,0.0013234383286685998,0.0006002175239117,0.0017964950373702,62,0.00118767910765795,0.0010514615535225,0.0013234383286685998,0.0006002175239117,0.0017964950373702,0,,,,,
ACOLITE+T-Mart,20260430_ZRH,2,10,490,62,51.29,42.464999999999996,56.915,27.16,69.31,62,51.29,42.464999999999996,56.915,27.16,69.31,62,0.0017271864258414,0.00155075565849225,0.00193653011389735,0.0009672405466804,0.0024072155537366,62,0.0017271864258414,0.00155075565849225,0.00193653011389735,0.0009672405466804,0.0024072155537366,0,,,,,
Polymer,20260430_ZRH,2,11,490,62,52.155,47.3375,59.9875,32.01,82.36,62,52.155,47.3375,59.9875,32.01,82.36,62,0.00185752691363455,0.0017211147277698751,0.0020570199398164003,0.0012277095711022,0.0025765840771609,62,0.00185752691363455,0.0017211147277698751,0.0020570199398164003,0.0012277095711022,0.0025765840771609,0,,,,,
Polymer+T-Mart,20260430_ZRH,2,1,560,62,4.0,2.0225,7.235,0.46,20.46,62,-4.0,-7.235,-2.0225,-20.46,1.68,62,0.0002058583271746,0.000109538297023925,0.000364452978677275,2.417101256867865e-05,0.0010301380061951,62,0.0002058583271746,0.000109538297023925,0.000364452978677275,2.417101256867865e-05,0.0010301380061951,0,,,,,
Polymer+Radcor,20260430_ZRH,2,2,560,62,4.3149999999999995,1.845,6.08,0.14,11.4,62,4.015000000000001,1.58,5.9399999999999995,-8.48,11.4,62,0.0002296360732945,9.686094453064474e-05,0.0003350251429301,7.88483197984493e-06,0.0006890818537885,62,0.0002296360732945,9.686094453064474e-05,0.0003350251429301,7.88483197984493e-06,0.0006890818537885,0,,,,,
ACOLITE+RAdCor,20260430_ZRH,2,3,560,62,5.54,3.455,9.015,0.03,27.69,62,-5.015000000000001,-8.65,-0.14500000000000002,-27.69,9.57,62,0.00029276971467045,0.00018199149513435,0.0004628932297543,1.3645737562181098e-06,0.0013149558759756,62,0.00029276971467045,0.00018199149513435,0.0004628932297543,1.3645737562181098e-06,0.0013149558759756,0,,,,,
RAdCor+ACOLITE,20260430_ZRH,2,4,560,62,12.14,8.795,16.740000000000002,1.48,26.43,62,12.14,8.5,16.740000000000002,-10.36,26.43,62,0.00066425061358855,0.00048266584845082497,0.00090133684942885,8.125220460295651e-05,0.0013845534722456,62,0.00066425061358855,0.00048266584845082497,0.00090133684942885,8.125220460295651e-05,0.0013845534722456,0,,,,,
ACOLITE,20260430_ZRH,2,5,560,62,13.825,10.785,18.03,2.54,27.02,62,13.825,10.785,18.03,-4.16,27.02,62,0.0007617389964319,0.000597740387540275,0.0009793848222204751,0.000139511088258,0.0014185313444178,62,0.0007617389964319,0.000597740387540275,0.0009793848222204751,0.000139511088258,0.0014185313444178,0,,,,,
ACOLITE+T-Mart,20260430_ZRH,2,6,560,62,14.364999999999998,10.8325,18.2675,2.86,27.06,62,14.364999999999998,10.8325,18.2675,-4.51,27.06,62,0.00078009042309625,0.000607433178364675,0.00099898510526485,0.0001570930614829,0.0014177220600793,62,0.00078009042309625,0.000607433178364675,0.00099898510526485,0.0001570930614829,0.0014177220600793,0,,,,,
Polymer,20260430_ZRH,2,7,560,62,14.41,11.885,16.8525,1.42,22.07,62,14.41,11.885,16.8525,1.42,22.07,62,0.0008028124923262,0.0006260998006660751,0.000911138291121,8.612479020629008e-05,0.0011909910464944,62,0.0008028124923262,0.0006260998006660751,0.000911138291121,8.612479020629008e-05,0.0011909910464944,0,,,,,
GAAC,20260430_ZRH,2,8,560,62,16.35,14.025,19.634999999999998,8.63,37.45,62,-16.35,-19.634999999999998,-14.025,-37.45,-8.63,62,0.00078447079321055,0.00066807251693245,0.0008944665999653,0.0004163923510682,0.0016523800975506,62,0.00078447079321055,0.00066807251693245,0.0008944665999653,0.0004163923510682,0.0016523800975506,0,,,,,
C2RCC,20260430_ZRH,2,9,560,62,28.509999999999998,25.9375,30.372500000000002,19.33,47.85,62,-28.509999999999998,-30.372500000000002,-25.9375,-47.85,-19.33,62,0.00122312266796775,0.00109142522835695,0.00127816166635925,0.0008507833680406,0.0019625744430831,62,0.00122312266796775,0.00109142522835695,0.00127816166635925,0.0008507833680406,0.0019625744430831,0,,,,,
C2RCC+T-Mart,20260430_ZRH,2,10,560,62,31.645,28.1475,34.817499999999995,21.33,47.34,62,-31.645,-34.817499999999995,-28.1475,-47.34,-21.33,62,0.0013208429433362,0.001202462044028975,0.0013970556546632502,0.0009489024772835,0.0019483854958503,62,0.0013208429433362,0.001202462044028975,0.0013970556546632502,0.0009489024772835,0.0019483854958503,0,,,,,
C2RCC+RAdCor,20260430_ZRH,2,11,560,62,32.22,30.625,35.6925,22.59,56.16,62,-32.22,-35.6925,-30.625,-56.16,-22.59,62,0.00134406348345915,0.00126139325276665,0.001423970283358575,0.0009944984367311,0.0021810094659848,62,0.00134406348345915,0.00126139325276665,0.001423970283358575,0.0009944984367311,0.0021810094659848,0,,,,,
Polymer+Radcor,20260430_ZRH,2,1,665,62,4.3,2.59,5.93,0.11,17.91,62,-2.325,-5.4325,3.14,-17.91,11.94,62,5.9627859381398214e-05,3.571770696861841e-05,8.001280402110698e-05,1.6437770094532636e-06,0.0002530270906661,62,5.9627859381398214e-05,3.571770696861841e-05,8.001280402110698e-05,1.6437770094532636e-06,0.0002530270906661,0,,,,,
Polymer+T-Mart,20260430_ZRH,2,2,665,62,5.925000000000001,2.4749999999999996,9.927499999999998,0.09,23.19,62,-3.985,-9.829999999999998,-0.4,-23.19,9.59,62,7.991376639852367e-05,3.576214338137936e-05,0.000125520102319025,1.3675016260652866e-06,0.0003135830616708,62,7.991376639852367e-05,3.576214338137936e-05,0.000125520102319025,1.3675016260652866e-06,0.0003135830616708,0,,,,,
Polymer,20260430_ZRH,2,3,665,62,9.0,3.7824999999999998,11.9625,0.12,22.5,62,8.370000000000001,3.7624999999999997,11.9625,-10.76,22.5,62,0.00012940388940059998,5.231047438482891e-05,0.00016600315301477502,1.770609620574187e-06,0.0002939702246463,62,0.00012940388940059998,5.231047438482891e-05,0.00016600315301477502,1.770609620574187e-06,0.0002939702246463,0,,,,,
GAAC,20260430_ZRH,2,4,665,62,9.115,3.6425,17.737499999999997,0.2,38.5,62,-2.255,-11.8775,4.16,-38.5,22.39,62,0.0001233323309471,4.946640182455005e-05,0.000220741591026125,2.6635478460792367e-06,0.0004338322262315,62,0.0001233323309471,4.946640182455005e-05,0.000220741591026125,2.6635478460792367e-06,0.0004338322262315,0,,,,,
ACOLITE+RAdCor,20260430_ZRH,2,5,665,62,14.530000000000001,6.3825,26.7225,0.08,55.99,62,10.075,0.007500000000000007,24.115,-42.02,55.99,62,0.00019872393473185002,8.900131044282017e-05,0.000374044003578075,1.107306508660224e-06,0.0007272428758097,62,0.00019872393473185002,8.900131044282017e-05,0.000374044003578075,1.107306508660224e-06,0.0007272428758097,0,,,,,
C2RCC+T-Mart,20260430_ZRH,2,6,665,62,26.055,21.509999999999998,30.6825,4.3,42.01,62,-26.055,-30.6825,-21.509999999999998,-42.01,-4.3,62,0.00028224290802575,0.00023779268353735,0.000334152555835525,5.936748257135576e-05,0.0004927940038584,62,0.00028224290802575,0.00023779268353735,0.000334152555835525,5.936748257135576e-05,0.0004927940038584,0,,,,,
ACOLITE,20260430_ZRH,2,7,665,62,32.16,22.8125,44.932500000000005,0.04,74.5,62,32.16,22.8125,44.932500000000005,-7.43,74.5,62,0.0004537725405103,0.000321678896280525,0.0006044845855972751,7.103980284332498e-07,0.0009676377214146,62,0.0004537725405103,0.000321678896280525,0.0006044845855972751,7.103980284332498e-07,0.0009676377214146,0,,,,,
RAdCor+ACOLITE,20260430_ZRH,2,8,665,62,36.209999999999994,22.7675,50.3,2.66,81.34,62,36.209999999999994,22.7675,50.3,-12.65,81.34,62,0.00050424274723115,0.00032824309692615,0.000687078786973325,4.045859022903443e-05,0.0010593577125637,62,0.00050424274723115,0.00032824309692615,0.000687078786973325,4.045859022903443e-05,0.0010593577125637,0,,,,,
ACOLITE+T-Mart,20260430_ZRH,2,9,665,62,46.86,35.6575,58.934999999999995,0.55,83.69,62,46.86,35.6575,58.934999999999995,0.55,83.69,62,0.00065151284092695,0.0005065051944999,0.00079883856870485,8.526532473981377e-06,0.0010870351381255,62,0.00065151284092695,0.0005065051944999,0.00079883856870485,8.526532473981377e-06,0.0010870351381255,0,,,,,
C2RCC,20260430_ZRH,2,10,665,62,58.45,53.3375,65.68,43.99,98.16,62,-58.45,-65.68,-53.3375,-98.16,-43.99,62,0.00050229371602005,0.000462546090541725,0.0005907685172776001,0.0003932458780149,0.0008252248543626,62,0.00050229371602005,0.000462546090541725,0.0005907685172776001,0.0003932458780149,0.0008252248543626,0,,,,,
C2RCC+RAdCor,20260430_ZRH,2,11,665,62,59.31,54.2,64.935,44.52,103.24,62,-59.31,-64.935,-54.2,-103.24,-44.52,62,0.0005139438925161,0.00047609878023975003,0.0005771299317626751,0.0003965332771144,0.0008462328739211,62,0.0005139438925161,0.00047609878023975003,0.0005771299317626751,0.0003965332771144,0.0008462328739211,0,,,,,
Polymer+T-Mart,20260430_ZRH,2,1,overall,62,14.685,12.7775,16.7575,5.86,24.86,62,9.254999999999999,5.77,13.4675,-4.21,24.86,62,0.00048499999999999997,0.0004125,0.00054,0.00022,0.00072,62,0.000595,0.0004825,0.000705,0.00027,0.00098,62,7.854256114112558,6.4932199632717555,9.011960280965086,3.846917137322457,12.292060717935678
ACOLITE+RAdCor,20260430_ZRH,2,2,overall,62,16.53,11.442499999999999,22.475,2.91,48.9,62,13.18,7.2524999999999995,22.475,-17.35,48.9,62,0.00043,0.0003325,0.0005375,0.00017,0.00104,62,0.000495,0.00036,0.000665,0.00024,0.00114,62,6.648661030509246,5.2884581442318535,8.143113972229795,2.675012945256161,10.53534063997198
Polymer+Radcor,20260430_ZRH,2,3,overall,62,20.725,17.89,24.1025,13.89,35.13,62,19.29,16.557499999999997,23.4725,6.4,35.13,62,0.000675,0.00061,0.0008175,0.00036,0.00126,62,0.00089,0.0008025,0.00104,0.00045,0.00157,62,8.884474467567477,7.924241499641598,10.06895160459652,5.3392395859700725,13.808080335050333
GAAC,20260430_ZRH,2,4,overall,62,27.695,24.2425,32.122499999999995,17.03,49.34,62,-27.255,-32.122499999999995,-23.200000000000003,-49.34,-14.58,62,0.00075,0.00064,0.0008575,0.00047,0.00112,62,0.00086,0.000715,0.0009825,0.00052,0.00126,62,8.052176119210056,6.907865613769017,9.326469623123774,2.6694294787057005,12.194239469343236
Polymer,20260430_ZRH,2,5,overall,62,32.575,29.2025,36.432500000000005,17.58,45.56,62,32.575,28.97,36.432500000000005,17.58,45.56,62,0.00107,0.0009725000000000001,0.0012425000000000001,0.00064,0.00152,62,0.00127,0.00117,0.00144,0.00078,0.00181,62,9.128319877815848,8.011102099452966,9.97796903657905,5.037700467133366,13.96823414591979
ACOLITE,20260430_ZRH,2,6,overall,62,34.28,25.465,40.625,10.45,63.59,62,34.28,25.465,40.625,7.91,63.59,62,0.00094,0.0007725,0.0010775,0.00028,0.00153,62,0.001,0.0008325,0.0011675000000000001,0.00033,0.00158,62,6.277742355022883,4.923644753107967,7.450335391744028,1.9586007870830484,11.304248031536448
RAdCor+ACOLITE,20260430_ZRH,2,7,overall,62,38.44,30.555,49.555,10.13,73.33,62,38.44,30.555,49.555,5.74,73.33,62,0.0011,0.0009025,0.001265,0.00034,0.00179,62,0.00118,0.0010025,0.00139,0.00044,0.00188,62,8.560842950183131,7.260459864669037,10.045499155470928,4.2825068378617175,13.21713668456293
C2RCC+T-Mart,20260430_ZRH,2,8,overall,62,41.485,36.8525,46.1425,27.58,58.34,62,-41.485,-46.1425,-36.8525,-58.34,-27.58,62,0.00097,0.00088,0.0010674999999999999,0.0006,0.00141,62,0.00105,0.00096,0.00115,0.00074,0.00153,62,5.611359922192054,4.837553905387715,7.223779034174151,1.5392299469875064,10.036596494921527
C2RCC,20260430_ZRH,2,9,overall,62,41.955,35.5325,48.46,20.36,61.51,62,-41.955,-48.46,-35.5325,-61.51,-20.36,62,0.000855,0.0007275000000000001,0.0010175000000000002,0.00046,0.00127,62,0.000895,0.000795,0.00105,0.00054,0.00132,62,5.348124416629523,4.33167605945064,6.364100862320993,3.207909727165456,8.719872414869647
C2RCC+RAdCor,20260430_ZRH,2,10,overall,62,43.769999999999996,38.855000000000004,50.975,27.57,66.82,62,-43.769999999999996,-50.975,-38.855000000000004,-66.82,-27.57,62,0.000925,0.0008125,0.001015,0.00066,0.0013,62,0.00099,0.0008625,0.0010574999999999998,0.00071,0.00136,62,4.151377389687644,3.425295668304957,4.846712417031833,2.5060400669035388,7.64371651934103
ACOLITE+T-Mart,20260430_ZRH,2,11,overall,62,48.36,40.9525,56.08,14.36,76.36,62,48.36,40.9525,56.08,14.36,76.36,62,0.0012799999999999999,0.00111,0.0014575,0.00054,0.00188,62,0.0014,0.00124,0.00158,0.0007,0.002,62,9.99530646567865,8.525550345781843,11.159047022036756,5.590640395619526,14.720466755015396
Polymer+T-Mart,20260430_ZRH,3,1,443,27,30.82,14.93,48.8,0.76,80.37,27,30.82,14.93,48.8,-12.43,80.37,27,0.0006818506236812,0.00038713487380515,0.0009911470023777,2.194730197025005e-05,0.0012884816850367,27,0.0006818506236812,0.00038713487380515,0.0009911470023777,2.194730197025005e-05,0.0012884816850367,0,,,,,
ACOLITE+RAdCor,20260430_ZRH,3,2,443,27,35.53,18.384999999999998,49.69,5.13,95.24,27,35.53,16.785,49.69,-18.96,95.24,27,0.0007900116723275,0.00048658826854204996,0.0009871618806272,0.0001486808107862,0.0015267432606152,27,0.0007900116723275,0.00048658826854204996,0.0009871618806272,0.0001486808107862,0.0015267432606152,0,,,,,
Polymer+Radcor,20260430_ZRH,3,3,443,27,44.22,28.015,65.16,2.14,99.41,27,44.22,28.015,65.16,2.14,99.41,27,0.0009831810490096,0.00072414236495955,0.00133240500026735,7.272453761777379e-05,0.0016484656416835,27,0.0009831810490096,0.00072414236495955,0.00133240500026735,7.272453761777379e-05,0.0016484656416835,0,,,,,
Polymer,20260430_ZRH,3,4,443,27,59.92,42.34,82.625,7.54,120.09,27,59.92,42.34,82.625,7.54,120.09,27,0.0014033913713679,0.0010934627588638501,0.00169068117986915,0.000256633310004,0.0019650650705836,27,0.0014033913713679,0.0010934627588638501,0.00169068117986915,0.000256633310004,0.0019650650705836,0,,,,,
ACOLITE,20260430_ZRH,3,5,443,27,66.9,40.995000000000005,84.13,7.39,129.94,27,66.9,40.995000000000005,84.13,7.39,129.94,27,0.0015454956332386,0.0011688459290835,0.00173106366438685,0.0002514974496413,0.0020830420250377,27,0.0015454956332386,0.0011688459290835,0.00173106366438685,0.0002514974496413,0.0020830420250377,0,,,,,
C2RCC+T-Mart,20260430_ZRH,3,6,443,27,77.42,54.47,101.385,26.45,153.43,27,-77.42,-101.385,-54.47,-153.43,-26.45,27,0.0009651157375019,0.0007167813014375001,0.0013355423137382,0.0003352951456362,0.0020561216591414,27,0.0009651157375019,0.0007167813014375001,0.0013355423137382,0.0003352951456362,0.0020561216591414,0,,,,,
C2RCC+RAdCor,20260430_ZRH,3,7,443,27,79.87,58.09,109.245,33.89,171.73,27,-79.87,-109.245,-58.09,-171.73,-33.89,27,0.0009873827026271,0.0007436876953591,0.00136408369777175,0.000405808177678,0.0021518861584555,27,0.0009873827026271,0.0007436876953591,0.00136408369777175,0.000405808177678,0.0021518861584555,0,,,,,
RAdCor+ACOLITE,20260430_ZRH,3,8,443,27,83.23,52.025000000000006,96.33000000000001,15.49,150.07,27,83.23,52.025000000000006,96.33000000000001,15.49,150.07,27,0.0018293816436591,0.0014165990166104502,0.0020243520805291997,0.0005273717272181,0.0024058128180286,27,0.0018293816436591,0.0014165990166104502,0.0020243520805291997,0.0005273717272181,0.0024058128180286,0,,,,,
C2RCC,20260430_ZRH,3,9,443,27,86.73,68.32,122.475,29.51,203.76,27,-86.73,-122.475,-68.32,-203.76,-29.51,27,0.0010105446687778,0.00081055896369465,0.0014773594062273,0.0004596274794886,0.0022127922359449,27,0.0010105446687778,0.00081055896369465,0.0014773594062273,0.0004596274794886,0.0022127922359449,0,,,,,
ACOLITE+T-Mart,20260430_ZRH,3,10,443,27,93.89,62.03,110.805,23.71,168.44,27,93.89,62.03,110.805,23.71,168.44,27,0.0020866818262429,0.00171652741215105,0.0022804309441325,0.0008074027302761,0.002700358483412,27,0.0020866818262429,0.00171652741215105,0.0022804309441325,0.0008074027302761,0.002700358483412,0,,,,,
GAAC,20260430_ZRH,3,11,443,27,115.29,99.595,156.925,56.46,290.61,27,-115.29,-156.925,-99.595,-290.61,-56.46,27,0.0011778581103377,0.00097738469615325,0.0015799533527858,0.0006121090167445,0.0025332592126696,27,0.0011778581103377,0.00097738469615325,0.0015799533527858,0.0006121090167445,0.0025332592126696,0,,,,,
ACOLITE+RAdCor,20260430_ZRH,3,1,490,27,15.02,8.190000000000001,21.590000000000003,1.44,37.06,27,15.02,6.8100000000000005,21.590000000000003,-12.67,37.06,27,0.0005228450477771,0.00026279145263515,0.00062881922147195,5.557605912232411e-05,0.0011621140670108,27,0.0005228450477771,0.00026279145263515,0.00062881922147195,5.557605912232411e-05,0.0011621140670108,0,,,,,
Polymer+T-Mart,20260430_ZRH,3,2,490,27,27.4,18.955,40.79,3.64,56.26,27,27.4,18.955,40.79,3.64,56.26,27,0.0008645419837881,0.00066049511322955,0.00120175446733165,0.0001363972719075,0.0015442977089777,27,0.0008645419837881,0.00066049511322955,0.00120175446733165,0.0001363972719075,0.0015442977089777,0,,,,,
ACOLITE,20260430_ZRH,3,3,490,27,34.43,25.83,44.55,6.38,56.54,27,34.43,25.83,44.55,6.38,56.54,27,0.0011293628208987,0.00085425708347105,0.0013035419443471,0.0002487250935587,0.0015436919950778,27,0.0011293628208987,0.00085425708347105,0.0013035419443471,0.0002487250935587,0.0015436919950778,0,,,,,
Polymer+Radcor,20260430_ZRH,3,4,490,27,40.54,32.495,55.595,16.83,70.12,27,40.54,32.495,55.595,16.83,70.12,27,0.0013243023028671,0.0011101564758006,0.0016423152880286002,0.0006300343717111,0.0019134942094782,27,0.0013243023028671,0.0011101564758006,0.0016423152880286002,0.0006300343717111,0.0019134942094782,0,,,,,
RAdCor+ACOLITE,20260430_ZRH,3,5,490,27,40.94,32.215,50.965,8.7,64.78,27,40.94,32.215,50.965,8.7,64.78,27,0.001295805230108,0.0010651446031137001,0.0015276070675131499,0.000339432187036,0.0016827905227713,27,0.001295805230108,0.0010651446031137001,0.0015276070675131499,0.000339432187036,0.0016827905227713,0,,,,,
C2RCC,20260430_ZRH,3,6,490,27,42.49,32.13,57.33,7.88,97.33,27,-42.49,-57.33,-32.13,-97.33,-7.88,27,0.0009210067212248,0.00068117723616115,0.0012634954234176,0.0002156569444457,0.0018906228329385,27,0.0009210067212248,0.00068117723616115,0.0012634954234176,0.0002156569444457,0.0018906228329385,0,,,,,
ACOLITE+T-Mart,20260430_ZRH,3,7,490,27,46.49,37.925,56.275,14.91,73.38,27,46.49,37.925,56.275,14.91,73.38,27,0.0015224797069554,0.00126692573685795,0.0016488997256633498,0.0005816244852099,0.001964119876259,27,0.0015224797069554,0.00126692573685795,0.0016488997256633498,0.0005816244852099,0.001964119876259,0,,,,,
C2RCC+RAdCor,20260430_ZRH,3,8,490,27,47.86,31.525,58.96,21.81,86.51,27,-47.86,-58.96,-31.525,-86.51,-21.81,27,0.0009997230209387,0.00073430647401,0.00129522466603035,0.0005287311455638,0.0017360200853442,27,0.0009997230209387,0.00073430647401,0.00129522466603035,0.0005287311455638,0.0017360200853442,0,,,,,
Polymer,20260430_ZRH,3,9,490,27,55.77,44.595,70.425,27.72,86.88,27,55.77,44.595,70.425,27.72,86.88,27,0.0017255433575637,0.0015645178924278999,0.00208209676983135,0.0010374477444727,0.0023407435307741,27,0.0017255433575637,0.0015645178924278999,0.00208209676983135,0.0010374477444727,0.0023407435307741,0,,,,,
C2RCC+T-Mart,20260430_ZRH,3,10,490,27,55.81,38.18,65.11,25.67,87.03,27,-55.81,-65.11,-38.18,-87.03,-25.67,27,0.0011156519936618,0.0008202014270286501,0.00132228891377075,0.000530593779056,0.0017415881421187,27,0.0011156519936618,0.0008202014270286501,0.00132228891377075,0.000530593779056,0.0017415881421187,0,,,,,
GAAC,20260430_ZRH,3,11,490,27,76.98,63.085,87.99,23.98,133.98,27,-76.98,-87.99,-63.085,-133.98,-23.98,27,0.0013516011154505,0.00116450994874255,0.0015642262242595499,0.0005698614854242,0.0022331998024997,27,0.0013516011154505,0.00116450994874255,0.0015642262242595499,0.0005698614854242,0.0022331998024997,0,,,,,
Polymer+T-Mart,20260430_ZRH,3,1,560,27,5.01,2.14,5.845,0.4,9.89,27,0.94,-5.1850000000000005,4.49,-7.51,9.89,27,0.0002820059268853,0.00012998315662545,0.00034681289932595,2.388758874329392e-05,0.0006218155932233,27,0.0002820059268853,0.00012998315662545,0.00034681289932595,2.388758874329392e-05,0.0006218155932233,0,,,,,
Polymer+Radcor,20260430_ZRH,3,2,560,27,5.92,3.0700000000000003,10.26,0.13,14.16,27,5.92,3.0700000000000003,10.26,-0.13,14.16,27,0.0003511935539043,0.0001713337668493,0.00061702751046345,7.768234337593612e-06,0.0008903220688841,27,0.0003511935539043,0.0001713337668493,0.00061702751046345,7.768234337593612e-06,0.0008903220688841,0,,,,,
ACOLITE+RAdCor,20260430_ZRH,3,3,560,27,8.43,6.94,10.975,1.53,18.46,27,-8.43,-10.975,-6.94,-18.46,1.53,27,0.0004617527101058,0.00036065021365914995,0.0006106871528408001,8.384453904223405e-05,0.0009605020124237,27,0.0004617527101058,0.00036065021365914995,0.0006106871528408001,8.384453904223405e-05,0.0009605020124237,0,,,,,
RAdCor+ACOLITE,20260430_ZRH,3,4,560,27,8.55,5.525,9.84,0.26,11.72,27,8.55,5.525,9.84,-0.35,11.72,27,0.0004919830490186,0.00033253676532015,0.0005658291398155,1.813189751911133e-05,0.0006386014186339,27,0.0004919830490186,0.00033253676532015,0.0005658291398155,1.813189751911133e-05,0.0006386014186339,0,,,,,
ACOLITE+T-Mart,20260430_ZRH,3,5,560,27,8.64,6.885,10.015,1.16,12.55,27,8.64,6.885,10.015,1.16,12.55,27,0.0005220094462754,0.00040413803664519996,0.00057794898693235,8.268637324166262e-05,0.0007216362549645,27,0.0005220094462754,0.00040413803664519996,0.00057794898693235,8.268637324166262e-05,0.0007216362549645,0,,,,,
ACOLITE,20260430_ZRH,3,6,560,27,10.08,8.21,11.79,1.83,15.03,27,10.08,8.21,11.79,1.83,15.03,27,0.0005836652085978,0.0004812425725842,0.0006802374968612999,0.0001211916621942,0.0008496409047911,27,0.0005836652085978,0.0004812425725842,0.0006802374968612999,0.0001211916621942,0.0008496409047911,0,,,,,
Polymer,20260430_ZRH,3,7,560,27,13.49,11.39,16.185000000000002,8.97,19.94,27,13.49,11.39,16.185000000000002,8.97,19.94,27,0.0007919949670941,0.0006835720668267,0.0009899901464661002,0.0005219965344664,0.0012537835893657,27,0.0007919949670941,0.0006835720668267,0.0009899901464661002,0.0005219965344664,0.0012537835893657,0,,,,,
GAAC,20260430_ZRH,3,8,560,27,22.91,20.47,25.240000000000002,16.75,31.11,27,-22.91,-25.240000000000002,-20.47,-31.11,-16.75,27,0.0010882065740986,0.0010258711765926002,0.00119609212231,0.0008024974827842,0.0016392307733962,27,0.0010882065740986,0.0010258711765926002,0.00119609212231,0.0008024974827842,0.0016392307733962,0,,,,,
C2RCC+T-Mart,20260430_ZRH,3,9,560,27,31.56,29.475,33.045,22.54,36.66,27,-31.56,-33.045,-29.475,-36.66,-22.54,27,0.0013942465359383,0.0012997920586474499,0.0014932745935562499,0.0011565101274524,0.0017198325948077,27,0.0013942465359383,0.0012997920586474499,0.0014932745935562499,0.0011565101274524,0.0017198325948077,0,,,,,
C2RCC+RAdCor,20260430_ZRH,3,10,560,27,36.06,34.685,40.519999999999996,26.3,45.78,27,-36.06,-40.519999999999996,-34.685,-45.78,-26.3,27,0.0015643522936777,0.0014711042324740999,0.0016505168663572,0.0013091826423532,0.0021494924469178,27,0.0015643522936777,0.0014711042324740999,0.0016505168663572,0.0013091826423532,0.0021494924469178,0,,,,,
C2RCC,20260430_ZRH,3,11,560,27,38.54,33.795,41.14,29.88,48.59,27,-38.54,-41.14,-33.795,-48.59,-29.88,27,0.0016094056706266,0.0014826827332329998,0.0017081863537895502,0.0012874768152715,0.0022471667767625,27,0.0016094056706266,0.0014826827332329998,0.0017081863537895502,0.0012874768152715,0.0022471667767625,0,,,,,
ACOLITE+RAdCor,20260430_ZRH,3,1,665,27,5.93,2.995,9.705,0.6,40.89,27,2.91,-2.995,8.35,-17.51,40.89,27,9.890752154135704e-05,4.9208952087700366e-05,0.000157787822283,9.395077388524992e-06,0.0005676144736355,27,9.890752154135704e-05,4.9208952087700366e-05,0.000157787822283,9.395077388524992e-06,0.0005676144736355,0,,,,,
GAAC,20260430_ZRH,3,2,665,27,9.28,3.865,14.665,0.41,20.19,27,-9.28,-14.665,-3.375,-20.19,3.57,27,0.0001303588879046,5.345117221997877e-05,0.00022462962166304998,6.184697941222618e-06,0.0003374198529323,27,0.0001303588879046,5.345117221997877e-05,0.00022462962166304998,6.184697941222618e-06,0.0003374198529323,0,,,,,
C2RCC+T-Mart,20260430_ZRH,3,3,665,27,13.71,8.51,16.93,0.89,25.04,27,-13.71,-16.93,-8.51,-25.04,2.19,27,0.0001812051308584,0.00011987328662865,0.00022977245263299998,1.3529450788932413e-05,0.0004022827858882,27,0.0001812051308584,0.00011987328662865,0.00022977245263299998,1.3529450788932413e-05,0.0004022827858882,0,,,,,
Polymer+Radcor,20260430_ZRH,3,4,665,27,22.98,9.165,33.425,0.43,46.51,27,22.98,9.165,33.425,0.43,46.51,27,0.0003490123450476,0.0001386363012435,0.0005515503156474999,6.570852620177382e-06,0.0007670012764385,27,0.0003490123450476,0.0001386363012435,0.0005515503156474999,6.570852620177382e-06,0.0007670012764385,0,,,,,
Polymer+T-Mart,20260430_ZRH,3,5,665,27,23.51,6.555,35.765,0.98,53.41,27,23.51,6.555,35.765,-5.83,53.41,27,0.0003674722356559,9.769013846870243e-05,0.0005933875221817,1.3573438267423236e-05,0.0008808811924107,27,0.0003674722356559,9.769013846870243e-05,0.0005933875221817,1.3573438267423236e-05,0.0008808811924107,0,,,,,
Polymer,20260430_ZRH,3,6,665,27,25.22,14.274999999999999,33.33,6.64,47.18,27,25.22,14.274999999999999,33.33,6.64,47.18,27,0.0004139209311776,0.00020970047153695,0.00055228129046405,0.0001023725563067,0.0007780413404524,27,0.0004139209311776,0.00020970047153695,0.00055228129046405,0.0001023725563067,0.0007780413404524,0,,,,,
ACOLITE,20260430_ZRH,3,7,665,27,26.03,21.009999999999998,31.515,12.38,45.63,27,26.03,21.009999999999998,31.515,12.38,45.63,27,0.0003973688680878,0.00033152383347054997,0.00052221669992185,0.0002486509964828,0.0006464707865585,27,0.0003973688680878,0.00033152383347054997,0.00052221669992185,0.0002486509964828,0.0006464707865585,0,,,,,
RAdCor+ACOLITE,20260430_ZRH,3,8,665,27,27.82,19.97,35.04,4.38,47.07,27,27.82,19.97,35.04,4.38,47.07,27,0.000421779210783,0.0003377780347505,0.00055459738874575,8.061358038085708e-05,0.0006735587693024,27,0.000421779210783,0.0003377780347505,0.00055459738874575,8.061358038085708e-05,0.0006735587693024,0,,,,,
ACOLITE+T-Mart,20260430_ZRH,3,9,665,27,32.88,27.47,38.41,14.43,49.98,27,32.88,27.47,38.41,14.43,49.98,27,0.0005027453786678,0.00044205765697849996,0.0005827780979061499,0.0002898953151916,0.0006939008834308,27,0.0005027453786678,0.00044205765697849996,0.0005827780979061499,0.0002898953151916,0.0006939008834308,0,,,,,
C2RCC+RAdCor,20260430_ZRH,3,10,665,27,62.03,52.57,67.455,34.38,76.0,27,-62.03,-67.455,-52.57,-76.0,-34.38,27,0.0005730338812689,0.0005317743729212499,0.00063541282162365,0.0004219679795076,0.000863775974921,27,0.0005730338812689,0.0005317743729212499,0.00063541282162365,0.0004219679795076,0.000863775974921,0,,,,,
C2RCC,20260430_ZRH,3,11,665,27,75.25,68.67500000000001,79.145,58.13,91.2,27,-75.25,-79.145,-68.67500000000001,-91.2,-58.13,27,0.0006597696809622,0.0006274103996976,0.00070248780550255,0.0005447664806022,0.0009034333161156,27,0.0006597696809622,0.0006274103996976,0.00070248780550255,0.0005447664806022,0.0009034333161156,0,,,,,
ACOLITE+RAdCor,20260430_ZRH,3,1,overall,27,13.67,10.085,16.52,4.69,38.96,27,7.3,2.775,15.695,-16.52,38.96,27,0.00049,0.000365,0.000535,0.00021,0.00078,27,0.00055,0.00045,0.00063,0.00027,0.00093,27,8.455143910433781,5.712202559437824,9.6412354219418,0.9520390730384912,13.971868155666057
Polymer+T-Mart,20260430_ZRH,3,2,overall,27,21.54,14.83,36.44,5.67,53.82,27,20.68,12.545,36.44,-0.82,53.82,27,0.0005,0.00038500000000000003,0.0007099999999999999,0.0002,0.00107,27,0.00059,0.000435,0.000845,0.00024,0.00112,27,6.715205631157365,5.017541186618427,9.185681123491642,3.576997348670349,11.937693810998068
Polymer+Radcor,20260430_ZRH,3,3,overall,27,27.85,21.625,41.75,6.64,55.52,27,27.85,21.625,41.75,6.64,55.52,27,0.00075,0.000595,0.0009350000000000001,0.00023,0.00124,27,0.00088,0.000725,0.0011099999999999999,0.00033,0.00133,27,8.034382618636478,5.942782526698837,10.137293116167978,3.811156386694111,12.735536711427264
ACOLITE,20260430_ZRH,3,4,overall,27,31.38,24.8,37.03,6.88,45.17,27,31.38,24.8,37.03,6.88,45.17,27,0.00088,0.00071,0.0010500000000000002,0.00023,0.00121,27,0.00097,0.00078,0.00118,0.00024,0.00132,27,8.483604134002055,6.017129349402559,10.314817282563538,1.9751024809140785,13.802740747470798
RAdCor+ACOLITE,20260430_ZRH,3,5,overall,27,34.07,26.855,41.394999999999996,6.52,50.12,27,34.07,26.855,41.394999999999996,6.52,50.12,27,0.00101,0.00082,0.001155,0.00027,0.00132,27,0.00116,0.00094,0.001315,0.00032,0.00153,27,11.09658060453612,7.717970201316958,12.268300919468313,2.7141186164472013,15.54201830054008
Polymer,20260430_ZRH,3,6,overall,27,37.16,29.825000000000003,49.94499999999999,17.05,64.47,27,37.16,29.825000000000003,49.94499999999999,17.05,64.47,27,0.00107,0.00093,0.00129,0.00057,0.00153,27,0.00121,0.00104,0.001435,0.00064,0.00164,27,8.645676163902241,6.717595684593632,11.078419639668358,3.867811377799359,13.599081796312454
ACOLITE+T-Mart,20260430_ZRH,3,7,overall,27,41.15,34.59,45.06,16.36,53.83,27,41.15,34.59,45.06,16.36,53.83,27,0.00113,0.00096,0.001275,0.00046,0.00143,27,0.00131,0.00112,0.00149,0.00053,0.0017,27,12.2783903294003,9.223115307246033,13.947631791872908,4.623701742279761,17.539567691707028
C2RCC+T-Mart,20260430_ZRH,3,8,overall,27,42.35,33.91,48.485,25.81,56.83,27,-42.35,-48.485,-33.91,-56.83,-25.81,27,0.00092,0.00075,0.001075,0.00054,0.00139,27,0.00102,0.000865,0.001185,0.00071,0.00157,27,6.193874402263019,4.03228848150928,8.175287115435157,2.7653273576060275,12.816586559498514
GAAC,20260430_ZRH,3,9,overall,27,47.4,41.19,54.68,20.37,74.64,27,-47.4,-54.68,-41.19,-74.64,-20.37,27,0.00093,0.000845,0.001105,0.00056,0.00163,27,0.00104,0.00096,0.001245,0.00063,0.00186,27,9.718402529116185,8.884833914853088,13.21829038200795,4.686681594998916,18.67953974816461
C2RCC+RAdCor,20260430_ZRH,3,10,overall,27,53.93,41.605000000000004,62.32,33.35,79.13,27,-53.93,-62.32,-41.605000000000004,-79.13,-33.35,27,0.00105,0.0008799999999999999,0.00125,0.00071,0.00163,27,0.0011,0.000955,0.001315,0.00083,0.0017,27,4.424829922785352,3.2799609693120546,6.844563987023079,1.2291116540531926,11.710551806017518
C2RCC,20260430_ZRH,3,11,overall,27,57.85,47.769999999999996,68.005,29.7,87.4,27,-57.85,-68.005,-47.769999999999996,-87.4,-29.7,27,0.00106,0.0009350000000000001,0.00126,0.00064,0.00176,27,0.00111,0.001,0.001315,0.00075,0.00183,27,5.577731170308645,4.344327513293555,7.858072932361974,2.689752503351984,12.596004135554848
ACOLITE+RAdCor,20260430_ZRH,5,1,443,25,35.57,15.29,55.26,0.04,100.45,25,32.11,11.6,53.03,-85.15,100.45,25,0.0007349234437774,0.000402023921362,0.0011856712568234,1.2256086276770002e-06,0.002222536304511,25,0.0007349234437774,0.000402023921362,0.0011856712568234,1.2256086276770002e-06,0.002222536304511,0,,,,,
Polymer+T-Mart,20260430_ZRH,5,2,443,25,36.23,14.09,45.93,4.04,56.66,25,33.8,13.31,42.85,-49.72,56.66,25,0.0007951522967892,0.0003651153513723,0.000914602573637,0.0001175566835662,0.0015946082425098,25,0.0007951522967892,0.0003651153513723,0.000914602573637,0.0001175566835662,0.0015946082425098,0,,,,,
Polymer+Radcor,20260430_ZRH,5,3,443,25,50.89,27.6,62.02,16.06,74.33,25,50.89,26.98,62.02,-36.4,74.33,25,0.0011275551328457,0.0007400871042715,0.0012667713135473,0.0004479648127863,0.0013671927558866,25,0.0011275551328457,0.0007400871042715,0.0012667713135473,0.0004479648127863,0.0013671927558866,0,,,,,
ACOLITE,20260430_ZRH,5,4,443,25,68.18,43.46,86.2,18.69,110.17,25,68.18,37.07,86.2,-45.09,110.17,25,0.0014902316493306,0.0010995204181865,0.0017871796786468,0.0005346518741116,0.0024375847405865,25,0.0014902316493306,0.0010995204181865,0.0017871796786468,0.0005346518741116,0.0024375847405865,0,,,,,
Polymer,20260430_ZRH,5,5,443,25,68.21,40.09,78.59,22.38,95.49,25,68.21,40.09,78.59,-22.38,95.49,25,0.0014932542492526,0.0010623192909483,0.0016163616815198,0.0008232302471114,0.0017564880439476,25,0.0014932542492526,0.0010623192909483,0.0016163616815198,0.0008232302471114,0.0017564880439476,0,,,,,
RAdCor+ACOLITE,20260430_ZRH,5,6,443,25,81.1,53.32,111.7,28.68,138.08,25,81.1,53.32,111.7,-35.88,138.08,25,0.0017799811924686,0.0014023391051356,0.0022357168899712,0.0008334760354027,0.0030552197112812,25,0.0017799811924686,0.0014023391051356,0.0022357168899712,0.0008334760354027,0.0030552197112812,0,,,,,
C2RCC+T-Mart,20260430_ZRH,5,7,443,25,82.22,59.33,106.62,45.48,247.95,25,-82.22,-106.62,-59.33,-247.95,-45.48,25,0.0010347267375019,0.0007380286925301,0.0013467823554237,0.0005750689181629,0.0034216387852124,25,0.0010347267375019,0.0007380286925301,0.0013467823554237,0.0005750689181629,0.0034216387852124,0,,,,,
ACOLITE+T-Mart,20260430_ZRH,5,8,443,25,93.43,58.94,114.95,28.56,139.21,25,93.43,58.94,114.95,-28.56,139.21,25,0.0019707421952381,0.001550117180324,0.0024487101726686,0.0009609494158194,0.0030592132224812,25,0.0019707421952381,0.001550117180324,0.0024487101726686,0.0009609494158194,0.0030592132224812,0,,,,,
C2RCC,20260430_ZRH,5,9,443,25,93.86,56.77,121.19,43.69,271.22,25,-93.86,-121.19,-56.77,-271.22,-43.69,25,0.0012596866005745,0.0007234362359449,0.00147278636034,0.0006041577653112,0.003508154959373,25,0.0012596866005745,0.0007234362359449,0.00147278636034,0.0006041577653112,0.003508154959373,0,,,,,
C2RCC+RAdCor,20260430_ZRH,5,10,443,25,100.48,60.6,115.5,54.0,244.95,25,-100.48,-115.5,-60.6,-244.95,-54.0,25,0.0011873520428703,0.0007915830627833,0.001409574516726,0.0006450132124476,0.0034096675743155,25,0.0011873520428703,0.0007915830627833,0.001409574516726,0.0006450132124476,0.0034096675743155,0,,,,,
GAAC,20260430_ZRH,5,11,443,25,120.03,95.83,134.06,69.69,388.03,25,-120.03,-134.06,-95.83,-388.03,-69.69,25,0.0012485933302731,0.0010194243733725,0.0015433297045329,0.0008817530830351,0.0038177519598023,25,0.0012485933302731,0.0010194243733725,0.0015433297045329,0.0008817530830351,0.0038177519598023,0,,,,,
ACOLITE+RAdCor,20260430_ZRH,5,1,490,25,13.78,6.17,24.2,0.24,159.64,25,8.32,-1.31,24.16,-159.64,55.68,25,0.0004016621743623,0.0002048402071771,0.0007065999261924,6.993584841370488e-06,0.0052798557505102,25,0.0004016621743623,0.0002048402071771,0.0007065999261924,6.993584841370488e-06,0.0052798557505102,0,,,,,
Polymer+T-Mart,20260430_ZRH,5,2,490,25,29.84,22.84,35.53,16.03,90.41,25,28.44,22.55,35.52,-90.41,42.29,25,0.0009340993348129,0.0007598536028396,0.0010812140121247,0.000575533030529,0.0040774550109268,25,0.0009340993348129,0.0007598536028396,0.0010812140121247,0.000575533030529,0.0040774550109268,0,,,,,
ACOLITE,20260430_ZRH,5,3,490,25,32.48,21.24,48.65,3.28,127.63,25,31.83,20.14,44.26,-127.63,66.26,25,0.0010099671039404,0.0007053034422396,0.0014123324828555,0.0001201714661961,0.0048148545380772,25,0.0010099671039404,0.0007053034422396,0.0014123324828555,0.0001201714661961,0.0048148545380772,0,,,,,
RAdCor+ACOLITE,20260430_ZRH,5,4,490,25,41.2,27.13,56.84,9.07,116.02,25,41.06,26.6,52.11,-116.02,77.26,25,0.0013179315890882,0.0009156120073006,0.0016623741421737,0.0003317779668664,0.0046121328547687,25,0.0013179315890882,0.0009156120073006,0.0016623741421737,0.0003317779668664,0.0046121328547687,0,,,,,
C2RCC,20260430_ZRH,5,5,490,25,44.12,28.09,54.14,23.05,238.15,25,-44.12,-54.14,-28.09,-238.15,-23.05,25,0.0010624047846665,0.0006193065800194,0.0012106404091269,0.0005546025308814,0.006047819326376,25,0.0010624047846665,0.0006193065800194,0.0012106404091269,0.0005546025308814,0.006047819326376,0,,,,,
Polymer+Radcor,20260430_ZRH,5,6,490,25,44.93,35.48,50.75,27.16,76.08,25,42.24,34.37,50.39,-76.08,57.55,25,0.0013683716732969,0.0011982433029651,0.0015027973376964,0.0009655565906392,0.0037103305643436,25,0.0013683716732969,0.0011982433029651,0.0015027973376964,0.0009655565906392,0.0037103305643436,0,,,,,
ACOLITE+T-Mart,20260430_ZRH,5,7,490,25,45.4,31.61,61.63,13.32,107.05,25,43.19,30.97,58.44,-107.05,77.86,25,0.0014118071835162,0.0010708251702976,0.0018025428462662,0.0004875067428743,0.0044399252571256,25,0.0014118071835162,0.0010708251702976,0.0018025428462662,0.0004875067428743,0.0044399252571256,0,,,,,
C2RCC+T-Mart,20260430_ZRH,5,8,490,25,53.28,44.18,64.81,37.06,263.72,25,-53.28,-64.81,-44.18,-263.72,-37.06,25,0.0010975000945487,0.000897117478888,0.0013272464532494,0.000762392014363,0.0062263347987809,25,0.0010975000945487,0.000897117478888,0.0013272464532494,0.000762392014363,0.0062263347987809,0,,,,,
C2RCC+RAdCor,20260430_ZRH,5,9,490,25,54.53,39.58,62.73,32.32,242.31,25,-54.53,-62.73,-39.58,-242.31,-32.32,25,0.001132742541129,0.0008478323168526,0.0013175042451442,0.000711767415022,0.006078679982747,25,0.001132742541129,0.0008478323168526,0.0013175042451442,0.000711767415022,0.006078679982747,0,,,,,
Polymer,20260430_ZRH,5,10,490,25,59.92,48.7,65.48,41.09,73.36,25,59.92,48.19,65.48,-59.9,73.36,25,0.0018895458234428,0.0016900600400675,0.0019671271748465,0.001467997644183,0.003217047128415,25,0.0018895458234428,0.0016900600400675,0.0019671271748465,0.001467997644183,0.003217047128415,0,,,,,
GAAC,20260430_ZRH,5,11,490,25,73.12,66.17,91.06,41.14,425.36,25,-73.12,-91.06,-66.17,-425.36,-41.14,25,0.0013134181752063,0.0011604748249161,0.0015788511752063,0.0009562826560231,0.0069527338658135,25,0.0013134181752063,0.0011604748249161,0.0015788511752063,0.0009562826560231,0.0069527338658135,0,,,,,
Polymer+T-Mart,20260430_ZRH,5,1,560,25,2.93,1.59,4.63,0.06,166.92,25,0.06,-2.33,3.52,-166.92,7.74,25,0.0001749291654845,8.87135551228789e-05,0.000272841848424,3.442357178821444e-06,0.0118901464883193,25,0.0001749291654845,8.87135551228789e-05,0.000272841848424,3.442357178821444e-06,0.0118901464883193,0,,,,,
Polymer+Radcor,20260430_ZRH,5,2,560,25,6.02,4.33,10.72,0.44,166.11,25,5.28,2.66,10.71,-166.11,13.12,25,0.0004063351828406,0.0002694991486814,0.0006329052941982,2.676329744055305e-05,0.0118682560877685,25,0.0004063351828406,0.0002694991486814,0.0006329052941982,2.676329744055305e-05,0.0118682560877685,0,,,,,
ACOLITE+T-Mart,20260430_ZRH,5,3,560,25,6.87,4.41,11.57,0.57,182.36,25,6.33,2.57,11.17,-182.36,19.81,25,0.0003971689307687,0.0002700734203662,0.0006510306948189,3.560495847082165e-05,0.012279627988305,25,0.0003971689307687,0.0002700734203662,0.0006510306948189,3.560495847082165e-05,0.012279627988305,0,,,,,
ACOLITE,20260430_ZRH,5,4,560,25,7.14,5.83,12.67,0.85,181.56,25,7.13,4.19,12.51,-181.56,20.4,25,0.0004299797523722,0.0003676971722185,0.0007205525130205,5.351609266185733e-05,0.0122603267936074,25,0.0004299797523722,0.0003676971722185,0.0007205525130205,5.351609266185733e-05,0.0122603267936074,0,,,,,
RAdCor+ACOLITE,20260430_ZRH,5,5,560,25,7.66,5.13,11.95,0.94,192.24,25,7.07,4.01,11.87,-192.24,22.31,25,0.0004828637616171,0.0003030475530564,0.0007042272207353,5.889687040066746e-05,0.0125072734935247,25,0.0004828637616171,0.0003030475530564,0.0007042272207353,5.889687040066746e-05,0.0125072734935247,0,,,,,
ACOLITE+RAdCor,20260430_ZRH,5,6,560,25,11.58,7.13,16.5,1.52,176.77,25,-11.58,-16.5,-7.13,-176.77,3.2,25,0.000637835575731,0.0003745994663472,0.0008539595845479,8.417387236618959e-05,0.0121436269527339,25,0.000637835575731,0.0003745994663472,0.0008539595845479,8.417387236618959e-05,0.0121436269527339,0,,,,,
Polymer,20260430_ZRH,5,7,560,25,14.6,11.64,17.58,5.33,145.38,25,14.43,11.59,16.48,-145.38,21.41,25,0.0008817132011353,0.000713257792685,0.0010344195085919,0.0003257948956536,0.0112647258688267,25,0.0008817132011353,0.000713257792685,0.0010344195085919,0.0003257948956536,0.0112647258688267,0,,,,,
GAAC,20260430_ZRH,5,8,560,25,25.03,21.99,26.88,14.2,256.91,25,-25.03,-26.88,-21.99,-256.91,-14.2,25,0.0011349896251698,0.001062125929329,0.0013157711154241,0.0006897373597711,0.0136859846480155,25,0.0011349896251698,0.001062125929329,0.0013157711154241,0.0006897373597711,0.0136859846480155,0,,,,,
C2RCC+T-Mart,20260430_ZRH,5,9,560,25,33.02,29.59,36.12,23.77,272.45,25,-33.02,-36.12,-29.59,-272.45,-23.77,25,0.0014666176057012,0.0013188534276901,0.0016261187191118,0.0010923924267009,0.0139082492014596,25,0.0014666176057012,0.0013188534276901,0.0016261187191118,0.0010923924267009,0.0139082492014596,0,,,,,
C2RCC,20260430_ZRH,5,10,560,25,38.29,35.18,42.82,30.26,285.18,25,-38.29,-42.82,-35.18,-285.18,-30.26,25,0.0016187205194477,0.0015340012875269,0.0018764087361157,0.0013269943059378,0.0140770586311729,25,0.0016187205194477,0.0015340012875269,0.0018764087361157,0.0013269943059378,0.0140770586311729,0,,,,,
C2RCC+RAdCor,20260430_ZRH,5,11,560,25,38.75,35.18,41.84,27.08,280.22,25,-38.75,-41.84,-35.18,-280.22,-27.08,25,0.0016371879948702,0.0015128999948702,0.0018656953591012,0.0011818945852545,0.0140126117646449,25,0.0016371879948702,0.0015128999948702,0.0018656953591012,0.0011818945852545,0.0140126117646449,0,,,,,
C2RCC+T-Mart,20260430_ZRH,5,1,665,25,13.15,4.8,23.93,0.51,346.56,25,-13.15,-23.93,-4.8,-346.56,1.62,25,0.0001964797524356,6.754413677957302e-05,0.0003337690159809,8.003794605566592e-06,0.0054694022332351,25,0.0001964797524356,6.754413677957302e-05,0.0003337690159809,8.003794605566592e-06,0.0054694022332351,0,,,,,
ACOLITE+RAdCor,20260430_ZRH,5,2,665,25,16.56,9.39,29.3,0.76,277.14,25,-6.85,-20.77,9.39,-277.14,41.71,25,0.0002402251369071,0.0001305859605599,0.0003967979258303,1.1249439294636326e-05,0.0051788817707962,25,0.0002402251369071,0.0001305859605599,0.0003967979258303,1.1249439294636326e-05,0.0051788817707962,0,,,,,
GAAC,20260430_ZRH,5,3,665,25,17.45,10.2,23.65,0.41,392.94,25,-15.76,-23.65,-2.24,-392.94,19.54,25,0.0002309804532952,0.0001372475587926,0.0003182131870079,5.866190397001972e-06,0.0056179028187873,25,0.0002309804532952,0.0001372475587926,0.0003182131870079,5.866190397001972e-06,0.0056179028187873,0,,,,,
ACOLITE,20260430_ZRH,5,4,665,25,21.21,13.93,39.02,0.09,294.35,25,19.75,11.12,37.05,-294.35,62.94,25,0.0003317891714858,0.0002237766911458,0.0006077129342243,1.5307396360039402e-06,0.0052604623687035,25,0.0003317891714858,0.0002237766911458,0.0006077129342243,1.5307396360039402e-06,0.0052604623687035,0,,,,,
Polymer+Radcor,20260430_ZRH,5,5,665,25,23.73,14.92,30.66,2.41,210.16,25,23.49,11.45,29.04,-210.16,37.59,25,0.0004118707043131,0.00025786217744,0.0004636780955393,4.085200894396934e-05,0.0047753733418119,25,0.0004118707043131,0.00025786217744,0.0004636780955393,4.085200894396934e-05,0.0047753733418119,0,,,,,
RAdCor+ACOLITE,20260430_ZRH,5,6,665,25,24.31,17.75,39.6,2.83,300.88,25,23.71,15.02,37.26,-300.88,67.69,25,0.0003803280742602,0.0002701723896675,0.0005820318475091,4.890935736817127e-05,0.0052895566531038,25,0.0003803280742602,0.0002701723896675,0.0005820318475091,4.890935736817127e-05,0.0052895566531038,0,,,,,
Polymer,20260430_ZRH,5,7,665,25,26.85,15.52,33.44,4.92,194.05,25,25.46,14.75,33.4,-194.05,37.9,25,0.0004461489750872,0.0002740330766191,0.0005136309666802,8.3209261070261e-05,0.004650870465826,25,0.0004461489750872,0.0002740330766191,0.0005136309666802,8.3209261070261e-05,0.004650870465826,0,,,,,
ACOLITE+T-Mart,20260430_ZRH,5,8,665,25,26.9,18.78,44.34,0.18,262.66,25,26.36,15.17,44.31,-262.66,65.01,25,0.0004109216715904,0.0002969260680678,0.0006900306739494,3.2885586344004025e-06,0.0051042815520009,25,0.0004109216715904,0.0002969260680678,0.0006900306739494,3.2885586344004025e-06,0.0051042815520009,0,,,,,
Polymer+T-Mart,20260430_ZRH,5,9,665,25,27.34,14.61,32.2,2.32,186.15,25,26.5,13.91,31.94,-186.15,37.72,25,0.0004331060276931,0.0002454504839928,0.0005184917375093,3.9310917867566974e-05,0.0045846961899103,25,0.0004331060276931,0.0002454504839928,0.0005184917375093,3.9310917867566974e-05,0.0045846961899103,0,,,,,
C2RCC+RAdCor,20260430_ZRH,5,10,665,25,55.98,51.11,71.23,39.78,553.24,25,-55.98,-71.23,-51.11,-553.24,-39.78,25,0.0005872446573211,0.0005301834489983,0.0007186489489791,0.0004217854874692,0.005968722634433,25,0.0005872446573211,0.0005301834489983,0.0007186489489791,0.0004217854874692,0.005968722634433,0,,,,,
C2RCC,20260430_ZRH,5,11,665,25,77.65,69.41,90.1,34.61,601.52,25,-77.65,-90.1,-69.41,-601.52,-34.61,25,0.0006852154195194,0.0005948945493271,0.0007839021695484,0.0003944203500863,0.0060429808572247,25,0.0006852154195194,0.0005948945493271,0.0007839021695484,0.0003944203500863,0.0060429808572247,0,,,,,
ACOLITE+RAdCor,20260430_ZRH,5,1,overall,25,15.87,13.31,22.7,8.3,168.07,25,1.91,-8.3,15.87,-168.07,48.53,25,0.00054,0.0004,0.00064,0.00026,0.0062,25,0.00063,0.0005,0.00081,0.00032,0.00719,25,8.247233431990544,5.69833395208671,9.940806315881696,2.388260655295405,15.000941910200565
Polymer+T-Mart,20260430_ZRH,5,2,overall,25,24.07,15.55,34.92,7.57,125.45,25,21.93,13.44,34.79,-125.45,37.78,25,0.00052,0.00043,0.00066,0.00025,0.00554,25,0.00063,0.00051,0.00074,0.00032,0.00674,25,7.7263131944634065,5.966681651634082,8.163179259964705,3.3079291509836914,10.928275637469124
ACOLITE,20260430_ZRH,5,3,overall,25,26.72,17.0,40.68,5.85,153.16,25,26.67,16.07,39.59,-153.16,64.59,25,0.00083,0.00057,0.00113,0.00024,0.00596,25,0.00095,0.00067,0.00126,0.0003,0.00713,25,9.205580127534407,7.163369849733891,10.703945569684349,3.6584892147923775,12.476225475445093
Polymer+Radcor,20260430_ZRH,5,4,overall,25,30.88,22.49,41.99,14.4,116.46,25,27.85,21.02,39.57,-116.46,44.02,25,0.0007,0.00064,0.00095,0.00049,0.00541,25,0.00096,0.00076,0.00106,0.0006,0.00669,25,8.863301527359255,7.023105903103022,9.38010758607041,3.365499707802336,13.506217878220273
RAdCor+ACOLITE,20260430_ZRH,5,5,overall,25,34.47,21.01,46.14,8.07,151.26,25,32.49,20.92,45.48,-151.26,72.41,25,0.00099,0.00073,0.00126,0.00039,0.00592,25,0.00115,0.00087,0.00146,0.00047,0.0072,25,11.578774637759254,9.221218182353466,12.984047528558175,4.9799027006925,14.66606771977107
ACOLITE+T-Mart,20260430_ZRH,5,6,overall,25,35.5,24.71,50.86,7.84,141.79,25,35.08,23.11,49.13,-141.79,71.32,25,0.00106,0.00081,0.0014,0.00041,0.00572,25,0.00127,0.00097,0.00159,0.00055,0.00703,25,12.533878086361748,10.003015553318743,14.562848352035704,6.582733941174131,15.440124519293178
Polymer,20260430_ZRH,5,7,overall,25,40.35,29.47,48.3,21.35,98.08,25,37.74,28.39,47.23,-98.08,53.21,25,0.00117,0.00097,0.00124,0.00082,0.005,25,0.00131,0.00109,0.00139,0.00093,0.00632,25,9.77750182903906,7.97134654275022,10.298873222814835,4.293587375082569,14.20670733316311
C2RCC+T-Mart,20260430_ZRH,5,8,overall,25,44.18,37.03,48.89,30.25,268.06,25,-44.18,-48.89,-37.03,-268.06,-30.25,25,0.00098,0.00076,0.00115,0.00065,0.00726,25,0.00105,0.00092,0.00125,0.00075,0.00827,25,5.534569546213536,4.803406553582668,7.483904332272677,3.1179102406463963,9.60773985370591
GAAC,20260430_ZRH,5,9,overall,25,47.64,43.36,56.53,31.52,390.48,25,-47.64,-56.53,-43.36,-390.48,-30.29,25,0.00094,0.00087,0.00121,0.00068,0.00752,25,0.00106,0.00099,0.00135,0.00076,0.00839,25,10.024618388283557,8.94967280036341,11.505046383305825,6.0957154771809146,14.236257786097807
C2RCC+RAdCor,20260430_ZRH,5,10,overall,25,58.4,44.91,67.79,37.12,262.16,25,-58.4,-67.79,-44.91,-262.16,-37.12,25,0.00116,0.00091,0.00127,0.00077,0.00737,25,0.00123,0.00098,0.00133,0.00084,0.00837,25,5.505055983017897,2.963991532281798,7.369748439848584,1.8487829109809064,8.9124443250698
C2RCC,20260430_ZRH,5,11,overall,25,61.62,46.12,68.22,40.12,278.14,25,-61.62,-68.22,-46.12,-278.14,-40.12,25,0.00121,0.00089,0.0013,0.0008,0.00742,25,0.00127,0.00096,0.00136,0.00086,0.00842,25,6.228120083020152,3.828315200511833,7.32384134449682,3.53195220062125,12.053930882055528
